file,filename,codigo_entidad,nombre_entidad,filas,tiene_total_general,status,error
data\raw\sigep_2026\categoria_programatica_grupo_gasto_total_gastos\2026_1101_Gobierno_Autónomo_Municipal_de_Sucre_categoria_programatica_grupo_gasto_total_gastos.pdf,2026_1101_Gobierno_Autónomo_Municipal_de_Sucre_categoria_programatica_grupo_gasto_total_gastos.pdf,1101,Gobierno Autónomo Municipal de Sucre,39,True,ok,
data\raw\sigep_2026\categoria_programatica_grupo_gasto_total_gastos\2026_1102_Gobierno_Autónomo_Municipal_de_Yotala_categoria_programatica_grupo_gasto_total_gastos.pdf,2026_1102_Gobierno_Autónomo_Municipal_de_Yotala_categoria_programatica_grupo_gasto_total_gastos.pdf,1102,Gobierno Autónomo Municipal de Yotala,109,True,ok,
data\raw\sigep_2026\categoria_programatica_grupo_gasto_total_gastos\2026_1103_Gobierno_Autónomo_Municipal_de_Poroma_categoria_programatica_grupo_gasto_total_gastos.pdf,2026_1103_Gobierno_Autónomo_Municipal_de_Poroma_categoria_programatica_grupo_gasto_total_gastos.pdf,1103,Gobierno Autónomo Municipal de Poroma,114,True,ok,
data\raw\sigep_2026\categoria_programatica_grupo_gasto_total_gastos\2026_1104_Gobierno_Autónomo_Municipal_de_Villa_Azurduy_categoria_programatica_grupo_gasto_total_gastos.pdf,2026_1104_Gobierno_Autónomo_Municipal_de_Villa_Azurduy_categoria_programatica_grupo_gasto_total_gastos.pdf,1104,Gobierno Autónomo Municipal de Villa Azurduy,97,True,ok,
data\raw\sigep_2026\categoria_programatica_grupo_gasto_total_gastos\2026_1105_Gobierno_Autónomo_Municipal_de_Tarvita_Villa_Orías_categoria_programatica_grupo_gasto_total_gastos.pdf,2026_1105_Gobierno_Autónomo_Municipal_de_Tarvita_Villa_Orías_categoria_programatica_grupo_gasto_total_gastos.pdf,1105,Gobierno Autónomo Municipal de Tarvita (Villa Orías),90,True,ok,
data\raw\sigep_2026\categoria_programatica_grupo_gasto_total_gastos\2026_1106_Gobierno_Autónomo_Municipal_de_Villa_Zudañez_Tacopaya_categoria_programatica_grupo_gasto_total_gastos.pdf,2026_1106_Gobierno_Autónomo_Municipal_de_Villa_Zudañez_Tacopaya_categoria_programatica_grupo_gasto_total_gastos.pdf,1106,Gobierno Autónomo Municipal de Villa Zudañez (Tacopaya),121,True,ok,
data\raw\sigep_2026\categoria_programatica_grupo_gasto_total_gastos\2026_1107_Gobierno_Autónomo_Municipal_de_Presto_categoria_programatica_grupo_gasto_total_gastos.pdf,2026_1107_Gobierno_Autónomo_Municipal_de_Presto_categoria_programatica_grupo_gasto_total_gastos.pdf,1107,Gobierno Autónomo Municipal de Presto,91,True,ok,
data\raw\sigep_2026\categoria_programatica_grupo_gasto_total_gastos\2026_1108_Gobierno_Autónomo_Municipal_de_Villa_Mojocoya_categoria_programatica_grupo_gasto_total_gastos.pdf,2026_1108_Gobierno_Autónomo_Municipal_de_Villa_Mojocoya_categoria_programatica_grupo_gasto_total_gastos.pdf,1108,Gobierno Autónomo Municipal de Villa Mojocoya,116,True,ok,
data\raw\sigep_2026\categoria_programatica_grupo_gasto_total_gastos\2026_1109_Gobierno_Autónomo_Municipal_de_Icla_categoria_programatica_grupo_gasto_total_gastos.pdf,2026_1109_Gobierno_Autónomo_Municipal_de_Icla_categoria_programatica_grupo_gasto_total_gastos.pdf,1109,Gobierno Autónomo Municipal de Icla,88,True,ok,
data\raw\sigep_2026\categoria_programatica_grupo_gasto_total_gastos\2026_1110_Gobierno_Autónomo_Municipal_de_Padilla_categoria_programatica_grupo_gasto_total_gastos.pdf,2026_1110_Gobierno_Autónomo_Municipal_de_Padilla_categoria_programatica_grupo_gasto_total_gastos.pdf,1110,Gobierno Autónomo Municipal de Padilla,123,True,ok,
data\raw\sigep_2026\categoria_programatica_grupo_gasto_total_gastos\2026_1111_Gobierno_Autónomo_Municipal_de_Tomina_categoria_programatica_grupo_gasto_total_gastos.pdf,2026_1111_Gobierno_Autónomo_Municipal_de_Tomina_categoria_programatica_grupo_gasto_total_gastos.pdf,1111,Gobierno Autónomo Municipal de Tomina,104,True,ok,
data\raw\sigep_2026\categoria_programatica_grupo_gasto_total_gastos\2026_1112_Gobierno_Autónomo_Municipal_de_Sopachuy_categoria_programatica_grupo_gasto_total_gastos.pdf,2026_1112_Gobierno_Autónomo_Municipal_de_Sopachuy_categoria_programatica_grupo_gasto_total_gastos.pdf,1112,Gobierno Autónomo Municipal de Sopachuy,108,True,ok,
data\raw\sigep_2026\categoria_programatica_grupo_gasto_total_gastos\2026_1113_Gobierno_Autónomo_Municipal_de_Villa_Alcalá_categoria_programatica_grupo_gasto_total_gastos.pdf,2026_1113_Gobierno_Autónomo_Municipal_de_Villa_Alcalá_categoria_programatica_grupo_gasto_total_gastos.pdf,1113,Gobierno Autónomo Municipal de Villa Alcalá,88,True,ok,
data\raw\sigep_2026\categoria_programatica_grupo_gasto_total_gastos\2026_1114_Gobierno_Autónomo_Municipal_de_El_Villar_categoria_programatica_grupo_gasto_total_gastos.pdf,2026_1114_Gobierno_Autónomo_Municipal_de_El_Villar_categoria_programatica_grupo_gasto_total_gastos.pdf,1114,Gobierno Autónomo Municipal de El Villar,95,True,ok,
data\raw\sigep_2026\categoria_programatica_grupo_gasto_total_gastos\2026_1115_Gobierno_Autónomo_Municipal_de_Monteagudo_categoria_programatica_grupo_gasto_total_gastos.pdf,2026_1115_Gobierno_Autónomo_Municipal_de_Monteagudo_categoria_programatica_grupo_gasto_total_gastos.pdf,1115,Gobierno Autónomo Municipal de Monteagudo,117,True,ok,
data\raw\sigep_2026\categoria_programatica_grupo_gasto_total_gastos\2026_1116_Gobierno_Autónomo_Municipal_de_San_Pablo_de_Huacareta_categoria_programatica_grupo_gasto_total_gastos.pdf,2026_1116_Gobierno_Autónomo_Municipal_de_San_Pablo_de_Huacareta_categoria_programatica_grupo_gasto_total_gastos.pdf,1116,Gobierno Autónomo Municipal de San Pablo de Huacareta,105,True,ok,
data\raw\sigep_2026\categoria_programatica_grupo_gasto_total_gastos\2026_1117_Gobierno_Autónomo_Municipal_de_Tarabuco_categoria_programatica_grupo_gasto_total_gastos.pdf,2026_1117_Gobierno_Autónomo_Municipal_de_Tarabuco_categoria_programatica_grupo_gasto_total_gastos.pdf,1117,Gobierno Autónomo Municipal de Tarabuco,96,True,ok,
data\raw\sigep_2026\categoria_programatica_grupo_gasto_total_gastos\2026_1118_Gobierno_Autónomo_Municipal_de_Yamparáez_categoria_programatica_grupo_gasto_total_gastos.pdf,2026_1118_Gobierno_Autónomo_Municipal_de_Yamparáez_categoria_programatica_grupo_gasto_total_gastos.pdf,1118,Gobierno Autónomo Municipal de Yamparáez,99,True,ok,
data\raw\sigep_2026\categoria_programatica_grupo_gasto_total_gastos\2026_1119_Gobierno_Autónomo_Municipal_de_Camargo_categoria_programatica_grupo_gasto_total_gastos.pdf,2026_1119_Gobierno_Autónomo_Municipal_de_Camargo_categoria_programatica_grupo_gasto_total_gastos.pdf,1119,Gobierno Autónomo Municipal de Camargo,128,True,ok,
data\raw\sigep_2026\categoria_programatica_grupo_gasto_total_gastos\2026_1120_Gobierno_Autónomo_Municipal_de_San_Lucas_categoria_programatica_grupo_gasto_total_gastos.pdf,2026_1120_Gobierno_Autónomo_Municipal_de_San_Lucas_categoria_programatica_grupo_gasto_total_gastos.pdf,1120,Gobierno Autónomo Municipal de San Lucas,140,True,ok,
data\raw\sigep_2026\categoria_programatica_grupo_gasto_total_gastos\2026_1121_Gobierno_Autónomo_Municipal_de_Incahuasi_categoria_programatica_grupo_gasto_total_gastos.pdf,2026_1121_Gobierno_Autónomo_Municipal_de_Incahuasi_categoria_programatica_grupo_gasto_total_gastos.pdf,1121,Gobierno Autónomo Municipal de Incahuasi,115,True,ok,
data\raw\sigep_2026\categoria_programatica_grupo_gasto_total_gastos\2026_1122_Gobierno_Autónomo_Municipal_de_Villa_Serrano_categoria_programatica_grupo_gasto_total_gastos.pdf,2026_1122_Gobierno_Autónomo_Municipal_de_Villa_Serrano_categoria_programatica_grupo_gasto_total_gastos.pdf,1122,Gobierno Autónomo Municipal de Villa Serrano,113,True,ok,
data\raw\sigep_2026\categoria_programatica_grupo_gasto_total_gastos\2026_1123_Gobierno_Autónomo_Municipal_de_Camataqui_Villa_Abecia_categoria_programatica_grupo_gasto_total_gastos.pdf,2026_1123_Gobierno_Autónomo_Municipal_de_Camataqui_Villa_Abecia_categoria_programatica_grupo_gasto_total_gastos.pdf,1123,Gobierno Autónomo Municipal de Camataqui (Villa Abecia),83,True,ok,
data\raw\sigep_2026\categoria_programatica_grupo_gasto_total_gastos\2026_1124_Gobierno_Autónomo_Municipal_de_Culpina_categoria_programatica_grupo_gasto_total_gastos.pdf,2026_1124_Gobierno_Autónomo_Municipal_de_Culpina_categoria_programatica_grupo_gasto_total_gastos.pdf,1124,Gobierno Autónomo Municipal de Culpina,25,True,ok,
data\raw\sigep_2026\categoria_programatica_grupo_gasto_total_gastos\2026_1125_Gobierno_Autónomo_Municipal_de_Las_Carreras_categoria_programatica_grupo_gasto_total_gastos.pdf,2026_1125_Gobierno_Autónomo_Municipal_de_Las_Carreras_categoria_programatica_grupo_gasto_total_gastos.pdf,1125,Gobierno Autónomo Municipal de Las Carreras,107,True,ok,
data\raw\sigep_2026\categoria_programatica_grupo_gasto_total_gastos\2026_1126_Gobierno_Autónomo_Municipal_de_Villa_Vaca_Guzmán_categoria_programatica_grupo_gasto_total_gastos.pdf,2026_1126_Gobierno_Autónomo_Municipal_de_Villa_Vaca_Guzmán_categoria_programatica_grupo_gasto_total_gastos.pdf,1126,Gobierno Autónomo Municipal de Villa Vaca Guzmán,20,True,ok,
data\raw\sigep_2026\categoria_programatica_grupo_gasto_total_gastos\2026_1128_Gobierno_Autónomo_Municipal_de_Machareti_categoria_programatica_grupo_gasto_total_gastos.pdf,2026_1128_Gobierno_Autónomo_Municipal_de_Machareti_categoria_programatica_grupo_gasto_total_gastos.pdf,1128,Gobierno Autónomo Municipal de Machareti,124,True,ok,
data\raw\sigep_2026\categoria_programatica_grupo_gasto_total_gastos\2026_1129_Gobierno_Autónomo_Municipal_de_Villa_Charcas_categoria_programatica_grupo_gasto_total_gastos.pdf,2026_1129_Gobierno_Autónomo_Municipal_de_Villa_Charcas_categoria_programatica_grupo_gasto_total_gastos.pdf,1129,Gobierno Autónomo Municipal de Villa Charcas,105,True,ok,
data\raw\sigep_2026\categoria_programatica_grupo_gasto_total_gastos\2026_1201_Gobierno_Autónomo_Municipal_de_La_Paz_categoria_programatica_grupo_gasto_total_gastos.pdf,2026_1201_Gobierno_Autónomo_Municipal_de_La_Paz_categoria_programatica_grupo_gasto_total_gastos.pdf,1201,Gobierno Autónomo Municipal de La Paz,1182,True,ok,
data\raw\sigep_2026\categoria_programatica_grupo_gasto_total_gastos\2026_1202_Gobierno_Autónomo_Municipal_de_Palca_categoria_programatica_grupo_gasto_total_gastos.pdf,2026_1202_Gobierno_Autónomo_Municipal_de_Palca_categoria_programatica_grupo_gasto_total_gastos.pdf,1202,Gobierno Autónomo Municipal de Palca,126,True,ok,
data\raw\sigep_2026\categoria_programatica_grupo_gasto_total_gastos\2026_1203_Gobierno_Autónomo_Municipal_de_Mecapaca_categoria_programatica_grupo_gasto_total_gastos.pdf,2026_1203_Gobierno_Autónomo_Municipal_de_Mecapaca_categoria_programatica_grupo_gasto_total_gastos.pdf,1203,Gobierno Autónomo Municipal de Mecapaca,19,True,ok,
data\raw\sigep_2026\categoria_programatica_grupo_gasto_total_gastos\2026_1204_Gobierno_Autónomo_Municipal_Ecológico_Productivo_de_Achocalla_categoria_programatica_grupo_gasto_total_gastos.pdf,2026_1204_Gobierno_Autónomo_Municipal_Ecológico_Productivo_de_Achocalla_categoria_programatica_grupo_gasto_total_gastos.pdf,1204,Gobierno Autónomo Municipal Ecológico Productivo de Achocalla,28,True,ok,
data\raw\sigep_2026\categoria_programatica_grupo_gasto_total_gastos\2026_1205_Gobierno_Autónomo_Municipal_de_El_Alto_de_La_Paz_categoria_programatica_grupo_gasto_total_gastos.pdf,2026_1205_Gobierno_Autónomo_Municipal_de_El_Alto_de_La_Paz_categoria_programatica_grupo_gasto_total_gastos.pdf,1205,Gobierno Autónomo Municipal de El Alto de La Paz,2222,True,ok,
data\raw\sigep_2026\categoria_programatica_grupo_gasto_total_gastos\2026_1206_Gobierno_Autónomo_Municipal_de_Viacha_categoria_programatica_grupo_gasto_total_gastos.pdf,2026_1206_Gobierno_Autónomo_Municipal_de_Viacha_categoria_programatica_grupo_gasto_total_gastos.pdf,1206,Gobierno Autónomo Municipal de Viacha,277,True,ok,
data\raw\sigep_2026\categoria_programatica_grupo_gasto_total_gastos\2026_1207_Gobierno_Autónomo_Municipal_de_Guaqui_categoria_programatica_grupo_gasto_total_gastos.pdf,2026_1207_Gobierno_Autónomo_Municipal_de_Guaqui_categoria_programatica_grupo_gasto_total_gastos.pdf,1207,Gobierno Autónomo Municipal de Guaqui,82,True,ok,
data\raw\sigep_2026\categoria_programatica_grupo_gasto_total_gastos\2026_1208_Gobierno_Autónomo_Municipal_de_Tiahuanacu_categoria_programatica_grupo_gasto_total_gastos.pdf,2026_1208_Gobierno_Autónomo_Municipal_de_Tiahuanacu_categoria_programatica_grupo_gasto_total_gastos.pdf,1208,Gobierno Autónomo Municipal de Tiahuanacu,120,True,ok,
data\raw\sigep_2026\categoria_programatica_grupo_gasto_total_gastos\2026_1209_Gobierno_Autónomo_Municipal_de_Desaguadero_categoria_programatica_grupo_gasto_total_gastos.pdf,2026_1209_Gobierno_Autónomo_Municipal_de_Desaguadero_categoria_programatica_grupo_gasto_total_gastos.pdf,1209,Gobierno Autónomo Municipal de Desaguadero,75,True,ok,
data\raw\sigep_2026\categoria_programatica_grupo_gasto_total_gastos\2026_1210_Gobierno_Autónomo_Municipal_de_Caranavi_categoria_programatica_grupo_gasto_total_gastos.pdf,2026_1210_Gobierno_Autónomo_Municipal_de_Caranavi_categoria_programatica_grupo_gasto_total_gastos.pdf,1210,Gobierno Autónomo Municipal de Caranavi,104,True,ok,
data\raw\sigep_2026\categoria_programatica_grupo_gasto_total_gastos\2026_1211_Gobierno_Autónomo_Municipal_de_Sica_Sica_Villa_Aroma_categoria_programatica_grupo_gasto_total_gastos.pdf,2026_1211_Gobierno_Autónomo_Municipal_de_Sica_Sica_Villa_Aroma_categoria_programatica_grupo_gasto_total_gastos.pdf,1211,Gobierno Autónomo Municipal de Sica Sica (Villa Aroma),21,True,ok,
data\raw\sigep_2026\categoria_programatica_grupo_gasto_total_gastos\2026_1212_Gobierno_Autónomo_Municipal_de_Umala_categoria_programatica_grupo_gasto_total_gastos.pdf,2026_1212_Gobierno_Autónomo_Municipal_de_Umala_categoria_programatica_grupo_gasto_total_gastos.pdf,1212,Gobierno Autónomo Municipal de Umala,163,True,ok,
data\raw\sigep_2026\categoria_programatica_grupo_gasto_total_gastos\2026_1213_Gobierno_Autónomo_Municipal_de_Ayo_Ayo_categoria_programatica_grupo_gasto_total_gastos.pdf,2026_1213_Gobierno_Autónomo_Municipal_de_Ayo_Ayo_categoria_programatica_grupo_gasto_total_gastos.pdf,1213,Gobierno Autónomo Municipal de Ayo Ayo,85,True,ok,
data\raw\sigep_2026\categoria_programatica_grupo_gasto_total_gastos\2026_1214_Gobierno_Autónomo_Municipal_de_Calamarca_categoria_programatica_grupo_gasto_total_gastos.pdf,2026_1214_Gobierno_Autónomo_Municipal_de_Calamarca_categoria_programatica_grupo_gasto_total_gastos.pdf,1214,Gobierno Autónomo Municipal de Calamarca,114,True,ok,
data\raw\sigep_2026\categoria_programatica_grupo_gasto_total_gastos\2026_1215_Gobierno_Autónomo_Municipal_de_Patacamaya_categoria_programatica_grupo_gasto_total_gastos.pdf,2026_1215_Gobierno_Autónomo_Municipal_de_Patacamaya_categoria_programatica_grupo_gasto_total_gastos.pdf,1215,Gobierno Autónomo Municipal de Patacamaya,119,True,ok,
data\raw\sigep_2026\categoria_programatica_grupo_gasto_total_gastos\2026_1216_Gobierno_Autónomo_Municipal_de_Colquencha_categoria_programatica_grupo_gasto_total_gastos.pdf,2026_1216_Gobierno_Autónomo_Municipal_de_Colquencha_categoria_programatica_grupo_gasto_total_gastos.pdf,1216,Gobierno Autónomo Municipal de Colquencha,82,True,ok,
data\raw\sigep_2026\categoria_programatica_grupo_gasto_total_gastos\2026_1217_Gobierno_Autónomo_Municipal_de_Collana_categoria_programatica_grupo_gasto_total_gastos.pdf,2026_1217_Gobierno_Autónomo_Municipal_de_Collana_categoria_programatica_grupo_gasto_total_gastos.pdf,1217,Gobierno Autónomo Municipal de Collana,99,True,ok,
data\raw\sigep_2026\categoria_programatica_grupo_gasto_total_gastos\2026_1218_Gobierno_Autónomo_Municipal_de_Inquisivi_categoria_programatica_grupo_gasto_total_gastos.pdf,2026_1218_Gobierno_Autónomo_Municipal_de_Inquisivi_categoria_programatica_grupo_gasto_total_gastos.pdf,1218,Gobierno Autónomo Municipal de Inquisivi,113,True,ok,
data\raw\sigep_2026\categoria_programatica_grupo_gasto_total_gastos\2026_1219_Gobierno_Autónomo_Municipal_de_Quime_categoria_programatica_grupo_gasto_total_gastos.pdf,2026_1219_Gobierno_Autónomo_Municipal_de_Quime_categoria_programatica_grupo_gasto_total_gastos.pdf,1219,Gobierno Autónomo Municipal de Quime,21,True,ok,
data\raw\sigep_2026\categoria_programatica_grupo_gasto_total_gastos\2026_1220_Gobierno_Autónomo_Municipal_de_Cajuata_categoria_programatica_grupo_gasto_total_gastos.pdf,2026_1220_Gobierno_Autónomo_Municipal_de_Cajuata_categoria_programatica_grupo_gasto_total_gastos.pdf,1220,Gobierno Autónomo Municipal de Cajuata,71,True,ok,
data\raw\sigep_2026\categoria_programatica_grupo_gasto_total_gastos\2026_1221_Gobierno_Autónomo_Municipal_de_Colquiri_categoria_programatica_grupo_gasto_total_gastos.pdf,2026_1221_Gobierno_Autónomo_Municipal_de_Colquiri_categoria_programatica_grupo_gasto_total_gastos.pdf,1221,Gobierno Autónomo Municipal de Colquiri,149,True,ok,
data\raw\sigep_2026\categoria_programatica_grupo_gasto_total_gastos\2026_1222_Gobierno_Autónomo_Municipal_de_Ichoca_categoria_programatica_grupo_gasto_total_gastos.pdf,2026_1222_Gobierno_Autónomo_Municipal_de_Ichoca_categoria_programatica_grupo_gasto_total_gastos.pdf,1222,Gobierno Autónomo Municipal de Ichoca,79,True,ok,
data\raw\sigep_2026\categoria_programatica_grupo_gasto_total_gastos\2026_1223_Gobierno_Autónomo_Municipal_de_Villa_Libertad_Licoma_categoria_programatica_grupo_gasto_total_gastos.pdf,2026_1223_Gobierno_Autónomo_Municipal_de_Villa_Libertad_Licoma_categoria_programatica_grupo_gasto_total_gastos.pdf,1223,Gobierno Autónomo Municipal de Villa Libertad Licoma,84,True,ok,
data\raw\sigep_2026\categoria_programatica_grupo_gasto_total_gastos\2026_1224_Gobierno_Autónomo_Municipal_de_Achacachi_categoria_programatica_grupo_gasto_total_gastos.pdf,2026_1224_Gobierno_Autónomo_Municipal_de_Achacachi_categoria_programatica_grupo_gasto_total_gastos.pdf,1224,Gobierno Autónomo Municipal de Achacachi,20,True,ok,
data\raw\sigep_2026\categoria_programatica_grupo_gasto_total_gastos\2026_1225_Gobierno_Autónomo_Municipal_de_Ancoraimes_categoria_programatica_grupo_gasto_total_gastos.pdf,2026_1225_Gobierno_Autónomo_Municipal_de_Ancoraimes_categoria_programatica_grupo_gasto_total_gastos.pdf,1225,Gobierno Autónomo Municipal de Ancoraimes,24,True,ok,
data\raw\sigep_2026\categoria_programatica_grupo_gasto_total_gastos\2026_1226_Gobierno_Autónomo_Municipal_de_Sorata_categoria_programatica_grupo_gasto_total_gastos.pdf,2026_1226_Gobierno_Autónomo_Municipal_de_Sorata_categoria_programatica_grupo_gasto_total_gastos.pdf,1226,Gobierno Autónomo Municipal de Sorata,113,True,ok,
data\raw\sigep_2026\categoria_programatica_grupo_gasto_total_gastos\2026_1227_Gobierno_Autónomo_Municipal_de_Guanay_categoria_programatica_grupo_gasto_total_gastos.pdf,2026_1227_Gobierno_Autónomo_Municipal_de_Guanay_categoria_programatica_grupo_gasto_total_gastos.pdf,1227,Gobierno Autónomo Municipal de Guanay,16,True,ok,
data\raw\sigep_2026\categoria_programatica_grupo_gasto_total_gastos\2026_1228_Gobierno_Autónomo_Municipal_de_Tacacoma_categoria_programatica_grupo_gasto_total_gastos.pdf,2026_1228_Gobierno_Autónomo_Municipal_de_Tacacoma_categoria_programatica_grupo_gasto_total_gastos.pdf,1228,Gobierno Autónomo Municipal de Tacacoma,85,True,ok,
data\raw\sigep_2026\categoria_programatica_grupo_gasto_total_gastos\2026_1229_Gobierno_Autónomo_Municipal_de_Tipuani_categoria_programatica_grupo_gasto_total_gastos.pdf,2026_1229_Gobierno_Autónomo_Municipal_de_Tipuani_categoria_programatica_grupo_gasto_total_gastos.pdf,1229,Gobierno Autónomo Municipal de Tipuani,20,True,ok,
data\raw\sigep_2026\categoria_programatica_grupo_gasto_total_gastos\2026_1230_Gobierno_Autónomo_Municipal_de_Quiabaya_categoria_programatica_grupo_gasto_total_gastos.pdf,2026_1230_Gobierno_Autónomo_Municipal_de_Quiabaya_categoria_programatica_grupo_gasto_total_gastos.pdf,1230,Gobierno Autónomo Municipal de Quiabaya,79,True,ok,
data\raw\sigep_2026\categoria_programatica_grupo_gasto_total_gastos\2026_1231_Gobierno_Autónomo_Municipal_de_Combaya_categoria_programatica_grupo_gasto_total_gastos.pdf,2026_1231_Gobierno_Autónomo_Municipal_de_Combaya_categoria_programatica_grupo_gasto_total_gastos.pdf,1231,Gobierno Autónomo Municipal de Combaya,24,True,ok,
data\raw\sigep_2026\categoria_programatica_grupo_gasto_total_gastos\2026_1232_Gobierno_Autónomo_Municipal_de_Copacabana_categoria_programatica_grupo_gasto_total_gastos.pdf,2026_1232_Gobierno_Autónomo_Municipal_de_Copacabana_categoria_programatica_grupo_gasto_total_gastos.pdf,1232,Gobierno Autónomo Municipal de Copacabana,95,True,ok,
data\raw\sigep_2026\categoria_programatica_grupo_gasto_total_gastos\2026_1233_Gobierno_Autónomo_Municipal_de_San_Pedro_de_Tiquina_categoria_programatica_grupo_gasto_total_gastos.pdf,2026_1233_Gobierno_Autónomo_Municipal_de_San_Pedro_de_Tiquina_categoria_programatica_grupo_gasto_total_gastos.pdf,1233,Gobierno Autónomo Municipal de San Pedro de Tiquina,87,True,ok,
data\raw\sigep_2026\categoria_programatica_grupo_gasto_total_gastos\2026_1234_Gobierno_Autónomo_Municipal_de_Tito_Yupanqui_categoria_programatica_grupo_gasto_total_gastos.pdf,2026_1234_Gobierno_Autónomo_Municipal_de_Tito_Yupanqui_categoria_programatica_grupo_gasto_total_gastos.pdf,1234,Gobierno Autónomo Municipal de Tito Yupanqui,98,True,ok,
data\raw\sigep_2026\categoria_programatica_grupo_gasto_total_gastos\2026_1235_Gobierno_Autónomo_Municipal_de_Chuma_categoria_programatica_grupo_gasto_total_gastos.pdf,2026_1235_Gobierno_Autónomo_Municipal_de_Chuma_categoria_programatica_grupo_gasto_total_gastos.pdf,1235,Gobierno Autónomo Municipal de Chuma,134,True,ok,
data\raw\sigep_2026\categoria_programatica_grupo_gasto_total_gastos\2026_1236_Gobierno_Autónomo_Municipal_de_Ayata_categoria_programatica_grupo_gasto_total_gastos.pdf,2026_1236_Gobierno_Autónomo_Municipal_de_Ayata_categoria_programatica_grupo_gasto_total_gastos.pdf,1236,Gobierno Autónomo Municipal de Ayata,87,True,ok,
data\raw\sigep_2026\categoria_programatica_grupo_gasto_total_gastos\2026_1237_Gobierno_Autónomo_Municipal_de_Aucapata_categoria_programatica_grupo_gasto_total_gastos.pdf,2026_1237_Gobierno_Autónomo_Municipal_de_Aucapata_categoria_programatica_grupo_gasto_total_gastos.pdf,1237,Gobierno Autónomo Municipal de Aucapata,81,True,ok,
data\raw\sigep_2026\categoria_programatica_grupo_gasto_total_gastos\2026_1238_Gobierno_Autónomo_Municipal_de_Corocoro_categoria_programatica_grupo_gasto_total_gastos.pdf,2026_1238_Gobierno_Autónomo_Municipal_de_Corocoro_categoria_programatica_grupo_gasto_total_gastos.pdf,1238,Gobierno Autónomo Municipal de Corocoro,89,True,ok,
data\raw\sigep_2026\categoria_programatica_grupo_gasto_total_gastos\2026_1239_Gobierno_Autónomo_Municipal_de_Caquiaviri_categoria_programatica_grupo_gasto_total_gastos.pdf,2026_1239_Gobierno_Autónomo_Municipal_de_Caquiaviri_categoria_programatica_grupo_gasto_total_gastos.pdf,1239,Gobierno Autónomo Municipal de Caquiaviri,74,True,ok,
data\raw\sigep_2026\categoria_programatica_grupo_gasto_total_gastos\2026_1240_Gobierno_Autónomo_Municipal_de_Calacoto_categoria_programatica_grupo_gasto_total_gastos.pdf,2026_1240_Gobierno_Autónomo_Municipal_de_Calacoto_categoria_programatica_grupo_gasto_total_gastos.pdf,1240,Gobierno Autónomo Municipal de Calacoto,89,True,ok,
data\raw\sigep_2026\categoria_programatica_grupo_gasto_total_gastos\2026_1241_Gobierno_Autónomo_Municipal_de_Comanche_categoria_programatica_grupo_gasto_total_gastos.pdf,2026_1241_Gobierno_Autónomo_Municipal_de_Comanche_categoria_programatica_grupo_gasto_total_gastos.pdf,1241,Gobierno Autónomo Municipal de Comanche,76,True,ok,
data\raw\sigep_2026\categoria_programatica_grupo_gasto_total_gastos\2026_1242_Gobierno_Autónomo_Municipal_de_Charaña_categoria_programatica_grupo_gasto_total_gastos.pdf,2026_1242_Gobierno_Autónomo_Municipal_de_Charaña_categoria_programatica_grupo_gasto_total_gastos.pdf,1242,Gobierno Autónomo Municipal de Charaña,89,True,ok,
data\raw\sigep_2026\categoria_programatica_grupo_gasto_total_gastos\2026_1243_Gobierno_Autónomo_Municipal_de_Waldo_Ballivián_categoria_programatica_grupo_gasto_total_gastos.pdf,2026_1243_Gobierno_Autónomo_Municipal_de_Waldo_Ballivián_categoria_programatica_grupo_gasto_total_gastos.pdf,1243,Gobierno Autónomo Municipal de Waldo Ballivián,84,True,ok,
data\raw\sigep_2026\categoria_programatica_grupo_gasto_total_gastos\2026_1244_Gobierno_Autónomo_Municipal_de_Nazacara_de_Pacajes_categoria_programatica_grupo_gasto_total_gastos.pdf,2026_1244_Gobierno_Autónomo_Municipal_de_Nazacara_de_Pacajes_categoria_programatica_grupo_gasto_total_gastos.pdf,1244,Gobierno Autónomo Municipal de Nazacara de Pacajes,132,True,ok,
data\raw\sigep_2026\categoria_programatica_grupo_gasto_total_gastos\2026_1245_Gobierno_Autónomo_Municipal_de_Santiago_de_Callapa_categoria_programatica_grupo_gasto_total_gastos.pdf,2026_1245_Gobierno_Autónomo_Municipal_de_Santiago_de_Callapa_categoria_programatica_grupo_gasto_total_gastos.pdf,1245,Gobierno Autónomo Municipal de Santiago de Callapa,80,True,ok,
data\raw\sigep_2026\categoria_programatica_grupo_gasto_total_gastos\2026_1246_Gobierno_Autónomo_Municipal_de_Puerto_Acosta_categoria_programatica_grupo_gasto_total_gastos.pdf,2026_1246_Gobierno_Autónomo_Municipal_de_Puerto_Acosta_categoria_programatica_grupo_gasto_total_gastos.pdf,1246,Gobierno Autónomo Municipal de Puerto Acosta,21,True,ok,
data\raw\sigep_2026\categoria_programatica_grupo_gasto_total_gastos\2026_1247_Gobierno_Autónomo_Municipal_de_Mocomoco_categoria_programatica_grupo_gasto_total_gastos.pdf,2026_1247_Gobierno_Autónomo_Municipal_de_Mocomoco_categoria_programatica_grupo_gasto_total_gastos.pdf,1247,Gobierno Autónomo Municipal de Mocomoco,105,True,ok,
data\raw\sigep_2026\categoria_programatica_grupo_gasto_total_gastos\2026_1248_Gobierno_Autónomo_Municipal_de_Carabuco_categoria_programatica_grupo_gasto_total_gastos.pdf,2026_1248_Gobierno_Autónomo_Municipal_de_Carabuco_categoria_programatica_grupo_gasto_total_gastos.pdf,1248,Gobierno Autónomo Municipal de Carabuco,187,True,ok,
data\raw\sigep_2026\categoria_programatica_grupo_gasto_total_gastos\2026_1249_Gobierno_Autónomo_Municipal_de_Apolo_categoria_programatica_grupo_gasto_total_gastos.pdf,2026_1249_Gobierno_Autónomo_Municipal_de_Apolo_categoria_programatica_grupo_gasto_total_gastos.pdf,1249,Gobierno Autónomo Municipal de Apolo,19,True,ok,
data\raw\sigep_2026\categoria_programatica_grupo_gasto_total_gastos\2026_1250_Gobierno_Autónomo_Municipal_de_Pelechuco_categoria_programatica_grupo_gasto_total_gastos.pdf,2026_1250_Gobierno_Autónomo_Municipal_de_Pelechuco_categoria_programatica_grupo_gasto_total_gastos.pdf,1250,Gobierno Autónomo Municipal de Pelechuco,17,True,ok,
data\raw\sigep_2026\categoria_programatica_grupo_gasto_total_gastos\2026_1251_Gobierno_Autónomo_Municipal_de_Luribay_categoria_programatica_grupo_gasto_total_gastos.pdf,2026_1251_Gobierno_Autónomo_Municipal_de_Luribay_categoria_programatica_grupo_gasto_total_gastos.pdf,1251,Gobierno Autónomo Municipal de Luribay,96,True,ok,
data\raw\sigep_2026\categoria_programatica_grupo_gasto_total_gastos\2026_1252_Gobierno_Autónomo_Municipal_de_Sapahaqui_categoria_programatica_grupo_gasto_total_gastos.pdf,2026_1252_Gobierno_Autónomo_Municipal_de_Sapahaqui_categoria_programatica_grupo_gasto_total_gastos.pdf,1252,Gobierno Autónomo Municipal de Sapahaqui,89,True,ok,
data\raw\sigep_2026\categoria_programatica_grupo_gasto_total_gastos\2026_1253_Gobierno_Autónomo_Municipal_de_Yaco_categoria_programatica_grupo_gasto_total_gastos.pdf,2026_1253_Gobierno_Autónomo_Municipal_de_Yaco_categoria_programatica_grupo_gasto_total_gastos.pdf,1253,Gobierno Autónomo Municipal de Yaco,91,True,ok,
data\raw\sigep_2026\categoria_programatica_grupo_gasto_total_gastos\2026_1254_Gobierno_Autónomo_Municipal_de_Malla_categoria_programatica_grupo_gasto_total_gastos.pdf,2026_1254_Gobierno_Autónomo_Municipal_de_Malla_categoria_programatica_grupo_gasto_total_gastos.pdf,1254,Gobierno Autónomo Municipal de Malla,20,True,ok,
data\raw\sigep_2026\categoria_programatica_grupo_gasto_total_gastos\2026_1255_Gobierno_Autónomo_Municipal_de_Cairoma_categoria_programatica_grupo_gasto_total_gastos.pdf,2026_1255_Gobierno_Autónomo_Municipal_de_Cairoma_categoria_programatica_grupo_gasto_total_gastos.pdf,1255,Gobierno Autónomo Municipal de Cairoma,20,True,ok,
data\raw\sigep_2026\categoria_programatica_grupo_gasto_total_gastos\2026_1256_Gobierno_Autónomo_Municipal_de_Chulumani_Villa_de_la_Libertad_categoria_programatica_grupo_gasto_total_gastos.pdf,2026_1256_Gobierno_Autónomo_Municipal_de_Chulumani_Villa_de_la_Libertad_categoria_programatica_grupo_gasto_total_gastos.pdf,1256,Gobierno Autónomo Municipal de Chulumani (Villa de la Libertad),24,True,ok,
data\raw\sigep_2026\categoria_programatica_grupo_gasto_total_gastos\2026_1257_Gobierno_Autónomo_Municipal_de_Irupana_Villa_de_Lanza_categoria_programatica_grupo_gasto_total_gastos.pdf,2026_1257_Gobierno_Autónomo_Municipal_de_Irupana_Villa_de_Lanza_categoria_programatica_grupo_gasto_total_gastos.pdf,1257,Gobierno Autónomo Municipal de Irupana (Villa de Lanza),92,True,ok,
data\raw\sigep_2026\categoria_programatica_grupo_gasto_total_gastos\2026_1258_Gobierno_Autónomo_Municipal_de_Yanacachi_categoria_programatica_grupo_gasto_total_gastos.pdf,2026_1258_Gobierno_Autónomo_Municipal_de_Yanacachi_categoria_programatica_grupo_gasto_total_gastos.pdf,1258,Gobierno Autónomo Municipal de Yanacachi,85,True,ok,
data\raw\sigep_2026\categoria_programatica_grupo_gasto_total_gastos\2026_1259_Gobierno_Autónomo_Municipal_de_Palos_Blancos_categoria_programatica_grupo_gasto_total_gastos.pdf,2026_1259_Gobierno_Autónomo_Municipal_de_Palos_Blancos_categoria_programatica_grupo_gasto_total_gastos.pdf,1259,Gobierno Autónomo Municipal de Palos Blancos,123,True,ok,
data\raw\sigep_2026\categoria_programatica_grupo_gasto_total_gastos\2026_1260_Gobierno_Autónomo_Municipal_de_La_Asunta_categoria_programatica_grupo_gasto_total_gastos.pdf,2026_1260_Gobierno_Autónomo_Municipal_de_La_Asunta_categoria_programatica_grupo_gasto_total_gastos.pdf,1260,Gobierno Autónomo Municipal de La Asunta,100,True,ok,
data\raw\sigep_2026\categoria_programatica_grupo_gasto_total_gastos\2026_1261_Gobierno_Autónomo_Municipal_de_Pucarani_categoria_programatica_grupo_gasto_total_gastos.pdf,2026_1261_Gobierno_Autónomo_Municipal_de_Pucarani_categoria_programatica_grupo_gasto_total_gastos.pdf,1261,Gobierno Autónomo Municipal de Pucarani,119,True,ok,
data\raw\sigep_2026\categoria_programatica_grupo_gasto_total_gastos\2026_1262_Gobierno_Autónomo_Municipal_de_Laja_categoria_programatica_grupo_gasto_total_gastos.pdf,2026_1262_Gobierno_Autónomo_Municipal_de_Laja_categoria_programatica_grupo_gasto_total_gastos.pdf,1262,Gobierno Autónomo Municipal de Laja,24,True,ok,
data\raw\sigep_2026\categoria_programatica_grupo_gasto_total_gastos\2026_1263_Gobierno_Autónomo_Municipal_de_Batallas_categoria_programatica_grupo_gasto_total_gastos.pdf,2026_1263_Gobierno_Autónomo_Municipal_de_Batallas_categoria_programatica_grupo_gasto_total_gastos.pdf,1263,Gobierno Autónomo Municipal de Batallas,111,True,ok,
data\raw\sigep_2026\categoria_programatica_grupo_gasto_total_gastos\2026_1264_Gobierno_Autónomo_Municipal_de_Puerto_Pérez_categoria_programatica_grupo_gasto_total_gastos.pdf,2026_1264_Gobierno_Autónomo_Municipal_de_Puerto_Pérez_categoria_programatica_grupo_gasto_total_gastos.pdf,1264,Gobierno Autónomo Municipal de Puerto Pérez,74,True,ok,
data\raw\sigep_2026\categoria_programatica_grupo_gasto_total_gastos\2026_1265_Gobierno_Autónomo_Municipal_de_Coroico_categoria_programatica_grupo_gasto_total_gastos.pdf,2026_1265_Gobierno_Autónomo_Municipal_de_Coroico_categoria_programatica_grupo_gasto_total_gastos.pdf,1265,Gobierno Autónomo Municipal de Coroico,130,True,ok,
data\raw\sigep_2026\categoria_programatica_grupo_gasto_total_gastos\2026_1266_Gobierno_Autónomo_Municipal_de_Coripata_categoria_programatica_grupo_gasto_total_gastos.pdf,2026_1266_Gobierno_Autónomo_Municipal_de_Coripata_categoria_programatica_grupo_gasto_total_gastos.pdf,1266,Gobierno Autónomo Municipal de Coripata,99,True,ok,
data\raw\sigep_2026\categoria_programatica_grupo_gasto_total_gastos\2026_1267_Gobierno_Autónomo_Municipal_de_Ixiamas_categoria_programatica_grupo_gasto_total_gastos.pdf,2026_1267_Gobierno_Autónomo_Municipal_de_Ixiamas_categoria_programatica_grupo_gasto_total_gastos.pdf,1267,Gobierno Autónomo Municipal de Ixiamas,85,True,ok,
data\raw\sigep_2026\categoria_programatica_grupo_gasto_total_gastos\2026_1268_Gobierno_Autónomo_Municipal_de_San_Buenaventura_categoria_programatica_grupo_gasto_total_gastos.pdf,2026_1268_Gobierno_Autónomo_Municipal_de_San_Buenaventura_categoria_programatica_grupo_gasto_total_gastos.pdf,1268,Gobierno Autónomo Municipal de San Buenaventura,87,True,ok,
data\raw\sigep_2026\categoria_programatica_grupo_gasto_total_gastos\2026_1269_Gobierno_Autónomo_Municipal_de_General_Juan_José_Pérez_Charazani_categoria_programatica_grupo_gasto_total_gastos.pdf,2026_1269_Gobierno_Autónomo_Municipal_de_General_Juan_José_Pérez_Charazani_categoria_programatica_grupo_gasto_total_gastos.pdf,1269,Gobierno Autónomo Municipal de General Juan José Pérez (Charazani),78,True,ok,
data\raw\sigep_2026\categoria_programatica_grupo_gasto_total_gastos\2026_1270_Gobierno_Autónomo_Municipal_de_Curva_categoria_programatica_grupo_gasto_total_gastos.pdf,2026_1270_Gobierno_Autónomo_Municipal_de_Curva_categoria_programatica_grupo_gasto_total_gastos.pdf,1270,Gobierno Autónomo Municipal de Curva,60,True,ok,
data\raw\sigep_2026\categoria_programatica_grupo_gasto_total_gastos\2026_1271_Gobierno_Autónomo_Municipal_de_San_Pedro_de_Curahuara_categoria_programatica_grupo_gasto_total_gastos.pdf,2026_1271_Gobierno_Autónomo_Municipal_de_San_Pedro_de_Curahuara_categoria_programatica_grupo_gasto_total_gastos.pdf,1271,Gobierno Autónomo Municipal de San Pedro de Curahuara,77,True,ok,
data\raw\sigep_2026\categoria_programatica_grupo_gasto_total_gastos\2026_1272_Gobierno_Autónomo_Municipal_de_Papel_Pampa_categoria_programatica_grupo_gasto_total_gastos.pdf,2026_1272_Gobierno_Autónomo_Municipal_de_Papel_Pampa_categoria_programatica_grupo_gasto_total_gastos.pdf,1272,Gobierno Autónomo Municipal de Papel Pampa,79,True,ok,
data\raw\sigep_2026\categoria_programatica_grupo_gasto_total_gastos\2026_1273_Gobierno_Autónomo_Municipal_de_Chacarilla_categoria_programatica_grupo_gasto_total_gastos.pdf,2026_1273_Gobierno_Autónomo_Municipal_de_Chacarilla_categoria_programatica_grupo_gasto_total_gastos.pdf,1273,Gobierno Autónomo Municipal de Chacarilla,20,True,ok,
data\raw\sigep_2026\categoria_programatica_grupo_gasto_total_gastos\2026_1274_Gobierno_Autónomo_Municipal_de_Santiago_de_Machaca_categoria_programatica_grupo_gasto_total_gastos.pdf,2026_1274_Gobierno_Autónomo_Municipal_de_Santiago_de_Machaca_categoria_programatica_grupo_gasto_total_gastos.pdf,1274,Gobierno Autónomo Municipal de Santiago de Machaca,82,True,ok,
data\raw\sigep_2026\categoria_programatica_grupo_gasto_total_gastos\2026_1275_Gobierno_Autónomo_Municipal_de_Catacora_categoria_programatica_grupo_gasto_total_gastos.pdf,2026_1275_Gobierno_Autónomo_Municipal_de_Catacora_categoria_programatica_grupo_gasto_total_gastos.pdf,1275,Gobierno Autónomo Municipal de Catacora,48,True,ok,
data\raw\sigep_2026\categoria_programatica_grupo_gasto_total_gastos\2026_1276_Gobierno_Autónomo_Municipal_de_Mapiri_categoria_programatica_grupo_gasto_total_gastos.pdf,2026_1276_Gobierno_Autónomo_Municipal_de_Mapiri_categoria_programatica_grupo_gasto_total_gastos.pdf,1276,Gobierno Autónomo Municipal de Mapiri,89,True,ok,
data\raw\sigep_2026\categoria_programatica_grupo_gasto_total_gastos\2026_1277_Gobierno_Autónomo_Municipal_de_Teoponte_categoria_programatica_grupo_gasto_total_gastos.pdf,2026_1277_Gobierno_Autónomo_Municipal_de_Teoponte_categoria_programatica_grupo_gasto_total_gastos.pdf,1277,Gobierno Autónomo Municipal de Teoponte,81,True,ok,
data\raw\sigep_2026\categoria_programatica_grupo_gasto_total_gastos\2026_1278_Gobierno_Autónomo_Municipal_de_San_Andrés_de_Machaca_categoria_programatica_grupo_gasto_total_gastos.pdf,2026_1278_Gobierno_Autónomo_Municipal_de_San_Andrés_de_Machaca_categoria_programatica_grupo_gasto_total_gastos.pdf,1278,Gobierno Autónomo Municipal de San Andrés de Machaca,93,True,ok,
data\raw\sigep_2026\categoria_programatica_grupo_gasto_total_gastos\2026_1279_Gobierno_Autónomo_Municipal_de_Jesús_de_Machaca_categoria_programatica_grupo_gasto_total_gastos.pdf,2026_1279_Gobierno_Autónomo_Municipal_de_Jesús_de_Machaca_categoria_programatica_grupo_gasto_total_gastos.pdf,1279,Gobierno Autónomo Municipal de Jesús de Machaca,87,True,ok,
data\raw\sigep_2026\categoria_programatica_grupo_gasto_total_gastos\2026_1280_Gobierno_Autónomo_Municipal_de_Taraco_categoria_programatica_grupo_gasto_total_gastos.pdf,2026_1280_Gobierno_Autónomo_Municipal_de_Taraco_categoria_programatica_grupo_gasto_total_gastos.pdf,1280,Gobierno Autónomo Municipal de Taraco,80,True,ok,
data\raw\sigep_2026\categoria_programatica_grupo_gasto_total_gastos\2026_1281_Gobierno_Autónomo_Municipal_de_Huarina_categoria_programatica_grupo_gasto_total_gastos.pdf,2026_1281_Gobierno_Autónomo_Municipal_de_Huarina_categoria_programatica_grupo_gasto_total_gastos.pdf,1281,Gobierno Autónomo Municipal de Huarina,125,True,ok,
data\raw\sigep_2026\categoria_programatica_grupo_gasto_total_gastos\2026_1282_Gobierno_Autónomo_Municipal_de_Santiago_de_Huata_categoria_programatica_grupo_gasto_total_gastos.pdf,2026_1282_Gobierno_Autónomo_Municipal_de_Santiago_de_Huata_categoria_programatica_grupo_gasto_total_gastos.pdf,1282,Gobierno Autónomo Municipal de Santiago de Huata,17,True,ok,
data\raw\sigep_2026\categoria_programatica_grupo_gasto_total_gastos\2026_1283_Gobierno_Autónomo_Municipal_de_Escoma_categoria_programatica_grupo_gasto_total_gastos.pdf,2026_1283_Gobierno_Autónomo_Municipal_de_Escoma_categoria_programatica_grupo_gasto_total_gastos.pdf,1283,Gobierno Autónomo Municipal de Escoma,76,True,ok,
data\raw\sigep_2026\categoria_programatica_grupo_gasto_total_gastos\2026_1284_Gobierno_Autónomo_Municipal_de_Humanata_categoria_programatica_grupo_gasto_total_gastos.pdf,2026_1284_Gobierno_Autónomo_Municipal_de_Humanata_categoria_programatica_grupo_gasto_total_gastos.pdf,1284,Gobierno Autónomo Municipal de Humanata,83,True,ok,
data\raw\sigep_2026\categoria_programatica_grupo_gasto_total_gastos\2026_1285_Gobierno_Autónomo_Municipal_de_Alto_Beni_categoria_programatica_grupo_gasto_total_gastos.pdf,2026_1285_Gobierno_Autónomo_Municipal_de_Alto_Beni_categoria_programatica_grupo_gasto_total_gastos.pdf,1285,Gobierno Autónomo Municipal de Alto Beni,106,True,ok,
data\raw\sigep_2026\categoria_programatica_grupo_gasto_total_gastos\2026_1286_Gobierno_Autónomo_Municipal_de_Huatajata_categoria_programatica_grupo_gasto_total_gastos.pdf,2026_1286_Gobierno_Autónomo_Municipal_de_Huatajata_categoria_programatica_grupo_gasto_total_gastos.pdf,1286,Gobierno Autónomo Municipal de Huatajata,24,True,ok,
data\raw\sigep_2026\categoria_programatica_grupo_gasto_total_gastos\2026_1287_Gobierno_Autónomo_Municipal_de_Chua_Cocani_categoria_programatica_grupo_gasto_total_gastos.pdf,2026_1287_Gobierno_Autónomo_Municipal_de_Chua_Cocani_categoria_programatica_grupo_gasto_total_gastos.pdf,1287,Gobierno Autónomo Municipal de Chua Cocani,93,True,ok,
data\raw\sigep_2026\categoria_programatica_grupo_gasto_total_gastos\2026_1301_Gobierno_Autónomo_Municipal_de_Cochabamba_categoria_programatica_grupo_gasto_total_gastos.pdf,2026_1301_Gobierno_Autónomo_Municipal_de_Cochabamba_categoria_programatica_grupo_gasto_total_gastos.pdf,1301,Gobierno Autónomo Municipal de Cochabamba,762,True,ok,
data\raw\sigep_2026\categoria_programatica_grupo_gasto_total_gastos\2026_1302_Gobierno_Autónomo_Municipal_de_Quillacollo_categoria_programatica_grupo_gasto_total_gastos.pdf,2026_1302_Gobierno_Autónomo_Municipal_de_Quillacollo_categoria_programatica_grupo_gasto_total_gastos.pdf,1302,Gobierno Autónomo Municipal de Quillacollo,208,True,ok,
data\raw\sigep_2026\categoria_programatica_grupo_gasto_total_gastos\2026_1303_Gobierno_Autónomo_Municipal_de_Sipe_Sipe_categoria_programatica_grupo_gasto_total_gastos.pdf,2026_1303_Gobierno_Autónomo_Municipal_de_Sipe_Sipe_categoria_programatica_grupo_gasto_total_gastos.pdf,1303,Gobierno Autónomo Municipal de Sipe Sipe,137,True,ok,
data\raw\sigep_2026\categoria_programatica_grupo_gasto_total_gastos\2026_1304_Gobierno_Autónomo_Municipal_de_Tiquipaya_categoria_programatica_grupo_gasto_total_gastos.pdf,2026_1304_Gobierno_Autónomo_Municipal_de_Tiquipaya_categoria_programatica_grupo_gasto_total_gastos.pdf,1304,Gobierno Autónomo Municipal de Tiquipaya,184,True,ok,
data\raw\sigep_2026\categoria_programatica_grupo_gasto_total_gastos\2026_1305_Gobierno_Autónomo_Municipal_de_Vinto_categoria_programatica_grupo_gasto_total_gastos.pdf,2026_1305_Gobierno_Autónomo_Municipal_de_Vinto_categoria_programatica_grupo_gasto_total_gastos.pdf,1305,Gobierno Autónomo Municipal de Vinto,117,True,ok,
data\raw\sigep_2026\categoria_programatica_grupo_gasto_total_gastos\2026_1306_Gobierno_Autónomo_Municipal_de_Colcapirhua_categoria_programatica_grupo_gasto_total_gastos.pdf,2026_1306_Gobierno_Autónomo_Municipal_de_Colcapirhua_categoria_programatica_grupo_gasto_total_gastos.pdf,1306,Gobierno Autónomo Municipal de Colcapirhua,169,True,ok,
data\raw\sigep_2026\categoria_programatica_grupo_gasto_total_gastos\2026_1307_Gobierno_Autónomo_Municipal_de_Aiquile_categoria_programatica_grupo_gasto_total_gastos.pdf,2026_1307_Gobierno_Autónomo_Municipal_de_Aiquile_categoria_programatica_grupo_gasto_total_gastos.pdf,1307,Gobierno Autónomo Municipal de Aiquile,136,True,ok,
data\raw\sigep_2026\categoria_programatica_grupo_gasto_total_gastos\2026_1308_Gobierno_Autónomo_Municipal_de_Pasorapa_categoria_programatica_grupo_gasto_total_gastos.pdf,2026_1308_Gobierno_Autónomo_Municipal_de_Pasorapa_categoria_programatica_grupo_gasto_total_gastos.pdf,1308,Gobierno Autónomo Municipal de Pasorapa,96,True,ok,
data\raw\sigep_2026\categoria_programatica_grupo_gasto_total_gastos\2026_1309_Gobierno_Autónomo_Municipal_de_Omereque_categoria_programatica_grupo_gasto_total_gastos.pdf,2026_1309_Gobierno_Autónomo_Municipal_de_Omereque_categoria_programatica_grupo_gasto_total_gastos.pdf,1309,Gobierno Autónomo Municipal de Omereque,86,True,ok,
data\raw\sigep_2026\categoria_programatica_grupo_gasto_total_gastos\2026_1310_Gobierno_Autónomo_Municipal_de_Independencia_categoria_programatica_grupo_gasto_total_gastos.pdf,2026_1310_Gobierno_Autónomo_Municipal_de_Independencia_categoria_programatica_grupo_gasto_total_gastos.pdf,1310,Gobierno Autónomo Municipal de Independencia,105,True,ok,
data\raw\sigep_2026\categoria_programatica_grupo_gasto_total_gastos\2026_1311_Gobierno_Autónomo_Municipal_de_Morochata_categoria_programatica_grupo_gasto_total_gastos.pdf,2026_1311_Gobierno_Autónomo_Municipal_de_Morochata_categoria_programatica_grupo_gasto_total_gastos.pdf,1311,Gobierno Autónomo Municipal de Morochata,100,True,ok,
data\raw\sigep_2026\categoria_programatica_grupo_gasto_total_gastos\2026_1312_Gobierno_Autónomo_Municipal_de_Sacaba_categoria_programatica_grupo_gasto_total_gastos.pdf,2026_1312_Gobierno_Autónomo_Municipal_de_Sacaba_categoria_programatica_grupo_gasto_total_gastos.pdf,1312,Gobierno Autónomo Municipal de Sacaba,442,True,ok,
data\raw\sigep_2026\categoria_programatica_grupo_gasto_total_gastos\2026_1313_Gobierno_Autónomo_Municipal_de_Colomi_categoria_programatica_grupo_gasto_total_gastos.pdf,2026_1313_Gobierno_Autónomo_Municipal_de_Colomi_categoria_programatica_grupo_gasto_total_gastos.pdf,1313,Gobierno Autónomo Municipal de Colomi,109,True,ok,
data\raw\sigep_2026\categoria_programatica_grupo_gasto_total_gastos\2026_1314_Gobierno_Autónomo_Municipal_de_Villa_Tunari_categoria_programatica_grupo_gasto_total_gastos.pdf,2026_1314_Gobierno_Autónomo_Municipal_de_Villa_Tunari_categoria_programatica_grupo_gasto_total_gastos.pdf,1314,Gobierno Autónomo Municipal de Villa Tunari,187,True,ok,
data\raw\sigep_2026\categoria_programatica_grupo_gasto_total_gastos\2026_1315_Gobierno_Autónomo_Municipal_de_Punata_categoria_programatica_grupo_gasto_total_gastos.pdf,2026_1315_Gobierno_Autónomo_Municipal_de_Punata_categoria_programatica_grupo_gasto_total_gastos.pdf,1315,Gobierno Autónomo Municipal de Punata,149,True,ok,
data\raw\sigep_2026\categoria_programatica_grupo_gasto_total_gastos\2026_1316_Gobierno_Autónomo_Municipal_de_Villa_Rivero_categoria_programatica_grupo_gasto_total_gastos.pdf,2026_1316_Gobierno_Autónomo_Municipal_de_Villa_Rivero_categoria_programatica_grupo_gasto_total_gastos.pdf,1316,Gobierno Autónomo Municipal de Villa Rivero,104,True,ok,
data\raw\sigep_2026\categoria_programatica_grupo_gasto_total_gastos\2026_1317_Gobierno_Autónomo_Municipal_de_San_Benito_Villa_José_Quintín_Mendoza_categoria_programatica_grupo_gasto_total_gastos.pdf,2026_1317_Gobierno_Autónomo_Municipal_de_San_Benito_Villa_José_Quintín_Mendoza_categoria_programatica_grupo_gasto_total_gastos.pdf,1317,Gobierno Autónomo Municipal de San Benito (Villa José Quintín Mendoza),108,True,ok,
data\raw\sigep_2026\categoria_programatica_grupo_gasto_total_gastos\2026_1318_Gobierno_Autónomo_Municipal_de_Tacachi_categoria_programatica_grupo_gasto_total_gastos.pdf,2026_1318_Gobierno_Autónomo_Municipal_de_Tacachi_categoria_programatica_grupo_gasto_total_gastos.pdf,1318,Gobierno Autónomo Municipal de Tacachi,71,True,ok,
data\raw\sigep_2026\categoria_programatica_grupo_gasto_total_gastos\2026_1319_Gobierno_Autónomo_Municipal_Villa_Gualberto_Villarroel_categoria_programatica_grupo_gasto_total_gastos.pdf,2026_1319_Gobierno_Autónomo_Municipal_Villa_Gualberto_Villarroel_categoria_programatica_grupo_gasto_total_gastos.pdf,1319,Gobierno Autónomo Municipal Villa Gualberto Villarroel,89,True,ok,
data\raw\sigep_2026\categoria_programatica_grupo_gasto_total_gastos\2026_1320_Gobierno_Autónomo_Municipal_de_Tarata_categoria_programatica_grupo_gasto_total_gastos.pdf,2026_1320_Gobierno_Autónomo_Municipal_de_Tarata_categoria_programatica_grupo_gasto_total_gastos.pdf,1320,Gobierno Autónomo Municipal de Tarata,105,True,ok,
data\raw\sigep_2026\categoria_programatica_grupo_gasto_total_gastos\2026_1321_Gobierno_Autónomo_Municipal_de_Anzaldo_categoria_programatica_grupo_gasto_total_gastos.pdf,2026_1321_Gobierno_Autónomo_Municipal_de_Anzaldo_categoria_programatica_grupo_gasto_total_gastos.pdf,1321,Gobierno Autónomo Municipal de Anzaldo,20,True,ok,
data\raw\sigep_2026\categoria_programatica_grupo_gasto_total_gastos\2026_1322_Gobierno_Autónomo_Municipal_de_Arbieto_categoria_programatica_grupo_gasto_total_gastos.pdf,2026_1322_Gobierno_Autónomo_Municipal_de_Arbieto_categoria_programatica_grupo_gasto_total_gastos.pdf,1322,Gobierno Autónomo Municipal de Arbieto,120,True,ok,
data\raw\sigep_2026\categoria_programatica_grupo_gasto_total_gastos\2026_1323_Gobierno_Autónomo_Municipal_de_Sacabamba_categoria_programatica_grupo_gasto_total_gastos.pdf,2026_1323_Gobierno_Autónomo_Municipal_de_Sacabamba_categoria_programatica_grupo_gasto_total_gastos.pdf,1323,Gobierno Autónomo Municipal de Sacabamba,87,True,ok,
data\raw\sigep_2026\categoria_programatica_grupo_gasto_total_gastos\2026_1324_Gobierno_Autónomo_Municipal_de_Cliza_categoria_programatica_grupo_gasto_total_gastos.pdf,2026_1324_Gobierno_Autónomo_Municipal_de_Cliza_categoria_programatica_grupo_gasto_total_gastos.pdf,1324,Gobierno Autónomo Municipal de Cliza,161,True,ok,
data\raw\sigep_2026\categoria_programatica_grupo_gasto_total_gastos\2026_1325_Gobierno_Autónomo_Municipal_de_Toco_categoria_programatica_grupo_gasto_total_gastos.pdf,2026_1325_Gobierno_Autónomo_Municipal_de_Toco_categoria_programatica_grupo_gasto_total_gastos.pdf,1325,Gobierno Autónomo Municipal de Toco,23,True,ok,
data\raw\sigep_2026\categoria_programatica_grupo_gasto_total_gastos\2026_1326_Gobierno_Autónomo_Municipal_de_Tolata_categoria_programatica_grupo_gasto_total_gastos.pdf,2026_1326_Gobierno_Autónomo_Municipal_de_Tolata_categoria_programatica_grupo_gasto_total_gastos.pdf,1326,Gobierno Autónomo Municipal de Tolata,121,True,ok,
data\raw\sigep_2026\categoria_programatica_grupo_gasto_total_gastos\2026_1327_Gobierno_Autónomo_Municipal_de_Capinota_categoria_programatica_grupo_gasto_total_gastos.pdf,2026_1327_Gobierno_Autónomo_Municipal_de_Capinota_categoria_programatica_grupo_gasto_total_gastos.pdf,1327,Gobierno Autónomo Municipal de Capinota,21,True,ok,
data\raw\sigep_2026\categoria_programatica_grupo_gasto_total_gastos\2026_1328_Gobierno_Autónomo_Municipal_de_Santivañez_categoria_programatica_grupo_gasto_total_gastos.pdf,2026_1328_Gobierno_Autónomo_Municipal_de_Santivañez_categoria_programatica_grupo_gasto_total_gastos.pdf,1328,Gobierno Autónomo Municipal de Santivañez,96,True,ok,
data\raw\sigep_2026\categoria_programatica_grupo_gasto_total_gastos\2026_1329_Gobierno_Autónomo_Municipal_de_Sicaya_categoria_programatica_grupo_gasto_total_gastos.pdf,2026_1329_Gobierno_Autónomo_Municipal_de_Sicaya_categoria_programatica_grupo_gasto_total_gastos.pdf,1329,Gobierno Autónomo Municipal de Sicaya,101,True,ok,
data\raw\sigep_2026\categoria_programatica_grupo_gasto_total_gastos\2026_1330_Gobierno_Autónomo_Municipal_de_Tapacari_categoria_programatica_grupo_gasto_total_gastos.pdf,2026_1330_Gobierno_Autónomo_Municipal_de_Tapacari_categoria_programatica_grupo_gasto_total_gastos.pdf,1330,Gobierno Autónomo Municipal de Tapacari,19,True,ok,
data\raw\sigep_2026\categoria_programatica_grupo_gasto_total_gastos\2026_1331_Gobierno_Autónomo_Municipal_de_Totora_categoria_programatica_grupo_gasto_total_gastos.pdf,2026_1331_Gobierno_Autónomo_Municipal_de_Totora_categoria_programatica_grupo_gasto_total_gastos.pdf,1331,Gobierno Autónomo Municipal de Totora,111,True,ok,
data\raw\sigep_2026\categoria_programatica_grupo_gasto_total_gastos\2026_1332_Gobierno_Autónomo_Municipal_de_Pojo_categoria_programatica_grupo_gasto_total_gastos.pdf,2026_1332_Gobierno_Autónomo_Municipal_de_Pojo_categoria_programatica_grupo_gasto_total_gastos.pdf,1332,Gobierno Autónomo Municipal de Pojo,103,True,ok,
data\raw\sigep_2026\categoria_programatica_grupo_gasto_total_gastos\2026_1333_Gobierno_Autónomo_Municipal_de_Pocona_categoria_programatica_grupo_gasto_total_gastos.pdf,2026_1333_Gobierno_Autónomo_Municipal_de_Pocona_categoria_programatica_grupo_gasto_total_gastos.pdf,1333,Gobierno Autónomo Municipal de Pocona,112,True,ok,
data\raw\sigep_2026\categoria_programatica_grupo_gasto_total_gastos\2026_1334_Gobierno_Autónomo_Municipal_de_Chimoré_categoria_programatica_grupo_gasto_total_gastos.pdf,2026_1334_Gobierno_Autónomo_Municipal_de_Chimoré_categoria_programatica_grupo_gasto_total_gastos.pdf,1334,Gobierno Autónomo Municipal de Chimoré,89,True,ok,
data\raw\sigep_2026\categoria_programatica_grupo_gasto_total_gastos\2026_1335_Gobierno_Autónomo_Municipal_de_Puerto_Villarroel_categoria_programatica_grupo_gasto_total_gastos.pdf,2026_1335_Gobierno_Autónomo_Municipal_de_Puerto_Villarroel_categoria_programatica_grupo_gasto_total_gastos.pdf,1335,Gobierno Autónomo Municipal de Puerto Villarroel,153,True,ok,
data\raw\sigep_2026\categoria_programatica_grupo_gasto_total_gastos\2026_1336_Gobierno_Autónomo_Municipal_de_Arani_categoria_programatica_grupo_gasto_total_gastos.pdf,2026_1336_Gobierno_Autónomo_Municipal_de_Arani_categoria_programatica_grupo_gasto_total_gastos.pdf,1336,Gobierno Autónomo Municipal de Arani,138,True,ok,
data\raw\sigep_2026\categoria_programatica_grupo_gasto_total_gastos\2026_1337_Gobierno_Autónomo_Municipal_de_Vacas_categoria_programatica_grupo_gasto_total_gastos.pdf,2026_1337_Gobierno_Autónomo_Municipal_de_Vacas_categoria_programatica_grupo_gasto_total_gastos.pdf,1337,Gobierno Autónomo Municipal de Vacas,111,True,ok,
data\raw\sigep_2026\categoria_programatica_grupo_gasto_total_gastos\2026_1338_Gobierno_Autónomo_Municipal_de_Arque_categoria_programatica_grupo_gasto_total_gastos.pdf,2026_1338_Gobierno_Autónomo_Municipal_de_Arque_categoria_programatica_grupo_gasto_total_gastos.pdf,1338,Gobierno Autónomo Municipal de Arque,89,True,ok,
data\raw\sigep_2026\categoria_programatica_grupo_gasto_total_gastos\2026_1339_Gobierno_Autónomo_Municipal_de_Tacopaya_categoria_programatica_grupo_gasto_total_gastos.pdf,2026_1339_Gobierno_Autónomo_Municipal_de_Tacopaya_categoria_programatica_grupo_gasto_total_gastos.pdf,1339,Gobierno Autónomo Municipal de Tacopaya,85,True,ok,
data\raw\sigep_2026\categoria_programatica_grupo_gasto_total_gastos\2026_1340_Gobierno_Autónomo_Municipal_de_Bolivar_categoria_programatica_grupo_gasto_total_gastos.pdf,2026_1340_Gobierno_Autónomo_Municipal_de_Bolivar_categoria_programatica_grupo_gasto_total_gastos.pdf,1340,Gobierno Autónomo Municipal de Bolivar,83,True,ok,
data\raw\sigep_2026\categoria_programatica_grupo_gasto_total_gastos\2026_1341_Gobierno_Autónomo_Municipal_de_Tiraque_categoria_programatica_grupo_gasto_total_gastos.pdf,2026_1341_Gobierno_Autónomo_Municipal_de_Tiraque_categoria_programatica_grupo_gasto_total_gastos.pdf,1341,Gobierno Autónomo Municipal de Tiraque,102,True,ok,
data\raw\sigep_2026\categoria_programatica_grupo_gasto_total_gastos\2026_1342_Gobierno_Autónomo_Municipal_de_Mizque_categoria_programatica_grupo_gasto_total_gastos.pdf,2026_1342_Gobierno_Autónomo_Municipal_de_Mizque_categoria_programatica_grupo_gasto_total_gastos.pdf,1342,Gobierno Autónomo Municipal de Mizque,117,True,ok,
data\raw\sigep_2026\categoria_programatica_grupo_gasto_total_gastos\2026_1343_Gobierno_Autónomo_Municipal_de_Vila_Vila_categoria_programatica_grupo_gasto_total_gastos.pdf,2026_1343_Gobierno_Autónomo_Municipal_de_Vila_Vila_categoria_programatica_grupo_gasto_total_gastos.pdf,1343,Gobierno Autónomo Municipal de Vila Vila,92,True,ok,
data\raw\sigep_2026\categoria_programatica_grupo_gasto_total_gastos\2026_1344_Gobierno_Autónomo_Municipal_de_Alalay_categoria_programatica_grupo_gasto_total_gastos.pdf,2026_1344_Gobierno_Autónomo_Municipal_de_Alalay_categoria_programatica_grupo_gasto_total_gastos.pdf,1344,Gobierno Autónomo Municipal de Alalay,69,True,ok,
data\raw\sigep_2026\categoria_programatica_grupo_gasto_total_gastos\2026_1345_Gobierno_Autónomo_Municipal_de_Entre_Rios_categoria_programatica_grupo_gasto_total_gastos.pdf,2026_1345_Gobierno_Autónomo_Municipal_de_Entre_Rios_categoria_programatica_grupo_gasto_total_gastos.pdf,1345,Gobierno Autónomo Municipal de Entre Rios,117,True,ok,
data\raw\sigep_2026\categoria_programatica_grupo_gasto_total_gastos\2026_1346_Gobierno_Autónomo_Municipal_de_Cocapata_categoria_programatica_grupo_gasto_total_gastos.pdf,2026_1346_Gobierno_Autónomo_Municipal_de_Cocapata_categoria_programatica_grupo_gasto_total_gastos.pdf,1346,Gobierno Autónomo Municipal de Cocapata,89,True,ok,
data\raw\sigep_2026\categoria_programatica_grupo_gasto_total_gastos\2026_1347_Gobierno_Autónomo_Municipal_de_Shinahota_categoria_programatica_grupo_gasto_total_gastos.pdf,2026_1347_Gobierno_Autónomo_Municipal_de_Shinahota_categoria_programatica_grupo_gasto_total_gastos.pdf,1347,Gobierno Autónomo Municipal de Shinahota,84,True,ok,
data\raw\sigep_2026\categoria_programatica_grupo_gasto_total_gastos\2026_1401_Gobierno_Autónomo_Municipal_de_Oruro_categoria_programatica_grupo_gasto_total_gastos.pdf,2026_1401_Gobierno_Autónomo_Municipal_de_Oruro_categoria_programatica_grupo_gasto_total_gastos.pdf,1401,Gobierno Autónomo Municipal de Oruro,208,True,ok,
data\raw\sigep_2026\categoria_programatica_grupo_gasto_total_gastos\2026_1402_Gobierno_Autónomo_Municipal_de_Caracollo_categoria_programatica_grupo_gasto_total_gastos.pdf,2026_1402_Gobierno_Autónomo_Municipal_de_Caracollo_categoria_programatica_grupo_gasto_total_gastos.pdf,1402,Gobierno Autónomo Municipal de Caracollo,116,True,ok,
data\raw\sigep_2026\categoria_programatica_grupo_gasto_total_gastos\2026_1403_Gobierno_Autónomo_Municipal_de_El_Choro_categoria_programatica_grupo_gasto_total_gastos.pdf,2026_1403_Gobierno_Autónomo_Municipal_de_El_Choro_categoria_programatica_grupo_gasto_total_gastos.pdf,1403,Gobierno Autónomo Municipal de El Choro,94,True,ok,
data\raw\sigep_2026\categoria_programatica_grupo_gasto_total_gastos\2026_1404_Gobierno_Autónomo_Municipal_de_Challapata_categoria_programatica_grupo_gasto_total_gastos.pdf,2026_1404_Gobierno_Autónomo_Municipal_de_Challapata_categoria_programatica_grupo_gasto_total_gastos.pdf,1404,Gobierno Autónomo Municipal de Challapata,179,True,ok,
data\raw\sigep_2026\categoria_programatica_grupo_gasto_total_gastos\2026_1405_Gobierno_Autónomo_Municipal_de_Santuario_de_Quillacas_categoria_programatica_grupo_gasto_total_gastos.pdf,2026_1405_Gobierno_Autónomo_Municipal_de_Santuario_de_Quillacas_categoria_programatica_grupo_gasto_total_gastos.pdf,1405,Gobierno Autónomo Municipal de Santuario de Quillacas,66,True,ok,
data\raw\sigep_2026\categoria_programatica_grupo_gasto_total_gastos\2026_1406_Gobierno_Autónomo_Municipal_de_Huanuni_categoria_programatica_grupo_gasto_total_gastos.pdf,2026_1406_Gobierno_Autónomo_Municipal_de_Huanuni_categoria_programatica_grupo_gasto_total_gastos.pdf,1406,Gobierno Autónomo Municipal de Huanuni,125,True,ok,
data\raw\sigep_2026\categoria_programatica_grupo_gasto_total_gastos\2026_1407_Gobierno_Autónomo_Municipal_de_Machacamarca_categoria_programatica_grupo_gasto_total_gastos.pdf,2026_1407_Gobierno_Autónomo_Municipal_de_Machacamarca_categoria_programatica_grupo_gasto_total_gastos.pdf,1407,Gobierno Autónomo Municipal de Machacamarca,125,True,ok,
data\raw\sigep_2026\categoria_programatica_grupo_gasto_total_gastos\2026_1408_Gobierno_Autónomo_Municipal_de_Poopó_Villa_Poopó_categoria_programatica_grupo_gasto_total_gastos.pdf,2026_1408_Gobierno_Autónomo_Municipal_de_Poopó_Villa_Poopó_categoria_programatica_grupo_gasto_total_gastos.pdf,1408,Gobierno Autónomo Municipal de Poopó (Villa Poopó),102,True,ok,
data\raw\sigep_2026\categoria_programatica_grupo_gasto_total_gastos\2026_1409_Gobierno_Autónomo_Municipal_de_Pazña_categoria_programatica_grupo_gasto_total_gastos.pdf,2026_1409_Gobierno_Autónomo_Municipal_de_Pazña_categoria_programatica_grupo_gasto_total_gastos.pdf,1409,Gobierno Autónomo Municipal de Pazña,112,True,ok,
data\raw\sigep_2026\categoria_programatica_grupo_gasto_total_gastos\2026_1410_Gobierno_Autónomo_Municipal_de_Antequera_categoria_programatica_grupo_gasto_total_gastos.pdf,2026_1410_Gobierno_Autónomo_Municipal_de_Antequera_categoria_programatica_grupo_gasto_total_gastos.pdf,1410,Gobierno Autónomo Municipal de Antequera,114,True,ok,
data\raw\sigep_2026\categoria_programatica_grupo_gasto_total_gastos\2026_1411_Gobierno_Autónomo_Municipal_de_Eucaliptus_categoria_programatica_grupo_gasto_total_gastos.pdf,2026_1411_Gobierno_Autónomo_Municipal_de_Eucaliptus_categoria_programatica_grupo_gasto_total_gastos.pdf,1411,Gobierno Autónomo Municipal de Eucaliptus,95,True,ok,
data\raw\sigep_2026\categoria_programatica_grupo_gasto_total_gastos\2026_1412_Gobierno_Autónomo_Municipal_de_Santiago_de_Huari_categoria_programatica_grupo_gasto_total_gastos.pdf,2026_1412_Gobierno_Autónomo_Municipal_de_Santiago_de_Huari_categoria_programatica_grupo_gasto_total_gastos.pdf,1412,Gobierno Autónomo Municipal de Santiago de Huari,20,True,ok,
data\raw\sigep_2026\categoria_programatica_grupo_gasto_total_gastos\2026_1413_Gobierno_Autónomo_Municipal_de_Totora_categoria_programatica_grupo_gasto_total_gastos.pdf,2026_1413_Gobierno_Autónomo_Municipal_de_Totora_categoria_programatica_grupo_gasto_total_gastos.pdf,1413,Gobierno Autónomo Municipal de Totora,100,True,ok,
data\raw\sigep_2026\categoria_programatica_grupo_gasto_total_gastos\2026_1414_Gobierno_Autónomo_Municipal_de_Corque_categoria_programatica_grupo_gasto_total_gastos.pdf,2026_1414_Gobierno_Autónomo_Municipal_de_Corque_categoria_programatica_grupo_gasto_total_gastos.pdf,1414,Gobierno Autónomo Municipal de Corque,132,True,ok,
data\raw\sigep_2026\categoria_programatica_grupo_gasto_total_gastos\2026_1415_Gobierno_Autónomo_Municipal_de_Choquecota_categoria_programatica_grupo_gasto_total_gastos.pdf,2026_1415_Gobierno_Autónomo_Municipal_de_Choquecota_categoria_programatica_grupo_gasto_total_gastos.pdf,1415,Gobierno Autónomo Municipal de Choquecota,97,True,ok,
data\raw\sigep_2026\categoria_programatica_grupo_gasto_total_gastos\2026_1416_Gobierno_Autónomo_Municipal_de_Curahuara_de_Carangas_categoria_programatica_grupo_gasto_total_gastos.pdf,2026_1416_Gobierno_Autónomo_Municipal_de_Curahuara_de_Carangas_categoria_programatica_grupo_gasto_total_gastos.pdf,1416,Gobierno Autónomo Municipal de Curahuara de Carangas,108,True,ok,
data\raw\sigep_2026\categoria_programatica_grupo_gasto_total_gastos\2026_1417_Gobierno_Autónomo_Municipal_de_Turco_categoria_programatica_grupo_gasto_total_gastos.pdf,2026_1417_Gobierno_Autónomo_Municipal_de_Turco_categoria_programatica_grupo_gasto_total_gastos.pdf,1417,Gobierno Autónomo Municipal de Turco,84,True,ok,
data\raw\sigep_2026\categoria_programatica_grupo_gasto_total_gastos\2026_1418_Gobierno_Autónomo_Municipal_de_Huachacalla_categoria_programatica_grupo_gasto_total_gastos.pdf,2026_1418_Gobierno_Autónomo_Municipal_de_Huachacalla_categoria_programatica_grupo_gasto_total_gastos.pdf,1418,Gobierno Autónomo Municipal de Huachacalla,20,True,ok,
data\raw\sigep_2026\categoria_programatica_grupo_gasto_total_gastos\2026_1419_Gobierno_Autónomo_Municipal_de_Escara_categoria_programatica_grupo_gasto_total_gastos.pdf,2026_1419_Gobierno_Autónomo_Municipal_de_Escara_categoria_programatica_grupo_gasto_total_gastos.pdf,1419,Gobierno Autónomo Municipal de Escara,94,True,ok,
data\raw\sigep_2026\categoria_programatica_grupo_gasto_total_gastos\2026_1420_Gobierno_Autónomo_Municipal_de_Cruz_de_Machacamarca_categoria_programatica_grupo_gasto_total_gastos.pdf,2026_1420_Gobierno_Autónomo_Municipal_de_Cruz_de_Machacamarca_categoria_programatica_grupo_gasto_total_gastos.pdf,1420,Gobierno Autónomo Municipal de Cruz de Machacamarca,81,True,ok,
data\raw\sigep_2026\categoria_programatica_grupo_gasto_total_gastos\2026_1421_Gobierno_Autónomo_Municipal_de_Yunguyo_de_Litoral_categoria_programatica_grupo_gasto_total_gastos.pdf,2026_1421_Gobierno_Autónomo_Municipal_de_Yunguyo_de_Litoral_categoria_programatica_grupo_gasto_total_gastos.pdf,1421,Gobierno Autónomo Municipal de Yunguyo de Litoral,53,True,ok,
data\raw\sigep_2026\categoria_programatica_grupo_gasto_total_gastos\2026_1422_Gobierno_Autónomo_Municipal_de_Esmeralda_categoria_programatica_grupo_gasto_total_gastos.pdf,2026_1422_Gobierno_Autónomo_Municipal_de_Esmeralda_categoria_programatica_grupo_gasto_total_gastos.pdf,1422,Gobierno Autónomo Municipal de Esmeralda,81,True,ok,
data\raw\sigep_2026\categoria_programatica_grupo_gasto_total_gastos\2026_1423_Gobierno_Autónomo_Municipal_de_Toledo_categoria_programatica_grupo_gasto_total_gastos.pdf,2026_1423_Gobierno_Autónomo_Municipal_de_Toledo_categoria_programatica_grupo_gasto_total_gastos.pdf,1423,Gobierno Autónomo Municipal de Toledo,125,True,ok,
data\raw\sigep_2026\categoria_programatica_grupo_gasto_total_gastos\2026_1424_Gobierno_Autónomo_Municipal_de_Andamarca_Santiago_de_Andamarca_categoria_programatica_grupo_gasto_total_gastos.pdf,2026_1424_Gobierno_Autónomo_Municipal_de_Andamarca_Santiago_de_Andamarca_categoria_programatica_grupo_gasto_total_gastos.pdf,1424,Gobierno Autónomo Municipal de Andamarca (Santiago de Andamarca),108,True,ok,
data\raw\sigep_2026\categoria_programatica_grupo_gasto_total_gastos\2026_1425_Gobierno_Autónomo_Municipal_de_Belén_de_Andamarca_categoria_programatica_grupo_gasto_total_gastos.pdf,2026_1425_Gobierno_Autónomo_Municipal_de_Belén_de_Andamarca_categoria_programatica_grupo_gasto_total_gastos.pdf,1425,Gobierno Autónomo Municipal de Belén de Andamarca,98,True,ok,
data\raw\sigep_2026\categoria_programatica_grupo_gasto_total_gastos\2026_1427_Gobierno_Autónomo_Municipal_de_Pampa_Aullagas_categoria_programatica_grupo_gasto_total_gastos.pdf,2026_1427_Gobierno_Autónomo_Municipal_de_Pampa_Aullagas_categoria_programatica_grupo_gasto_total_gastos.pdf,1427,Gobierno Autónomo Municipal de Pampa Aullagas,95,True,ok,
data\raw\sigep_2026\categoria_programatica_grupo_gasto_total_gastos\2026_1428_Gobierno_Autónomo_Municipal_de_La_Rivera_categoria_programatica_grupo_gasto_total_gastos.pdf,2026_1428_Gobierno_Autónomo_Municipal_de_La_Rivera_categoria_programatica_grupo_gasto_total_gastos.pdf,1428,Gobierno Autónomo Municipal de La Rivera,85,True,ok,
data\raw\sigep_2026\categoria_programatica_grupo_gasto_total_gastos\2026_1429_Gobierno_Autónomo_Municipal_de_Todos_Santos_categoria_programatica_grupo_gasto_total_gastos.pdf,2026_1429_Gobierno_Autónomo_Municipal_de_Todos_Santos_categoria_programatica_grupo_gasto_total_gastos.pdf,1429,Gobierno Autónomo Municipal de Todos Santos,73,True,ok,
data\raw\sigep_2026\categoria_programatica_grupo_gasto_total_gastos\2026_1430_Gobierno_Autónomo_Municipal_de_Carangas_categoria_programatica_grupo_gasto_total_gastos.pdf,2026_1430_Gobierno_Autónomo_Municipal_de_Carangas_categoria_programatica_grupo_gasto_total_gastos.pdf,1430,Gobierno Autónomo Municipal de Carangas,92,True,ok,
data\raw\sigep_2026\categoria_programatica_grupo_gasto_total_gastos\2026_1431_Gobierno_Autónomo_Municipal_de_Sabaya_categoria_programatica_grupo_gasto_total_gastos.pdf,2026_1431_Gobierno_Autónomo_Municipal_de_Sabaya_categoria_programatica_grupo_gasto_total_gastos.pdf,1431,Gobierno Autónomo Municipal de Sabaya,96,True,ok,
data\raw\sigep_2026\categoria_programatica_grupo_gasto_total_gastos\2026_1432_Gobierno_Autónomo_Municipal_de_Coipasa_categoria_programatica_grupo_gasto_total_gastos.pdf,2026_1432_Gobierno_Autónomo_Municipal_de_Coipasa_categoria_programatica_grupo_gasto_total_gastos.pdf,1432,Gobierno Autónomo Municipal de Coipasa,93,True,ok,
data\raw\sigep_2026\categoria_programatica_grupo_gasto_total_gastos\2026_1434_Gobierno_Autónomo_Municipal_de_Huayllamarca_Santiago_de_Huayllamarca_categoria_programatica_grupo_gasto_total_gastos.pdf,2026_1434_Gobierno_Autónomo_Municipal_de_Huayllamarca_Santiago_de_Huayllamarca_categoria_programatica_grupo_gasto_total_gastos.pdf,1434,Gobierno Autónomo Municipal de Huayllamarca (Santiago de Huayllamarca),121,True,ok,
data\raw\sigep_2026\categoria_programatica_grupo_gasto_total_gastos\2026_1435_Gobierno_Autónomo_Municipal_de_Soracachi_categoria_programatica_grupo_gasto_total_gastos.pdf,2026_1435_Gobierno_Autónomo_Municipal_de_Soracachi_categoria_programatica_grupo_gasto_total_gastos.pdf,1435,Gobierno Autónomo Municipal de Soracachi,104,True,ok,
data\raw\sigep_2026\categoria_programatica_grupo_gasto_total_gastos\2026_1501_Gobierno_Autónomo_Municipal_de_Potosí_categoria_programatica_grupo_gasto_total_gastos.pdf,2026_1501_Gobierno_Autónomo_Municipal_de_Potosí_categoria_programatica_grupo_gasto_total_gastos.pdf,1501,Gobierno Autónomo Municipal de Potosí,927,True,ok,
data\raw\sigep_2026\categoria_programatica_grupo_gasto_total_gastos\2026_1502_Gobierno_Autónomo_Municipal_de_Tinguipaya_categoria_programatica_grupo_gasto_total_gastos.pdf,2026_1502_Gobierno_Autónomo_Municipal_de_Tinguipaya_categoria_programatica_grupo_gasto_total_gastos.pdf,1502,Gobierno Autónomo Municipal de Tinguipaya,150,True,ok,
data\raw\sigep_2026\categoria_programatica_grupo_gasto_total_gastos\2026_1503_Gobierno_Autónomo_Municipal_de_Yocalla_categoria_programatica_grupo_gasto_total_gastos.pdf,2026_1503_Gobierno_Autónomo_Municipal_de_Yocalla_categoria_programatica_grupo_gasto_total_gastos.pdf,1503,Gobierno Autónomo Municipal de Yocalla,80,True,ok,
data\raw\sigep_2026\categoria_programatica_grupo_gasto_total_gastos\2026_1504_Gobierno_Autónomo_Municipal_de_Urmiri_categoria_programatica_grupo_gasto_total_gastos.pdf,2026_1504_Gobierno_Autónomo_Municipal_de_Urmiri_categoria_programatica_grupo_gasto_total_gastos.pdf,1504,Gobierno Autónomo Municipal de Urmiri,102,True,ok,
data\raw\sigep_2026\categoria_programatica_grupo_gasto_total_gastos\2026_1505_Gobierno_Autónomo_Municipal_de_Uncía_categoria_programatica_grupo_gasto_total_gastos.pdf,2026_1505_Gobierno_Autónomo_Municipal_de_Uncía_categoria_programatica_grupo_gasto_total_gastos.pdf,1505,Gobierno Autónomo Municipal de Uncía,229,True,ok,
data\raw\sigep_2026\categoria_programatica_grupo_gasto_total_gastos\2026_1506_Gobierno_Autónomo_Municipal_de_Chayanta_categoria_programatica_grupo_gasto_total_gastos.pdf,2026_1506_Gobierno_Autónomo_Municipal_de_Chayanta_categoria_programatica_grupo_gasto_total_gastos.pdf,1506,Gobierno Autónomo Municipal de Chayanta,94,True,ok,
data\raw\sigep_2026\categoria_programatica_grupo_gasto_total_gastos\2026_1507_Gobierno_Autónomo_Municipal_de_Llallagua_categoria_programatica_grupo_gasto_total_gastos.pdf,2026_1507_Gobierno_Autónomo_Municipal_de_Llallagua_categoria_programatica_grupo_gasto_total_gastos.pdf,1507,Gobierno Autónomo Municipal de Llallagua,15,True,ok,
data\raw\sigep_2026\categoria_programatica_grupo_gasto_total_gastos\2026_1508_Gobierno_Autónomo_Municipal_de_Betanzos_categoria_programatica_grupo_gasto_total_gastos.pdf,2026_1508_Gobierno_Autónomo_Municipal_de_Betanzos_categoria_programatica_grupo_gasto_total_gastos.pdf,1508,Gobierno Autónomo Municipal de Betanzos,117,True,ok,
data\raw\sigep_2026\categoria_programatica_grupo_gasto_total_gastos\2026_1509_Gobierno_Autónomo_Municipal_de_Chaqui_categoria_programatica_grupo_gasto_total_gastos.pdf,2026_1509_Gobierno_Autónomo_Municipal_de_Chaqui_categoria_programatica_grupo_gasto_total_gastos.pdf,1509,Gobierno Autónomo Municipal de Chaqui,97,True,ok,
data\raw\sigep_2026\categoria_programatica_grupo_gasto_total_gastos\2026_1510_Gobierno_Autónomo_Municipal_de_Tacobamba_categoria_programatica_grupo_gasto_total_gastos.pdf,2026_1510_Gobierno_Autónomo_Municipal_de_Tacobamba_categoria_programatica_grupo_gasto_total_gastos.pdf,1510,Gobierno Autónomo Municipal de Tacobamba,92,True,ok,
data\raw\sigep_2026\categoria_programatica_grupo_gasto_total_gastos\2026_1511_Gobierno_Autónomo_Municipal_de_Colquechaca_categoria_programatica_grupo_gasto_total_gastos.pdf,2026_1511_Gobierno_Autónomo_Municipal_de_Colquechaca_categoria_programatica_grupo_gasto_total_gastos.pdf,1511,Gobierno Autónomo Municipal de Colquechaca,98,True,ok,
data\raw\sigep_2026\categoria_programatica_grupo_gasto_total_gastos\2026_1512_Gobierno_Autónomo_Municipal_de_Ravelo_categoria_programatica_grupo_gasto_total_gastos.pdf,2026_1512_Gobierno_Autónomo_Municipal_de_Ravelo_categoria_programatica_grupo_gasto_total_gastos.pdf,1512,Gobierno Autónomo Municipal de Ravelo,122,True,ok,
data\raw\sigep_2026\categoria_programatica_grupo_gasto_total_gastos\2026_1513_Gobierno_Autónomo_Municipal_de_Pocoata_categoria_programatica_grupo_gasto_total_gastos.pdf,2026_1513_Gobierno_Autónomo_Municipal_de_Pocoata_categoria_programatica_grupo_gasto_total_gastos.pdf,1513,Gobierno Autónomo Municipal de Pocoata,103,True,ok,
data\raw\sigep_2026\categoria_programatica_grupo_gasto_total_gastos\2026_1514_Gobierno_Autónomo_Municipal_de_Ocurí_categoria_programatica_grupo_gasto_total_gastos.pdf,2026_1514_Gobierno_Autónomo_Municipal_de_Ocurí_categoria_programatica_grupo_gasto_total_gastos.pdf,1514,Gobierno Autónomo Municipal de Ocurí,77,True,ok,
data\raw\sigep_2026\categoria_programatica_grupo_gasto_total_gastos\2026_1515_Gobierno_Autónomo_Municipal_de_San_Pedro_de_Buena_Vista_categoria_programatica_grupo_gasto_total_gastos.pdf,2026_1515_Gobierno_Autónomo_Municipal_de_San_Pedro_de_Buena_Vista_categoria_programatica_grupo_gasto_total_gastos.pdf,1515,Gobierno Autónomo Municipal de San Pedro de Buena Vista,115,True,ok,
data\raw\sigep_2026\categoria_programatica_grupo_gasto_total_gastos\2026_1516_Gobierno_Autónomo_Municipal_de_Toro_Toro_categoria_programatica_grupo_gasto_total_gastos.pdf,2026_1516_Gobierno_Autónomo_Municipal_de_Toro_Toro_categoria_programatica_grupo_gasto_total_gastos.pdf,1516,Gobierno Autónomo Municipal de Toro Toro,87,True,ok,
data\raw\sigep_2026\categoria_programatica_grupo_gasto_total_gastos\2026_1517_Gobierno_Autónomo_Municipal_de_Cotagaita_categoria_programatica_grupo_gasto_total_gastos.pdf,2026_1517_Gobierno_Autónomo_Municipal_de_Cotagaita_categoria_programatica_grupo_gasto_total_gastos.pdf,1517,Gobierno Autónomo Municipal de Cotagaita,125,True,ok,
data\raw\sigep_2026\categoria_programatica_grupo_gasto_total_gastos\2026_1518_Gobierno_Autónomo_Municipal_de_Vitichi_categoria_programatica_grupo_gasto_total_gastos.pdf,2026_1518_Gobierno_Autónomo_Municipal_de_Vitichi_categoria_programatica_grupo_gasto_total_gastos.pdf,1518,Gobierno Autónomo Municipal de Vitichi,145,True,ok,
data\raw\sigep_2026\categoria_programatica_grupo_gasto_total_gastos\2026_1519_Gobierno_Autónomo_Municipal_de_Tupiza_categoria_programatica_grupo_gasto_total_gastos.pdf,2026_1519_Gobierno_Autónomo_Municipal_de_Tupiza_categoria_programatica_grupo_gasto_total_gastos.pdf,1519,Gobierno Autónomo Municipal de Tupiza,179,True,ok,
data\raw\sigep_2026\categoria_programatica_grupo_gasto_total_gastos\2026_1520_Gobierno_Autónomo_Municipal_de_Atocha_categoria_programatica_grupo_gasto_total_gastos.pdf,2026_1520_Gobierno_Autónomo_Municipal_de_Atocha_categoria_programatica_grupo_gasto_total_gastos.pdf,1520,Gobierno Autónomo Municipal de Atocha,102,True,ok,
data\raw\sigep_2026\categoria_programatica_grupo_gasto_total_gastos\2026_1521_Gobierno_Autónomo_Municipal_de_ColchaK_Villa_Martín_categoria_programatica_grupo_gasto_total_gastos.pdf,2026_1521_Gobierno_Autónomo_Municipal_de_ColchaK_Villa_Martín_categoria_programatica_grupo_gasto_total_gastos.pdf,1521,"Gobierno Autónomo Municipal de Colcha""K"" (Villa Martín)",141,True,ok,
data\raw\sigep_2026\categoria_programatica_grupo_gasto_total_gastos\2026_1522_Gobierno_Autónomo_Municipal_de_San_Pedro_de_Quemes_categoria_programatica_grupo_gasto_total_gastos.pdf,2026_1522_Gobierno_Autónomo_Municipal_de_San_Pedro_de_Quemes_categoria_programatica_grupo_gasto_total_gastos.pdf,1522,Gobierno Autónomo Municipal de San Pedro de Quemes,52,True,ok,
data\raw\sigep_2026\categoria_programatica_grupo_gasto_total_gastos\2026_1523_Gobierno_Autónomo_Municipal_de_San_Pablo_de_Lípez_categoria_programatica_grupo_gasto_total_gastos.pdf,2026_1523_Gobierno_Autónomo_Municipal_de_San_Pablo_de_Lípez_categoria_programatica_grupo_gasto_total_gastos.pdf,1523,Gobierno Autónomo Municipal de San Pablo de Lípez,85,True,ok,
data\raw\sigep_2026\categoria_programatica_grupo_gasto_total_gastos\2026_1524_Gobierno_Autónomo_Municipal_de_Mojinete_categoria_programatica_grupo_gasto_total_gastos.pdf,2026_1524_Gobierno_Autónomo_Municipal_de_Mojinete_categoria_programatica_grupo_gasto_total_gastos.pdf,1524,Gobierno Autónomo Municipal de Mojinete,54,True,ok,
data\raw\sigep_2026\categoria_programatica_grupo_gasto_total_gastos\2026_1525_Gobierno_Autónomo_Municipal_de_San_Antonio_de_Esmoruco_categoria_programatica_grupo_gasto_total_gastos.pdf,2026_1525_Gobierno_Autónomo_Municipal_de_San_Antonio_de_Esmoruco_categoria_programatica_grupo_gasto_total_gastos.pdf,1525,Gobierno Autónomo Municipal de San Antonio de Esmoruco,88,True,ok,
data\raw\sigep_2026\categoria_programatica_grupo_gasto_total_gastos\2026_1526_Gobierno_Autónomo_Municipal_de_Sacaca_Villa_de_Sacaca_categoria_programatica_grupo_gasto_total_gastos.pdf,2026_1526_Gobierno_Autónomo_Municipal_de_Sacaca_Villa_de_Sacaca_categoria_programatica_grupo_gasto_total_gastos.pdf,1526,Gobierno Autónomo Municipal de Sacaca (Villa de Sacaca),165,True,ok,
data\raw\sigep_2026\categoria_programatica_grupo_gasto_total_gastos\2026_1527_Gobierno_Autónomo_Municipal_de_Caripuyo_categoria_programatica_grupo_gasto_total_gastos.pdf,2026_1527_Gobierno_Autónomo_Municipal_de_Caripuyo_categoria_programatica_grupo_gasto_total_gastos.pdf,1527,Gobierno Autónomo Municipal de Caripuyo,80,True,ok,
data\raw\sigep_2026\categoria_programatica_grupo_gasto_total_gastos\2026_1528_Gobierno_Autónomo_Municipal_de_Puna_Villa_Talavera_categoria_programatica_grupo_gasto_total_gastos.pdf,2026_1528_Gobierno_Autónomo_Municipal_de_Puna_Villa_Talavera_categoria_programatica_grupo_gasto_total_gastos.pdf,1528,Gobierno Autónomo Municipal de Puna (Villa Talavera),96,True,ok,
data\raw\sigep_2026\categoria_programatica_grupo_gasto_total_gastos\2026_1529_Gobierno_Autónomo_Municipal_de_Caiza_D_categoria_programatica_grupo_gasto_total_gastos.pdf,2026_1529_Gobierno_Autónomo_Municipal_de_Caiza_D_categoria_programatica_grupo_gasto_total_gastos.pdf,1529,"Gobierno Autónomo Municipal de Caiza ""D""",131,True,ok,
data\raw\sigep_2026\categoria_programatica_grupo_gasto_total_gastos\2026_1530_Gobierno_Autónomo_Municipal_de_Uyuni_categoria_programatica_grupo_gasto_total_gastos.pdf,2026_1530_Gobierno_Autónomo_Municipal_de_Uyuni_categoria_programatica_grupo_gasto_total_gastos.pdf,1530,Gobierno Autónomo Municipal de Uyuni,102,True,ok,
data\raw\sigep_2026\categoria_programatica_grupo_gasto_total_gastos\2026_1531_Gobierno_Autónomo_Municipal_de_Tomave_categoria_programatica_grupo_gasto_total_gastos.pdf,2026_1531_Gobierno_Autónomo_Municipal_de_Tomave_categoria_programatica_grupo_gasto_total_gastos.pdf,1531,Gobierno Autónomo Municipal de Tomave,78,True,ok,
data\raw\sigep_2026\categoria_programatica_grupo_gasto_total_gastos\2026_1532_Gobierno_Autónomo_Municipal_de_Porco_categoria_programatica_grupo_gasto_total_gastos.pdf,2026_1532_Gobierno_Autónomo_Municipal_de_Porco_categoria_programatica_grupo_gasto_total_gastos.pdf,1532,Gobierno Autónomo Municipal de Porco,126,True,ok,
data\raw\sigep_2026\categoria_programatica_grupo_gasto_total_gastos\2026_1533_Gobierno_Autónomo_Municipal_de_Arampampa_categoria_programatica_grupo_gasto_total_gastos.pdf,2026_1533_Gobierno_Autónomo_Municipal_de_Arampampa_categoria_programatica_grupo_gasto_total_gastos.pdf,1533,Gobierno Autónomo Municipal de Arampampa,89,True,ok,
data\raw\sigep_2026\categoria_programatica_grupo_gasto_total_gastos\2026_1534_Gobierno_Autónomo_Municipal_de_Acasio_categoria_programatica_grupo_gasto_total_gastos.pdf,2026_1534_Gobierno_Autónomo_Municipal_de_Acasio_categoria_programatica_grupo_gasto_total_gastos.pdf,1534,Gobierno Autónomo Municipal de Acasio,80,True,ok,
data\raw\sigep_2026\categoria_programatica_grupo_gasto_total_gastos\2026_1535_Gobierno_Autónomo_Municipal_de_Llica_categoria_programatica_grupo_gasto_total_gastos.pdf,2026_1535_Gobierno_Autónomo_Municipal_de_Llica_categoria_programatica_grupo_gasto_total_gastos.pdf,1535,Gobierno Autónomo Municipal de Llica,81,True,ok,
data\raw\sigep_2026\categoria_programatica_grupo_gasto_total_gastos\2026_1536_Gobierno_Autónomo_Municipal_de_Tahua_categoria_programatica_grupo_gasto_total_gastos.pdf,2026_1536_Gobierno_Autónomo_Municipal_de_Tahua_categoria_programatica_grupo_gasto_total_gastos.pdf,1536,Gobierno Autónomo Municipal de Tahua,70,True,ok,
data\raw\sigep_2026\categoria_programatica_grupo_gasto_total_gastos\2026_1537_Gobierno_Autónomo_Municipal_de_Villazón_categoria_programatica_grupo_gasto_total_gastos.pdf,2026_1537_Gobierno_Autónomo_Municipal_de_Villazón_categoria_programatica_grupo_gasto_total_gastos.pdf,1537,Gobierno Autónomo Municipal de Villazón,178,True,ok,
data\raw\sigep_2026\categoria_programatica_grupo_gasto_total_gastos\2026_1538_Gobierno_Autónomo_Municipal_de_San_Agustín_categoria_programatica_grupo_gasto_total_gastos.pdf,2026_1538_Gobierno_Autónomo_Municipal_de_San_Agustín_categoria_programatica_grupo_gasto_total_gastos.pdf,1538,Gobierno Autónomo Municipal de San Agustín,16,True,ok,
data\raw\sigep_2026\categoria_programatica_grupo_gasto_total_gastos\2026_1539_Gobierno_Autónomo_Municipal_de_Ckochas_categoria_programatica_grupo_gasto_total_gastos.pdf,2026_1539_Gobierno_Autónomo_Municipal_de_Ckochas_categoria_programatica_grupo_gasto_total_gastos.pdf,1539,Gobierno Autónomo Municipal de Ckochas,118,True,ok,
data\raw\sigep_2026\categoria_programatica_grupo_gasto_total_gastos\2026_1540_Gobierno_Autónomo_Municipal_de_Chuquihuta_Ayllu_Jucumani_categoria_programatica_grupo_gasto_total_gastos.pdf,2026_1540_Gobierno_Autónomo_Municipal_de_Chuquihuta_Ayllu_Jucumani_categoria_programatica_grupo_gasto_total_gastos.pdf,1540,Gobierno Autónomo Municipal de Chuquihuta Ayllu Jucumani,16,True,ok,
data\raw\sigep_2026\categoria_programatica_grupo_gasto_total_gastos\2026_1541_Gobierno_Autónomo_Municipal_de_San_Pedro_de_Macha_categoria_programatica_grupo_gasto_total_gastos.pdf,2026_1541_Gobierno_Autónomo_Municipal_de_San_Pedro_de_Macha_categoria_programatica_grupo_gasto_total_gastos.pdf,1541,Gobierno Autónomo Municipal de San Pedro de Macha,107,True,ok,
data\raw\sigep_2026\categoria_programatica_grupo_gasto_total_gastos\2026_1601_Gobierno_Autónomo_Municipal_de_Tarija_categoria_programatica_grupo_gasto_total_gastos.pdf,2026_1601_Gobierno_Autónomo_Municipal_de_Tarija_categoria_programatica_grupo_gasto_total_gastos.pdf,1601,Gobierno Autónomo Municipal de Tarija,251,True,ok,
data\raw\sigep_2026\categoria_programatica_grupo_gasto_total_gastos\2026_1602_Gobierno_Autónomo_Municipal_de_Padcaya_categoria_programatica_grupo_gasto_total_gastos.pdf,2026_1602_Gobierno_Autónomo_Municipal_de_Padcaya_categoria_programatica_grupo_gasto_total_gastos.pdf,1602,Gobierno Autónomo Municipal de Padcaya,114,True,ok,
data\raw\sigep_2026\categoria_programatica_grupo_gasto_total_gastos\2026_1603_Gobierno_Autónomo_Municipal_de_Bermejo_categoria_programatica_grupo_gasto_total_gastos.pdf,2026_1603_Gobierno_Autónomo_Municipal_de_Bermejo_categoria_programatica_grupo_gasto_total_gastos.pdf,1603,Gobierno Autónomo Municipal de Bermejo,121,True,ok,
data\raw\sigep_2026\categoria_programatica_grupo_gasto_total_gastos\2026_1604_Gobierno_Autónomo_Municipal_de_Yacuiba_categoria_programatica_grupo_gasto_total_gastos.pdf,2026_1604_Gobierno_Autónomo_Municipal_de_Yacuiba_categoria_programatica_grupo_gasto_total_gastos.pdf,1604,Gobierno Autónomo Municipal de Yacuiba,144,True,ok,
data\raw\sigep_2026\categoria_programatica_grupo_gasto_total_gastos\2026_1605_Gobierno_Autónomo_Municipal_de_Caraparí_categoria_programatica_grupo_gasto_total_gastos.pdf,2026_1605_Gobierno_Autónomo_Municipal_de_Caraparí_categoria_programatica_grupo_gasto_total_gastos.pdf,1605,Gobierno Autónomo Municipal de Caraparí,135,True,ok,
data\raw\sigep_2026\categoria_programatica_grupo_gasto_total_gastos\2026_1606_Gobierno_Autónomo_Municipal_de_Villamontes_categoria_programatica_grupo_gasto_total_gastos.pdf,2026_1606_Gobierno_Autónomo_Municipal_de_Villamontes_categoria_programatica_grupo_gasto_total_gastos.pdf,1606,Gobierno Autónomo Municipal de Villamontes,122,True,ok,
data\raw\sigep_2026\categoria_programatica_grupo_gasto_total_gastos\2026_1607_Gobierno_Autónomo_Municipal_de_Uriondo_Concepción_categoria_programatica_grupo_gasto_total_gastos.pdf,2026_1607_Gobierno_Autónomo_Municipal_de_Uriondo_Concepción_categoria_programatica_grupo_gasto_total_gastos.pdf,1607,Gobierno Autónomo Municipal de Uriondo (Concepción),130,True,ok,
data\raw\sigep_2026\categoria_programatica_grupo_gasto_total_gastos\2026_1608_Gobierno_Autónomo_Municipal_de_Yunchara_categoria_programatica_grupo_gasto_total_gastos.pdf,2026_1608_Gobierno_Autónomo_Municipal_de_Yunchara_categoria_programatica_grupo_gasto_total_gastos.pdf,1608,Gobierno Autónomo Municipal de Yunchara,87,True,ok,
data\raw\sigep_2026\categoria_programatica_grupo_gasto_total_gastos\2026_1609_Gobierno_Autónomo_Municipal_de_San_Lorenzo_categoria_programatica_grupo_gasto_total_gastos.pdf,2026_1609_Gobierno_Autónomo_Municipal_de_San_Lorenzo_categoria_programatica_grupo_gasto_total_gastos.pdf,1609,Gobierno Autónomo Municipal de San Lorenzo,90,True,ok,
data\raw\sigep_2026\categoria_programatica_grupo_gasto_total_gastos\2026_1610_Gobierno_Autónomo_Municipal_de_El_Puente_categoria_programatica_grupo_gasto_total_gastos.pdf,2026_1610_Gobierno_Autónomo_Municipal_de_El_Puente_categoria_programatica_grupo_gasto_total_gastos.pdf,1610,Gobierno Autónomo Municipal de El Puente,90,True,ok,
data\raw\sigep_2026\categoria_programatica_grupo_gasto_total_gastos\2026_1611_Gobierno_Autónomo_Municipal_de_Entre_Ríos_categoria_programatica_grupo_gasto_total_gastos.pdf,2026_1611_Gobierno_Autónomo_Municipal_de_Entre_Ríos_categoria_programatica_grupo_gasto_total_gastos.pdf,1611,Gobierno Autónomo Municipal de Entre Ríos,92,True,ok,
data\raw\sigep_2026\categoria_programatica_grupo_gasto_total_gastos\2026_1701_Gobierno_Autónomo_Municipal_de_Santa_Cruz_de_La_Sierra_categoria_programatica_grupo_gasto_total_gastos.pdf,2026_1701_Gobierno_Autónomo_Municipal_de_Santa_Cruz_de_La_Sierra_categoria_programatica_grupo_gasto_total_gastos.pdf,1701,Gobierno Autónomo Municipal de Santa Cruz de La Sierra,683,True,ok,
data\raw\sigep_2026\categoria_programatica_grupo_gasto_total_gastos\2026_1702_Gobierno_Autónomo_Municipal_de_Cotoca_categoria_programatica_grupo_gasto_total_gastos.pdf,2026_1702_Gobierno_Autónomo_Municipal_de_Cotoca_categoria_programatica_grupo_gasto_total_gastos.pdf,1702,Gobierno Autónomo Municipal de Cotoca,120,True,ok,
data\raw\sigep_2026\categoria_programatica_grupo_gasto_total_gastos\2026_1703_Gobierno_Autónomo_Municipal_de_Porongo_Ayacucho_categoria_programatica_grupo_gasto_total_gastos.pdf,2026_1703_Gobierno_Autónomo_Municipal_de_Porongo_Ayacucho_categoria_programatica_grupo_gasto_total_gastos.pdf,1703,Gobierno Autónomo Municipal de Porongo (Ayacucho),136,True,ok,
data\raw\sigep_2026\categoria_programatica_grupo_gasto_total_gastos\2026_1704_Gobierno_Autónomo_Municipal_de_La_Guardia_categoria_programatica_grupo_gasto_total_gastos.pdf,2026_1704_Gobierno_Autónomo_Municipal_de_La_Guardia_categoria_programatica_grupo_gasto_total_gastos.pdf,1704,Gobierno Autónomo Municipal de La Guardia,314,True,ok,
data\raw\sigep_2026\categoria_programatica_grupo_gasto_total_gastos\2026_1705_Gobierno_Autónomo_Municipal_de_El_Torno_categoria_programatica_grupo_gasto_total_gastos.pdf,2026_1705_Gobierno_Autónomo_Municipal_de_El_Torno_categoria_programatica_grupo_gasto_total_gastos.pdf,1705,Gobierno Autónomo Municipal de El Torno,120,True,ok,
data\raw\sigep_2026\categoria_programatica_grupo_gasto_total_gastos\2026_1706_Gobierno_Autónomo_Municipal_de_Warnes_categoria_programatica_grupo_gasto_total_gastos.pdf,2026_1706_Gobierno_Autónomo_Municipal_de_Warnes_categoria_programatica_grupo_gasto_total_gastos.pdf,1706,Gobierno Autónomo Municipal de Warnes,195,True,ok,
data\raw\sigep_2026\categoria_programatica_grupo_gasto_total_gastos\2026_1707_Gobierno_Autónomo_Municipal_de_San_Ignacio_San_Ignacio_de_Velasco_categoria_programatica_grupo_gasto_total_gastos.pdf,2026_1707_Gobierno_Autónomo_Municipal_de_San_Ignacio_San_Ignacio_de_Velasco_categoria_programatica_grupo_gasto_total_gastos.pdf,1707,Gobierno Autónomo Municipal de San Ignacio (San Ignacio de Velasco),126,True,ok,
data\raw\sigep_2026\categoria_programatica_grupo_gasto_total_gastos\2026_1708_Gobierno_Autónomo_Municipal_de_San_Miguel_San_Miguel_de_Velasco_categoria_programatica_grupo_gasto_total_gastos.pdf,2026_1708_Gobierno_Autónomo_Municipal_de_San_Miguel_San_Miguel_de_Velasco_categoria_programatica_grupo_gasto_total_gastos.pdf,1708,Gobierno Autónomo Municipal de San Miguel (San Miguel de Velasco),124,True,ok,
data\raw\sigep_2026\categoria_programatica_grupo_gasto_total_gastos\2026_1709_Gobierno_Autónomo_Municipal_de_San_Rafael_categoria_programatica_grupo_gasto_total_gastos.pdf,2026_1709_Gobierno_Autónomo_Municipal_de_San_Rafael_categoria_programatica_grupo_gasto_total_gastos.pdf,1709,Gobierno Autónomo Municipal de San Rafael,135,True,ok,
data\raw\sigep_2026\categoria_programatica_grupo_gasto_total_gastos\2026_1710_Gobierno_Autónomo_Municipal_de_Buena_Vista_categoria_programatica_grupo_gasto_total_gastos.pdf,2026_1710_Gobierno_Autónomo_Municipal_de_Buena_Vista_categoria_programatica_grupo_gasto_total_gastos.pdf,1710,Gobierno Autónomo Municipal de Buena Vista,108,True,ok,
data\raw\sigep_2026\categoria_programatica_grupo_gasto_total_gastos\2026_1711_Gobierno_Autónomo_Municipal_de_San_Carlos_categoria_programatica_grupo_gasto_total_gastos.pdf,2026_1711_Gobierno_Autónomo_Municipal_de_San_Carlos_categoria_programatica_grupo_gasto_total_gastos.pdf,1711,Gobierno Autónomo Municipal de San Carlos,182,True,ok,
data\raw\sigep_2026\categoria_programatica_grupo_gasto_total_gastos\2026_1712_Gobierno_Autónomo_Municipal_de_Yapacaní_categoria_programatica_grupo_gasto_total_gastos.pdf,2026_1712_Gobierno_Autónomo_Municipal_de_Yapacaní_categoria_programatica_grupo_gasto_total_gastos.pdf,1712,Gobierno Autónomo Municipal de Yapacaní,24,True,ok,
data\raw\sigep_2026\categoria_programatica_grupo_gasto_total_gastos\2026_1713_Gobierno_Autónomo_Municipal_de_San_José_categoria_programatica_grupo_gasto_total_gastos.pdf,2026_1713_Gobierno_Autónomo_Municipal_de_San_José_categoria_programatica_grupo_gasto_total_gastos.pdf,1713,Gobierno Autónomo Municipal de San José,156,True,ok,
data\raw\sigep_2026\categoria_programatica_grupo_gasto_total_gastos\2026_1714_Gobierno_Autónomo_Municipal_de_Pailón_categoria_programatica_grupo_gasto_total_gastos.pdf,2026_1714_Gobierno_Autónomo_Municipal_de_Pailón_categoria_programatica_grupo_gasto_total_gastos.pdf,1714,Gobierno Autónomo Municipal de Pailón,253,True,ok,
data\raw\sigep_2026\categoria_programatica_grupo_gasto_total_gastos\2026_1715_Gobierno_Autónomo_Municipal_de_Roboré_categoria_programatica_grupo_gasto_total_gastos.pdf,2026_1715_Gobierno_Autónomo_Municipal_de_Roboré_categoria_programatica_grupo_gasto_total_gastos.pdf,1715,Gobierno Autónomo Municipal de Roboré,102,True,ok,
data\raw\sigep_2026\categoria_programatica_grupo_gasto_total_gastos\2026_1716_Gobierno_Autónomo_Municipal_de_Portachuelo_categoria_programatica_grupo_gasto_total_gastos.pdf,2026_1716_Gobierno_Autónomo_Municipal_de_Portachuelo_categoria_programatica_grupo_gasto_total_gastos.pdf,1716,Gobierno Autónomo Municipal de Portachuelo,132,True,ok,
data\raw\sigep_2026\categoria_programatica_grupo_gasto_total_gastos\2026_1717_Gobierno_Autónomo_Municipal_de_Santa_Rosa_del_Sara_categoria_programatica_grupo_gasto_total_gastos.pdf,2026_1717_Gobierno_Autónomo_Municipal_de_Santa_Rosa_del_Sara_categoria_programatica_grupo_gasto_total_gastos.pdf,1717,Gobierno Autónomo Municipal de Santa Rosa del Sara,22,True,ok,
data\raw\sigep_2026\categoria_programatica_grupo_gasto_total_gastos\2026_1718_Gobierno_Autónomo_Municipal_de_Lagunillas_categoria_programatica_grupo_gasto_total_gastos.pdf,2026_1718_Gobierno_Autónomo_Municipal_de_Lagunillas_categoria_programatica_grupo_gasto_total_gastos.pdf,1718,Gobierno Autónomo Municipal de Lagunillas,21,True,ok,
data\raw\sigep_2026\categoria_programatica_grupo_gasto_total_gastos\2026_1720_Gobierno_Autónomo_Municipal_de_Cabezas_categoria_programatica_grupo_gasto_total_gastos.pdf,2026_1720_Gobierno_Autónomo_Municipal_de_Cabezas_categoria_programatica_grupo_gasto_total_gastos.pdf,1720,Gobierno Autónomo Municipal de Cabezas,144,True,ok,
data\raw\sigep_2026\categoria_programatica_grupo_gasto_total_gastos\2026_1721_Gobierno_Autónomo_Municipal_de_Cuevo_categoria_programatica_grupo_gasto_total_gastos.pdf,2026_1721_Gobierno_Autónomo_Municipal_de_Cuevo_categoria_programatica_grupo_gasto_total_gastos.pdf,1721,Gobierno Autónomo Municipal de Cuevo,176,True,ok,
data\raw\sigep_2026\categoria_programatica_grupo_gasto_total_gastos\2026_1723_Gobierno_Autónomo_Municipal_de_Camiri_categoria_programatica_grupo_gasto_total_gastos.pdf,2026_1723_Gobierno_Autónomo_Municipal_de_Camiri_categoria_programatica_grupo_gasto_total_gastos.pdf,1723,Gobierno Autónomo Municipal de Camiri,229,True,ok,
data\raw\sigep_2026\categoria_programatica_grupo_gasto_total_gastos\2026_1724_Gobierno_Autónomo_Municipal_de_Boyuibe_categoria_programatica_grupo_gasto_total_gastos.pdf,2026_1724_Gobierno_Autónomo_Municipal_de_Boyuibe_categoria_programatica_grupo_gasto_total_gastos.pdf,1724,Gobierno Autónomo Municipal de Boyuibe,139,True,ok,
data\raw\sigep_2026\categoria_programatica_grupo_gasto_total_gastos\2026_1725_Gobierno_Autónomo_Municipal_de_Vallegrande_categoria_programatica_grupo_gasto_total_gastos.pdf,2026_1725_Gobierno_Autónomo_Municipal_de_Vallegrande_categoria_programatica_grupo_gasto_total_gastos.pdf,1725,Gobierno Autónomo Municipal de Vallegrande,106,True,ok,
data\raw\sigep_2026\categoria_programatica_grupo_gasto_total_gastos\2026_1726_Gobierno_Autónomo_Municipal_de_Trigal_categoria_programatica_grupo_gasto_total_gastos.pdf,2026_1726_Gobierno_Autónomo_Municipal_de_Trigal_categoria_programatica_grupo_gasto_total_gastos.pdf,1726,Gobierno Autónomo Municipal de Trigal,82,True,ok,
data\raw\sigep_2026\categoria_programatica_grupo_gasto_total_gastos\2026_1727_Gobierno_Autónomo_Municipal_de_Moro_Moro_categoria_programatica_grupo_gasto_total_gastos.pdf,2026_1727_Gobierno_Autónomo_Municipal_de_Moro_Moro_categoria_programatica_grupo_gasto_total_gastos.pdf,1727,Gobierno Autónomo Municipal de Moro Moro,85,True,ok,
data\raw\sigep_2026\categoria_programatica_grupo_gasto_total_gastos\2026_1728_Gobierno_Autónomo_Municipal_de_Postrer_Valle_categoria_programatica_grupo_gasto_total_gastos.pdf,2026_1728_Gobierno_Autónomo_Municipal_de_Postrer_Valle_categoria_programatica_grupo_gasto_total_gastos.pdf,1728,Gobierno Autónomo Municipal de Postrer Valle,56,True,ok,
data\raw\sigep_2026\categoria_programatica_grupo_gasto_total_gastos\2026_1729_Gobierno_Autónomo_Municipal_de_Pucara_categoria_programatica_grupo_gasto_total_gastos.pdf,2026_1729_Gobierno_Autónomo_Municipal_de_Pucara_categoria_programatica_grupo_gasto_total_gastos.pdf,1729,Gobierno Autónomo Municipal de Pucara,71,True,ok,
data\raw\sigep_2026\categoria_programatica_grupo_gasto_total_gastos\2026_1730_Gobierno_Autónomo_Municipal_de_Samaipata_categoria_programatica_grupo_gasto_total_gastos.pdf,2026_1730_Gobierno_Autónomo_Municipal_de_Samaipata_categoria_programatica_grupo_gasto_total_gastos.pdf,1730,Gobierno Autónomo Municipal de Samaipata,111,True,ok,
data\raw\sigep_2026\categoria_programatica_grupo_gasto_total_gastos\2026_1731_Gobierno_Autónomo_Municipal_de_Pampa_Grande_categoria_programatica_grupo_gasto_total_gastos.pdf,2026_1731_Gobierno_Autónomo_Municipal_de_Pampa_Grande_categoria_programatica_grupo_gasto_total_gastos.pdf,1731,Gobierno Autónomo Municipal de Pampa Grande,102,True,ok,
data\raw\sigep_2026\categoria_programatica_grupo_gasto_total_gastos\2026_1732_Gobierno_Autónomo_Municipal_de_Mairana_categoria_programatica_grupo_gasto_total_gastos.pdf,2026_1732_Gobierno_Autónomo_Municipal_de_Mairana_categoria_programatica_grupo_gasto_total_gastos.pdf,1732,Gobierno Autónomo Municipal de Mairana,150,True,ok,
data\raw\sigep_2026\categoria_programatica_grupo_gasto_total_gastos\2026_1733_Gobierno_Autónomo_Municipal_de_Quirusillas_categoria_programatica_grupo_gasto_total_gastos.pdf,2026_1733_Gobierno_Autónomo_Municipal_de_Quirusillas_categoria_programatica_grupo_gasto_total_gastos.pdf,1733,Gobierno Autónomo Municipal de Quirusillas,70,True,ok,
data\raw\sigep_2026\categoria_programatica_grupo_gasto_total_gastos\2026_1734_Gobierno_Autónomo_Municipal_de_Montero_categoria_programatica_grupo_gasto_total_gastos.pdf,2026_1734_Gobierno_Autónomo_Municipal_de_Montero_categoria_programatica_grupo_gasto_total_gastos.pdf,1734,Gobierno Autónomo Municipal de Montero,183,True,ok,
data\raw\sigep_2026\categoria_programatica_grupo_gasto_total_gastos\2026_1735_Gobierno_Autónomo_Municipal_de_General_Agustín_Saavedra_categoria_programatica_grupo_gasto_total_gastos.pdf,2026_1735_Gobierno_Autónomo_Municipal_de_General_Agustín_Saavedra_categoria_programatica_grupo_gasto_total_gastos.pdf,1735,Gobierno Autónomo Municipal de General Agustín Saavedra,117,True,ok,
data\raw\sigep_2026\categoria_programatica_grupo_gasto_total_gastos\2026_1736_Gobierno_Autónomo_Municipal_de_Mineros_categoria_programatica_grupo_gasto_total_gastos.pdf,2026_1736_Gobierno_Autónomo_Municipal_de_Mineros_categoria_programatica_grupo_gasto_total_gastos.pdf,1736,Gobierno Autónomo Municipal de Mineros,115,True,ok,
data\raw\sigep_2026\categoria_programatica_grupo_gasto_total_gastos\2026_1737_Gobierno_Autónomo_Municipal_de_Concepción_categoria_programatica_grupo_gasto_total_gastos.pdf,2026_1737_Gobierno_Autónomo_Municipal_de_Concepción_categoria_programatica_grupo_gasto_total_gastos.pdf,1737,Gobierno Autónomo Municipal de Concepción,101,True,ok,
data\raw\sigep_2026\categoria_programatica_grupo_gasto_total_gastos\2026_1738_Gobierno_Autónomo_Municipal_de_San_Javier_categoria_programatica_grupo_gasto_total_gastos.pdf,2026_1738_Gobierno_Autónomo_Municipal_de_San_Javier_categoria_programatica_grupo_gasto_total_gastos.pdf,1738,Gobierno Autónomo Municipal de San Javier,133,True,ok,
data\raw\sigep_2026\categoria_programatica_grupo_gasto_total_gastos\2026_1739_Gobierno_Autónomo_Municipal_de_San_Julián_categoria_programatica_grupo_gasto_total_gastos.pdf,2026_1739_Gobierno_Autónomo_Municipal_de_San_Julián_categoria_programatica_grupo_gasto_total_gastos.pdf,1739,Gobierno Autónomo Municipal de San Julián,261,True,ok,
data\raw\sigep_2026\categoria_programatica_grupo_gasto_total_gastos\2026_1740_Gobierno_Autónomo_Municipal_de_San_Matías_categoria_programatica_grupo_gasto_total_gastos.pdf,2026_1740_Gobierno_Autónomo_Municipal_de_San_Matías_categoria_programatica_grupo_gasto_total_gastos.pdf,1740,Gobierno Autónomo Municipal de San Matías,19,True,ok,
data\raw\sigep_2026\categoria_programatica_grupo_gasto_total_gastos\2026_1741_Gobierno_Autónomo_Municipal_de_Comarapa_categoria_programatica_grupo_gasto_total_gastos.pdf,2026_1741_Gobierno_Autónomo_Municipal_de_Comarapa_categoria_programatica_grupo_gasto_total_gastos.pdf,1741,Gobierno Autónomo Municipal de Comarapa,92,True,ok,
data\raw\sigep_2026\categoria_programatica_grupo_gasto_total_gastos\2026_1742_Gobierno_Autónomo_Municipal_de_Saipina_categoria_programatica_grupo_gasto_total_gastos.pdf,2026_1742_Gobierno_Autónomo_Municipal_de_Saipina_categoria_programatica_grupo_gasto_total_gastos.pdf,1742,Gobierno Autónomo Municipal de Saipina,146,True,ok,
data\raw\sigep_2026\categoria_programatica_grupo_gasto_total_gastos\2026_1743_Gobierno_Autónomo_Municipal_de_Puerto_Suárez_categoria_programatica_grupo_gasto_total_gastos.pdf,2026_1743_Gobierno_Autónomo_Municipal_de_Puerto_Suárez_categoria_programatica_grupo_gasto_total_gastos.pdf,1743,Gobierno Autónomo Municipal de Puerto Suárez,22,True,ok,
data\raw\sigep_2026\categoria_programatica_grupo_gasto_total_gastos\2026_1744_Gobierno_Autónomo_Municipal_de_Puerto_Quijarro_categoria_programatica_grupo_gasto_total_gastos.pdf,2026_1744_Gobierno_Autónomo_Municipal_de_Puerto_Quijarro_categoria_programatica_grupo_gasto_total_gastos.pdf,1744,Gobierno Autónomo Municipal de Puerto Quijarro,117,True,ok,
data\raw\sigep_2026\categoria_programatica_grupo_gasto_total_gastos\2026_1745_Gobierno_Autónomo_Municipal_de_Ascención_de_Guarayos_categoria_programatica_grupo_gasto_total_gastos.pdf,2026_1745_Gobierno_Autónomo_Municipal_de_Ascención_de_Guarayos_categoria_programatica_grupo_gasto_total_gastos.pdf,1745,Gobierno Autónomo Municipal de Ascención de Guarayos,142,True,ok,
data\raw\sigep_2026\categoria_programatica_grupo_gasto_total_gastos\2026_1746_Gobierno_Autónomo_Municipal_de_Urubicha_categoria_programatica_grupo_gasto_total_gastos.pdf,2026_1746_Gobierno_Autónomo_Municipal_de_Urubicha_categoria_programatica_grupo_gasto_total_gastos.pdf,1746,Gobierno Autónomo Municipal de Urubicha,19,True,ok,
data\raw\sigep_2026\categoria_programatica_grupo_gasto_total_gastos\2026_1747_Gobierno_Autónomo_Municipal_de_El_Puente_categoria_programatica_grupo_gasto_total_gastos.pdf,2026_1747_Gobierno_Autónomo_Municipal_de_El_Puente_categoria_programatica_grupo_gasto_total_gastos.pdf,1747,Gobierno Autónomo Municipal de El Puente,102,True,ok,
data\raw\sigep_2026\categoria_programatica_grupo_gasto_total_gastos\2026_1748_Gobierno_Autónomo_Municipal_de_Okinawa_Uno_categoria_programatica_grupo_gasto_total_gastos.pdf,2026_1748_Gobierno_Autónomo_Municipal_de_Okinawa_Uno_categoria_programatica_grupo_gasto_total_gastos.pdf,1748,Gobierno Autónomo Municipal de Okinawa Uno,112,True,ok,
data\raw\sigep_2026\categoria_programatica_grupo_gasto_total_gastos\2026_1749_Gobierno_Autónomo_Municipal_de_San_Antonio_de_Lomerio_categoria_programatica_grupo_gasto_total_gastos.pdf,2026_1749_Gobierno_Autónomo_Municipal_de_San_Antonio_de_Lomerio_categoria_programatica_grupo_gasto_total_gastos.pdf,1749,Gobierno Autónomo Municipal de San Antonio de Lomerio,83,True,ok,
data\raw\sigep_2026\categoria_programatica_grupo_gasto_total_gastos\2026_1750_Gobierno_Autónomo_Municipal_de_San_Ramón_categoria_programatica_grupo_gasto_total_gastos.pdf,2026_1750_Gobierno_Autónomo_Municipal_de_San_Ramón_categoria_programatica_grupo_gasto_total_gastos.pdf,1750,Gobierno Autónomo Municipal de San Ramón,128,True,ok,
data\raw\sigep_2026\categoria_programatica_grupo_gasto_total_gastos\2026_1751_Gobierno_Autónomo_Municipal_de_El_Carmen_Rivero_Tórrez_categoria_programatica_grupo_gasto_total_gastos.pdf,2026_1751_Gobierno_Autónomo_Municipal_de_El_Carmen_Rivero_Tórrez_categoria_programatica_grupo_gasto_total_gastos.pdf,1751,Gobierno Autónomo Municipal de El Carmen Rivero Tórrez,127,True,ok,
data\raw\sigep_2026\categoria_programatica_grupo_gasto_total_gastos\2026_1752_Gobierno_Autónomo_Municipal_de_San_Juan_categoria_programatica_grupo_gasto_total_gastos.pdf,2026_1752_Gobierno_Autónomo_Municipal_de_San_Juan_categoria_programatica_grupo_gasto_total_gastos.pdf,1752,Gobierno Autónomo Municipal de San Juan,17,True,ok,
data\raw\sigep_2026\categoria_programatica_grupo_gasto_total_gastos\2026_1753_Gobierno_Autónomo_Municipal_de_Fernández_Alonso_categoria_programatica_grupo_gasto_total_gastos.pdf,2026_1753_Gobierno_Autónomo_Municipal_de_Fernández_Alonso_categoria_programatica_grupo_gasto_total_gastos.pdf,1753,Gobierno Autónomo Municipal de Fernández Alonso,157,True,ok,
data\raw\sigep_2026\categoria_programatica_grupo_gasto_total_gastos\2026_1754_Gobierno_Autónomo_Municipal_de_San_Pedro_categoria_programatica_grupo_gasto_total_gastos.pdf,2026_1754_Gobierno_Autónomo_Municipal_de_San_Pedro_categoria_programatica_grupo_gasto_total_gastos.pdf,1754,Gobierno Autónomo Municipal de San Pedro,209,True,ok,
data\raw\sigep_2026\categoria_programatica_grupo_gasto_total_gastos\2026_1755_Gobierno_Autónomo_Municipal_de_Cuatro_Cañadas_categoria_programatica_grupo_gasto_total_gastos.pdf,2026_1755_Gobierno_Autónomo_Municipal_de_Cuatro_Cañadas_categoria_programatica_grupo_gasto_total_gastos.pdf,1755,Gobierno Autónomo Municipal de Cuatro Cañadas,216,True,ok,
data\raw\sigep_2026\categoria_programatica_grupo_gasto_total_gastos\2026_1756_Gobierno_Autónomo_Municipal_de_Colpa_Bélgica_categoria_programatica_grupo_gasto_total_gastos.pdf,2026_1756_Gobierno_Autónomo_Municipal_de_Colpa_Bélgica_categoria_programatica_grupo_gasto_total_gastos.pdf,1756,Gobierno Autónomo Municipal de Colpa Bélgica,124,True,ok,
data\raw\sigep_2026\categoria_programatica_grupo_gasto_total_gastos\2026_1801_Gobierno_Autónomo_Municipal_de_Trinidad_categoria_programatica_grupo_gasto_total_gastos.pdf,2026_1801_Gobierno_Autónomo_Municipal_de_Trinidad_categoria_programatica_grupo_gasto_total_gastos.pdf,1801,Gobierno Autónomo Municipal de Trinidad,157,True,ok,
data\raw\sigep_2026\categoria_programatica_grupo_gasto_total_gastos\2026_1802_Gobierno_Autónomo_Municipal_de_San_Javier_categoria_programatica_grupo_gasto_total_gastos.pdf,2026_1802_Gobierno_Autónomo_Municipal_de_San_Javier_categoria_programatica_grupo_gasto_total_gastos.pdf,1802,Gobierno Autónomo Municipal de San Javier,67,True,ok,
data\raw\sigep_2026\categoria_programatica_grupo_gasto_total_gastos\2026_1803_Gobierno_Autónomo_Municipal_de_Riberalta_categoria_programatica_grupo_gasto_total_gastos.pdf,2026_1803_Gobierno_Autónomo_Municipal_de_Riberalta_categoria_programatica_grupo_gasto_total_gastos.pdf,1803,Gobierno Autónomo Municipal de Riberalta,20,True,ok,
data\raw\sigep_2026\categoria_programatica_grupo_gasto_total_gastos\2026_1805_Gobierno_Autónomo_Municipal_de_Puerto_Guayaramerín_categoria_programatica_grupo_gasto_total_gastos.pdf,2026_1805_Gobierno_Autónomo_Municipal_de_Puerto_Guayaramerín_categoria_programatica_grupo_gasto_total_gastos.pdf,1805,Gobierno Autónomo Municipal de Puerto Guayaramerín,86,True,ok,
data\raw\sigep_2026\categoria_programatica_grupo_gasto_total_gastos\2026_1806_Gobierno_Autónomo_Municipal_de_Reyes_categoria_programatica_grupo_gasto_total_gastos.pdf,2026_1806_Gobierno_Autónomo_Municipal_de_Reyes_categoria_programatica_grupo_gasto_total_gastos.pdf,1806,Gobierno Autónomo Municipal de Reyes,21,True,ok,
data\raw\sigep_2026\categoria_programatica_grupo_gasto_total_gastos\2026_1807_Gobierno_Autónomo_Municipal_de_Puerto_Rurrenabaque_categoria_programatica_grupo_gasto_total_gastos.pdf,2026_1807_Gobierno_Autónomo_Municipal_de_Puerto_Rurrenabaque_categoria_programatica_grupo_gasto_total_gastos.pdf,1807,Gobierno Autónomo Municipal de Puerto Rurrenabaque,154,True,ok,
data\raw\sigep_2026\categoria_programatica_grupo_gasto_total_gastos\2026_1808_Gobierno_Autónomo_Municipal_de_San_Borja_categoria_programatica_grupo_gasto_total_gastos.pdf,2026_1808_Gobierno_Autónomo_Municipal_de_San_Borja_categoria_programatica_grupo_gasto_total_gastos.pdf,1808,Gobierno Autónomo Municipal de San Borja,18,True,ok,
data\raw\sigep_2026\categoria_programatica_grupo_gasto_total_gastos\2026_1809_Gobierno_Autónomo_Municipal_de_Santa_Rosa_categoria_programatica_grupo_gasto_total_gastos.pdf,2026_1809_Gobierno_Autónomo_Municipal_de_Santa_Rosa_categoria_programatica_grupo_gasto_total_gastos.pdf,1809,Gobierno Autónomo Municipal de Santa Rosa,87,True,ok,
data\raw\sigep_2026\categoria_programatica_grupo_gasto_total_gastos\2026_1810_Gobierno_Autónomo_Municipal_de_Santa_Ana_categoria_programatica_grupo_gasto_total_gastos.pdf,2026_1810_Gobierno_Autónomo_Municipal_de_Santa_Ana_categoria_programatica_grupo_gasto_total_gastos.pdf,1810,Gobierno Autónomo Municipal de Santa Ana,80,True,ok,
data\raw\sigep_2026\categoria_programatica_grupo_gasto_total_gastos\2026_1811_Gobierno_Autónomo_Municipal_de_San_Ignacio_categoria_programatica_grupo_gasto_total_gastos.pdf,2026_1811_Gobierno_Autónomo_Municipal_de_San_Ignacio_categoria_programatica_grupo_gasto_total_gastos.pdf,1811,Gobierno Autónomo Municipal de San Ignacio,161,True,ok,
data\raw\sigep_2026\categoria_programatica_grupo_gasto_total_gastos\2026_1812_Gobierno_Autónomo_Municipal_de_Loreto_categoria_programatica_grupo_gasto_total_gastos.pdf,2026_1812_Gobierno_Autónomo_Municipal_de_Loreto_categoria_programatica_grupo_gasto_total_gastos.pdf,1812,Gobierno Autónomo Municipal de Loreto,49,True,ok,
data\raw\sigep_2026\categoria_programatica_grupo_gasto_total_gastos\2026_1813_Gobierno_Autónomo_Municipal_de_San_Andrés_categoria_programatica_grupo_gasto_total_gastos.pdf,2026_1813_Gobierno_Autónomo_Municipal_de_San_Andrés_categoria_programatica_grupo_gasto_total_gastos.pdf,1813,Gobierno Autónomo Municipal de San Andrés,95,True,ok,
data\raw\sigep_2026\categoria_programatica_grupo_gasto_total_gastos\2026_1814_Gobierno_Autónomo_Municipal_de_San_Joaquín_categoria_programatica_grupo_gasto_total_gastos.pdf,2026_1814_Gobierno_Autónomo_Municipal_de_San_Joaquín_categoria_programatica_grupo_gasto_total_gastos.pdf,1814,Gobierno Autónomo Municipal de San Joaquín,63,True,ok,
data\raw\sigep_2026\categoria_programatica_grupo_gasto_total_gastos\2026_1815_Gobierno_Autónomo_Municipal_de_San_Ramón_categoria_programatica_grupo_gasto_total_gastos.pdf,2026_1815_Gobierno_Autónomo_Municipal_de_San_Ramón_categoria_programatica_grupo_gasto_total_gastos.pdf,1815,Gobierno Autónomo Municipal de San Ramón,59,True,ok,
data\raw\sigep_2026\categoria_programatica_grupo_gasto_total_gastos\2026_1816_Gobierno_Autónomo_Municipal_de_Puerto_Síles_categoria_programatica_grupo_gasto_total_gastos.pdf,2026_1816_Gobierno_Autónomo_Municipal_de_Puerto_Síles_categoria_programatica_grupo_gasto_total_gastos.pdf,1816,Gobierno Autónomo Municipal de Puerto Síles,45,True,ok,
data\raw\sigep_2026\categoria_programatica_grupo_gasto_total_gastos\2026_1817_Gobierno_Autónomo_Municipal_de_Magdalena_categoria_programatica_grupo_gasto_total_gastos.pdf,2026_1817_Gobierno_Autónomo_Municipal_de_Magdalena_categoria_programatica_grupo_gasto_total_gastos.pdf,1817,Gobierno Autónomo Municipal de Magdalena,72,True,ok,
data\raw\sigep_2026\categoria_programatica_grupo_gasto_total_gastos\2026_1818_Gobierno_Autónomo_Municipal_de_Baures_categoria_programatica_grupo_gasto_total_gastos.pdf,2026_1818_Gobierno_Autónomo_Municipal_de_Baures_categoria_programatica_grupo_gasto_total_gastos.pdf,1818,Gobierno Autónomo Municipal de Baures,78,True,ok,
data\raw\sigep_2026\categoria_programatica_grupo_gasto_total_gastos\2026_1819_Gobierno_Autónomo_Municipal_de_Huacaraje_categoria_programatica_grupo_gasto_total_gastos.pdf,2026_1819_Gobierno_Autónomo_Municipal_de_Huacaraje_categoria_programatica_grupo_gasto_total_gastos.pdf,1819,Gobierno Autónomo Municipal de Huacaraje,55,True,ok,
data\raw\sigep_2026\categoria_programatica_grupo_gasto_total_gastos\2026_1820_Gobierno_Autónomo_Municipal_de_Exaltación_categoria_programatica_grupo_gasto_total_gastos.pdf,2026_1820_Gobierno_Autónomo_Municipal_de_Exaltación_categoria_programatica_grupo_gasto_total_gastos.pdf,1820,Gobierno Autónomo Municipal de Exaltación,57,True,ok,
data\raw\sigep_2026\categoria_programatica_grupo_gasto_total_gastos\2026_1901_Gobierno_Autónomo_Municipal_de_Cobija_categoria_programatica_grupo_gasto_total_gastos.pdf,2026_1901_Gobierno_Autónomo_Municipal_de_Cobija_categoria_programatica_grupo_gasto_total_gastos.pdf,1901,Gobierno Autónomo Municipal de Cobija,21,True,ok,
data\raw\sigep_2026\categoria_programatica_grupo_gasto_total_gastos\2026_1902_Gobierno_Autónomo_Municipal_de_Porvenir_categoria_programatica_grupo_gasto_total_gastos.pdf,2026_1902_Gobierno_Autónomo_Municipal_de_Porvenir_categoria_programatica_grupo_gasto_total_gastos.pdf,1902,Gobierno Autónomo Municipal de Porvenir,22,True,ok,
data\raw\sigep_2026\categoria_programatica_grupo_gasto_total_gastos\2026_1903_Gobierno_Autónomo_Municipal_de_Bolpebra_categoria_programatica_grupo_gasto_total_gastos.pdf,2026_1903_Gobierno_Autónomo_Municipal_de_Bolpebra_categoria_programatica_grupo_gasto_total_gastos.pdf,1903,Gobierno Autónomo Municipal de Bolpebra,70,True,ok,
data\raw\sigep_2026\categoria_programatica_grupo_gasto_total_gastos\2026_1904_Gobierno_Autónomo_Municipal_de_Bella_Flor_categoria_programatica_grupo_gasto_total_gastos.pdf,2026_1904_Gobierno_Autónomo_Municipal_de_Bella_Flor_categoria_programatica_grupo_gasto_total_gastos.pdf,1904,Gobierno Autónomo Municipal de Bella Flor,68,True,ok,
data\raw\sigep_2026\categoria_programatica_grupo_gasto_total_gastos\2026_1905_Gobierno_Autónomo_Municipal_de_Puerto_Rico_categoria_programatica_grupo_gasto_total_gastos.pdf,2026_1905_Gobierno_Autónomo_Municipal_de_Puerto_Rico_categoria_programatica_grupo_gasto_total_gastos.pdf,1905,Gobierno Autónomo Municipal de Puerto Rico,20,True,ok,
data\raw\sigep_2026\categoria_programatica_grupo_gasto_total_gastos\2026_1906_Gobierno_Autónomo_Municipal_de_San_Pedro_categoria_programatica_grupo_gasto_total_gastos.pdf,2026_1906_Gobierno_Autónomo_Municipal_de_San_Pedro_categoria_programatica_grupo_gasto_total_gastos.pdf,1906,Gobierno Autónomo Municipal de San Pedro,67,True,ok,
data\raw\sigep_2026\categoria_programatica_grupo_gasto_total_gastos\2026_1907_Gobierno_Autónomo_Municipal_de_Filadelfia_categoria_programatica_grupo_gasto_total_gastos.pdf,2026_1907_Gobierno_Autónomo_Municipal_de_Filadelfia_categoria_programatica_grupo_gasto_total_gastos.pdf,1907,Gobierno Autónomo Municipal de Filadelfia,71,True,ok,
data\raw\sigep_2026\categoria_programatica_grupo_gasto_total_gastos\2026_1908_Gobierno_Autónomo_Municipal_de_Puerto_Gonzalo_Moreno_categoria_programatica_grupo_gasto_total_gastos.pdf,2026_1908_Gobierno_Autónomo_Municipal_de_Puerto_Gonzalo_Moreno_categoria_programatica_grupo_gasto_total_gastos.pdf,1908,Gobierno Autónomo Municipal de Puerto Gonzalo Moreno,21,True,ok,
data\raw\sigep_2026\categoria_programatica_grupo_gasto_total_gastos\2026_1909_Gobierno_Autónomo_Municipal_de_San_Lorenzo_categoria_programatica_grupo_gasto_total_gastos.pdf,2026_1909_Gobierno_Autónomo_Municipal_de_San_Lorenzo_categoria_programatica_grupo_gasto_total_gastos.pdf,1909,Gobierno Autónomo Municipal de San Lorenzo,17,True,ok,
data\raw\sigep_2026\categoria_programatica_grupo_gasto_total_gastos\2026_1910_Gobierno_Autónomo_Municipal_de_Sena_categoria_programatica_grupo_gasto_total_gastos.pdf,2026_1910_Gobierno_Autónomo_Municipal_de_Sena_categoria_programatica_grupo_gasto_total_gastos.pdf,1910,Gobierno Autónomo Municipal de Sena,125,True,ok,
data\raw\sigep_2026\categoria_programatica_grupo_gasto_total_gastos\2026_1911_Gobierno_Autónomo_Municipal_de_Santa_Rosa_del_Abuná_categoria_programatica_grupo_gasto_total_gastos.pdf,2026_1911_Gobierno_Autónomo_Municipal_de_Santa_Rosa_del_Abuná_categoria_programatica_grupo_gasto_total_gastos.pdf,1911,Gobierno Autónomo Municipal de Santa Rosa del Abuná,19,True,ok,
data\raw\sigep_2026\categoria_programatica_grupo_gasto_total_gastos\2026_1912_Gobierno_Autónomo_Municipal_de_Ingavi_Humaita_categoria_programatica_grupo_gasto_total_gastos.pdf,2026_1912_Gobierno_Autónomo_Municipal_de_Ingavi_Humaita_categoria_programatica_grupo_gasto_total_gastos.pdf,1912,Gobierno Autónomo Municipal de Ingavi (Humaita),59,True,ok,
data\raw\sigep_2026\categoria_programatica_grupo_gasto_total_gastos\2026_1913_Gobierno_Autónomo_Municipal_de_Nueva_Esperanza_categoria_programatica_grupo_gasto_total_gastos.pdf,2026_1913_Gobierno_Autónomo_Municipal_de_Nueva_Esperanza_categoria_programatica_grupo_gasto_total_gastos.pdf,1913,Gobierno Autónomo Municipal de Nueva Esperanza,48,True,ok,
data\raw\sigep_2026\categoria_programatica_grupo_gasto_total_gastos\2026_1914_Gobierno_Autónomo_Municipal_de_Villa_Nueva_Loma_Alta_categoria_programatica_grupo_gasto_total_gastos.pdf,2026_1914_Gobierno_Autónomo_Municipal_de_Villa_Nueva_Loma_Alta_categoria_programatica_grupo_gasto_total_gastos.pdf,1914,Gobierno Autónomo Municipal de Villa Nueva (Loma Alta),64,True,ok,
data\raw\sigep_2026\categoria_programatica_grupo_gasto_total_gastos\2026_1915_Gobierno_Autónomo_Municipal_de_Santos_Mercado_categoria_programatica_grupo_gasto_total_gastos.pdf,2026_1915_Gobierno_Autónomo_Municipal_de_Santos_Mercado_categoria_programatica_grupo_gasto_total_gastos.pdf,1915,Gobierno Autónomo Municipal de Santos Mercado,21,True,ok,
data\raw\sigep_2026\categoria_programatica_grupo_gasto_total_gastos\2026_3101_Autonomía_del_Territorio_Indígena_Originario_Campesino_Guaraní_Chaqueño_de_categoria_programatica_grupo_gasto_total_gastos.pdf,2026_3101_Autonomía_del_Territorio_Indígena_Originario_Campesino_Guaraní_Chaqueño_de_categoria_programatica_grupo_gasto_total_gastos.pdf,3101,Autonomía del Territorio Indígena Originario Campesino Guaraní Chaqueño de Huacaya,78,True,ok,
data\raw\sigep_2026\categoria_programatica_grupo_gasto_total_gastos\2026_3301_Gobierno_Autónomo_Indígena_Originario_Campesino_del_Territorio_de_Raqaypampa_categoria_programatica_grupo_gasto_total_gastos.pdf,2026_3301_Gobierno_Autónomo_Indígena_Originario_Campesino_del_Territorio_de_Raqaypampa_categoria_programatica_grupo_gasto_total_gastos.pdf,3301,Gobierno Autónomo Indígena Originario Campesino del Territorio de Raqaypampa,76,True,ok,
data\raw\sigep_2026\categoria_programatica_grupo_gasto_total_gastos\2026_3401_Gobierno_Autónomo_Indígena_Originario_Campesino_de_la_Nación_Originaria_Uru_categoria_programatica_grupo_gasto_total_gastos.pdf,2026_3401_Gobierno_Autónomo_Indígena_Originario_Campesino_de_la_Nación_Originaria_Uru_categoria_programatica_grupo_gasto_total_gastos.pdf,3401,GAIOC de la Nación Originaria Uru Chipaya,19,True,ok,
data\raw\sigep_2026\categoria_programatica_grupo_gasto_total_gastos\2026_3402_Gobierno_Autónomo_Indígena_Originario_Campesino_de_Salinas_categoria_programatica_grupo_gasto_total_gastos.pdf,2026_3402_Gobierno_Autónomo_Indígena_Originario_Campesino_de_Salinas_categoria_programatica_grupo_gasto_total_gastos.pdf,3402,Gobierno Autónomo Indígena Originario Campesino de Salinas,41,True,ok,
data\raw\sigep_2026\categoria_programatica_grupo_gasto_total_gastos\2026_3501_Gobierno_Autónomo_Indígena_Originario_Campesino_de_la_Autonomía_Originaria_del_categoria_programatica_grupo_gasto_total_gastos.pdf,2026_3501_Gobierno_Autónomo_Indígena_Originario_Campesino_de_la_Autonomía_Originaria_del_categoria_programatica_grupo_gasto_total_gastos.pdf,3501,Gobierno Autónomo Indígena Originario Campesino de la Autonomía Originaria del Jatún Ayllu Yura,83,True,ok,
data\raw\sigep_2026\categoria_programatica_grupo_gasto_total_gastos\2026_3701_Gobierno_Autónomo_Indígena_Originario_Campesino_de_Charagua_Iyambae_categoria_programatica_grupo_gasto_total_gastos.pdf,2026_3701_Gobierno_Autónomo_Indígena_Originario_Campesino_de_Charagua_Iyambae_categoria_programatica_grupo_gasto_total_gastos.pdf,3701,GAIOC de Charagua Iyambae,137,True,ok,
data\raw\sigep_2026\categoria_programatica_grupo_gasto_total_gastos\2026_3702_Gobierno_Autónomo_Indígena_Guaraní_Kereimba_Iyaambae_categoria_programatica_grupo_gasto_total_gastos.pdf,2026_3702_Gobierno_Autónomo_Indígena_Guaraní_Kereimba_Iyaambae_categoria_programatica_grupo_gasto_total_gastos.pdf,3702,Gobierno Autónomo Indígena Guaraní Kereimba Iyaambae,42,True,ok,
data\raw\sigep_2026\categoria_programatica_grupo_gasto_total_gastos\2026_3801_Gobierno_Indígena_Autónomo_del_Territorio_Indígena_Multiétnico_categoria_programatica_grupo_gasto_total_gastos.pdf,2026_3801_Gobierno_Indígena_Autónomo_del_Territorio_Indígena_Multiétnico_categoria_programatica_grupo_gasto_total_gastos.pdf,3801,Gobierno Indígena Autónomo del Territorio Indígena Multiétnico,55,True,ok,
data\raw\sigep_2026\categoria_programatica_grupo_gasto_total_gastos\2026_4601_Gobierno_Autónomo_Regional_del_Gran_Chaco_categoria_programatica_grupo_gasto_total_gastos.pdf,2026_4601_Gobierno_Autónomo_Regional_del_Gran_Chaco_categoria_programatica_grupo_gasto_total_gastos.pdf,4601,Gobierno Autónomo Regional del Gran Chaco,123,True,ok,
data\raw\sigep_2026\categoria_programatica_grupo_gasto_total_gastos\2026_901_Gobierno_Autónomo_Departamental_de_Chuquisaca_categoria_programatica_grupo_gasto_total_gastos.pdf,2026_901_Gobierno_Autónomo_Departamental_de_Chuquisaca_categoria_programatica_grupo_gasto_total_gastos.pdf,901,Gobierno Autónomo Departamental de Chuquisaca,40,True,ok,
data\raw\sigep_2026\categoria_programatica_grupo_gasto_total_gastos\2026_902_Gobierno_Autónomo_Departamental_de_La_Paz_categoria_programatica_grupo_gasto_total_gastos.pdf,2026_902_Gobierno_Autónomo_Departamental_de_La_Paz_categoria_programatica_grupo_gasto_total_gastos.pdf,902,Gobierno Autónomo Departamental de La Paz,289,True,ok,
data\raw\sigep_2026\categoria_programatica_grupo_gasto_total_gastos\2026_903_Gobierno_Autónomo_Departamental_de_Cochabamba_categoria_programatica_grupo_gasto_total_gastos.pdf,2026_903_Gobierno_Autónomo_Departamental_de_Cochabamba_categoria_programatica_grupo_gasto_total_gastos.pdf,903,Gobierno Autónomo Departamental de Cochabamba,115,True,ok,
data\raw\sigep_2026\categoria_programatica_grupo_gasto_total_gastos\2026_904_Gobierno_Autónomo_Departamental_de_Oruro_categoria_programatica_grupo_gasto_total_gastos.pdf,2026_904_Gobierno_Autónomo_Departamental_de_Oruro_categoria_programatica_grupo_gasto_total_gastos.pdf,904,Gobierno Autónomo Departamental de Oruro,185,True,ok,
data\raw\sigep_2026\categoria_programatica_grupo_gasto_total_gastos\2026_905_Gobierno_Autónomo_Departamental_de_Potosí_categoria_programatica_grupo_gasto_total_gastos.pdf,2026_905_Gobierno_Autónomo_Departamental_de_Potosí_categoria_programatica_grupo_gasto_total_gastos.pdf,905,Gobierno Autónomo Departamental de Potosí,299,True,ok,
data\raw\sigep_2026\categoria_programatica_grupo_gasto_total_gastos\2026_906_Gobierno_Autónomo_Departamental_de_Tarija_categoria_programatica_grupo_gasto_total_gastos.pdf,2026_906_Gobierno_Autónomo_Departamental_de_Tarija_categoria_programatica_grupo_gasto_total_gastos.pdf,906,Gobierno Autónomo Departamental de Tarija,81,True,ok,
data\raw\sigep_2026\categoria_programatica_grupo_gasto_total_gastos\2026_907_Gobierno_Autónomo_Departamental_de_Santa_Cruz_categoria_programatica_grupo_gasto_total_gastos.pdf,2026_907_Gobierno_Autónomo_Departamental_de_Santa_Cruz_categoria_programatica_grupo_gasto_total_gastos.pdf,907,Gobierno Autónomo Departamental de Santa Cruz,226,True,ok,
data\raw\sigep_2026\categoria_programatica_grupo_gasto_total_gastos\2026_908_Gobierno_Autónomo_Departamental_del_Beni_categoria_programatica_grupo_gasto_total_gastos.pdf,2026_908_Gobierno_Autónomo_Departamental_del_Beni_categoria_programatica_grupo_gasto_total_gastos.pdf,908,Gobierno Autónomo Departamental del Beni,164,True,ok,
data\raw\sigep_2026\categoria_programatica_grupo_gasto_total_gastos\2026_909_Gobierno_Autónomo_Departamental_de_Pando_categoria_programatica_grupo_gasto_total_gastos.pdf,2026_909_Gobierno_Autónomo_Departamental_de_Pando_categoria_programatica_grupo_gasto_total_gastos.pdf,909,Gobierno Autónomo Departamental de Pando,128,True,ok,
