gestion,file,codigo_entidad,nombre_entidad,grupo_1,grupo_2,grupo_3,grupo_4,grupo_5,grupo_6,grupo_7,grupo_8,grupo_9,total
2026,data\raw\sigep_2026\categoria_programatica_grupo_gasto_total_gastos\2026_1101_Gobierno_Autónomo_Municipal_de_Sucre_categoria_programatica_grupo_gasto_total_gastos.pdf,1101,Gobierno Autónomo Municipal de Sucre,6294783,43080026,0,14189438,0,0,29249292,0,443973701,536787240
2026,data\raw\sigep_2026\categoria_programatica_grupo_gasto_total_gastos\2026_1102_Gobierno_Autónomo_Municipal_de_Yotala_categoria_programatica_grupo_gasto_total_gastos.pdf,1102,Gobierno Autónomo Municipal de Yotala,2038425,2838750,4001597,253762,0,268338,1031310,13000,1699434,12144616
2026,data\raw\sigep_2026\categoria_programatica_grupo_gasto_total_gastos\2026_1103_Gobierno_Autónomo_Municipal_de_Poroma_categoria_programatica_grupo_gasto_total_gastos.pdf,1103,Gobierno Autónomo Municipal de Poroma,2937554,3396353,4798478,471886,0,771029,1720942,9750,1187427,15293419
2026,data\raw\sigep_2026\categoria_programatica_grupo_gasto_total_gastos\2026_1104_Gobierno_Autónomo_Municipal_de_Villa_Azurduy_categoria_programatica_grupo_gasto_total_gastos.pdf,1104,Gobierno Autónomo Municipal de Villa Azurduy,2130320,1998113,2400994,7199287,493932,955000,1007146,0,0,16184792
2026,data\raw\sigep_2026\categoria_programatica_grupo_gasto_total_gastos\2026_1105_Gobierno_Autónomo_Municipal_de_Tarvita_Villa_Orías_categoria_programatica_grupo_gasto_total_gastos.pdf,1105,Gobierno Autónomo Municipal de Tarvita (Villa Orías),3173213,3680973,5058492,3119608,0,1418095,1763691,0,1151302,19365374
2026,data\raw\sigep_2026\categoria_programatica_grupo_gasto_total_gastos\2026_1106_Gobierno_Autónomo_Municipal_de_Villa_Zudañez_Tacopaya_categoria_programatica_grupo_gasto_total_gastos.pdf,1106,Gobierno Autónomo Municipal de Villa Zudañez (Tacopaya),2315741,3791344,4686555,354650,495751,838937,1315890,8500,2087112,15894480
2026,data\raw\sigep_2026\categoria_programatica_grupo_gasto_total_gastos\2026_1107_Gobierno_Autónomo_Municipal_de_Presto_categoria_programatica_grupo_gasto_total_gastos.pdf,1107,Gobierno Autónomo Municipal de Presto,2148303,3300693,4800335,1556715,1000,218643,1206737,4800,1144137,14381363
2026,data\raw\sigep_2026\categoria_programatica_grupo_gasto_total_gastos\2026_1108_Gobierno_Autónomo_Municipal_de_Villa_Mojocoya_categoria_programatica_grupo_gasto_total_gastos.pdf,1108,Gobierno Autónomo Municipal de Villa Mojocoya,1870420,2487234,3252191,974389,0,740225,961364,0,229801,10515624
2026,data\raw\sigep_2026\categoria_programatica_grupo_gasto_total_gastos\2026_1109_Gobierno_Autónomo_Municipal_de_Icla_categoria_programatica_grupo_gasto_total_gastos.pdf,1109,Gobierno Autónomo Municipal de Icla,1711923,2492270,3303372,220658,434886,851994,927420,4500,0,9947023
2026,data\raw\sigep_2026\categoria_programatica_grupo_gasto_total_gastos\2026_1110_Gobierno_Autónomo_Municipal_de_Padilla_categoria_programatica_grupo_gasto_total_gastos.pdf,1110,Gobierno Autónomo Municipal de Padilla,1533080,3751438,3157930,3906413,0,615782,1051690,3225,181010,14200568
2026,data\raw\sigep_2026\categoria_programatica_grupo_gasto_total_gastos\2026_1111_Gobierno_Autónomo_Municipal_de_Tomina_categoria_programatica_grupo_gasto_total_gastos.pdf,1111,Gobierno Autónomo Municipal de Tomina,1463236,2835004,2998762,267793,0,808512,863400,0,524015,9760722
2026,data\raw\sigep_2026\categoria_programatica_grupo_gasto_total_gastos\2026_1112_Gobierno_Autónomo_Municipal_de_Sopachuy_categoria_programatica_grupo_gasto_total_gastos.pdf,1112,Gobierno Autónomo Municipal de Sopachuy,1451955,2931143,2713197,1235314,0,288926,804562,0,139276,9564373
2026,data\raw\sigep_2026\categoria_programatica_grupo_gasto_total_gastos\2026_1113_Gobierno_Autónomo_Municipal_de_Villa_Alcalá_categoria_programatica_grupo_gasto_total_gastos.pdf,1113,Gobierno Autónomo Municipal de Villa Alcalá,825140,1930446,1128451,2829237,700000,133650,554783,0,0,8101707
2026,data\raw\sigep_2026\categoria_programatica_grupo_gasto_total_gastos\2026_1114_Gobierno_Autónomo_Municipal_de_El_Villar_categoria_programatica_grupo_gasto_total_gastos.pdf,1114,Gobierno Autónomo Municipal de El Villar,2138241,1735329,1729139,1386788,0,297483,634237,0,135067,8056284
2026,data\raw\sigep_2026\categoria_programatica_grupo_gasto_total_gastos\2026_1115_Gobierno_Autónomo_Municipal_de_Monteagudo_categoria_programatica_grupo_gasto_total_gastos.pdf,1115,Gobierno Autónomo Municipal de Monteagudo,10583914,7635314,9057157,2966746,0,2484992,2973680,8500,1264526,36974829
2026,data\raw\sigep_2026\categoria_programatica_grupo_gasto_total_gastos\2026_1116_Gobierno_Autónomo_Municipal_de_San_Pablo_de_Huacareta_categoria_programatica_grupo_gasto_total_gastos.pdf,1116,Gobierno Autónomo Municipal de San Pablo de Huacareta,2643335,2407320,1956981,3581691,0,144730,854040,0,113589,11701686
2026,data\raw\sigep_2026\categoria_programatica_grupo_gasto_total_gastos\2026_1117_Gobierno_Autónomo_Municipal_de_Tarabuco_categoria_programatica_grupo_gasto_total_gastos.pdf,1117,Gobierno Autónomo Municipal de Tarabuco,2531763,2413457,3713261,5070846,0,385673,1260694,4075,0,15379769
2026,data\raw\sigep_2026\categoria_programatica_grupo_gasto_total_gastos\2026_1118_Gobierno_Autónomo_Municipal_de_Yamparáez_categoria_programatica_grupo_gasto_total_gastos.pdf,1118,Gobierno Autónomo Municipal de Yamparáez,2155036,2447929,2877402,2608084,0,995800,919501,4000,304258,12312010
2026,data\raw\sigep_2026\categoria_programatica_grupo_gasto_total_gastos\2026_1119_Gobierno_Autónomo_Municipal_de_Camargo_categoria_programatica_grupo_gasto_total_gastos.pdf,1119,Gobierno Autónomo Municipal de Camargo,3692323,6515114,5699916,337200,0,36000,1571646,4800,268226,18125225
2026,data\raw\sigep_2026\categoria_programatica_grupo_gasto_total_gastos\2026_1120_Gobierno_Autónomo_Municipal_de_San_Lucas_categoria_programatica_grupo_gasto_total_gastos.pdf,1120,Gobierno Autónomo Municipal de San Lucas,7449445,8866354,9448887,16308327,0,2535458,2512939,10000,1532595,48664005
2026,data\raw\sigep_2026\categoria_programatica_grupo_gasto_total_gastos\2026_1121_Gobierno_Autónomo_Municipal_de_Incahuasi_categoria_programatica_grupo_gasto_total_gastos.pdf,1121,Gobierno Autónomo Municipal de Incahuasi,2343054,5386705,5051118,2864006,0,1780419,1531472,4500,1172119,20133393
2026,data\raw\sigep_2026\categoria_programatica_grupo_gasto_total_gastos\2026_1122_Gobierno_Autónomo_Municipal_de_Villa_Serrano_categoria_programatica_grupo_gasto_total_gastos.pdf,1122,Gobierno Autónomo Municipal de Villa Serrano,1695513,3669995,3073252,2654626,0,50311,1195319,3500,581667,12924183
2026,data\raw\sigep_2026\categoria_programatica_grupo_gasto_total_gastos\2026_1123_Gobierno_Autónomo_Municipal_de_Camataqui_Villa_Abecia_categoria_programatica_grupo_gasto_total_gastos.pdf,1123,Gobierno Autónomo Municipal de Camataqui (Villa Abecia),456299,1748809,1692639,261704,1189689,246013,486623,1000,0,6082776
2026,data\raw\sigep_2026\categoria_programatica_grupo_gasto_total_gastos\2026_1124_Gobierno_Autónomo_Municipal_de_Culpina_categoria_programatica_grupo_gasto_total_gastos.pdf,1124,Gobierno Autónomo Municipal de Culpina,1929944,1544094,522420,4057863,0,0,1434484,0,12419156,21907961
2026,data\raw\sigep_2026\categoria_programatica_grupo_gasto_total_gastos\2026_1125_Gobierno_Autónomo_Municipal_de_Las_Carreras_categoria_programatica_grupo_gasto_total_gastos.pdf,1125,Gobierno Autónomo Municipal de Las Carreras,764645,1868075,1769643,8231217,0,300249,493320,0,588200,14015349
2026,data\raw\sigep_2026\categoria_programatica_grupo_gasto_total_gastos\2026_1126_Gobierno_Autónomo_Municipal_de_Villa_Vaca_Guzmán_categoria_programatica_grupo_gasto_total_gastos.pdf,1126,Gobierno Autónomo Municipal de Villa Vaca Guzmán,1440021,554898,1255217,1296937,2796673,0,1298569,0,7725920,16368235
2026,data\raw\sigep_2026\categoria_programatica_grupo_gasto_total_gastos\2026_1128_Gobierno_Autónomo_Municipal_de_Machareti_categoria_programatica_grupo_gasto_total_gastos.pdf,1128,Gobierno Autónomo Municipal de Machareti,1276353,3136556,2072096,713504,0,1115639,712338,1920,241000,9269406
2026,data\raw\sigep_2026\categoria_programatica_grupo_gasto_total_gastos\2026_1129_Gobierno_Autónomo_Municipal_de_Villa_Charcas_categoria_programatica_grupo_gasto_total_gastos.pdf,1129,Gobierno Autónomo Municipal de Villa Charcas,2532802,5702616,5955425,107400,0,917372,1296426,4000,602922,17118963
2026,data\raw\sigep_2026\categoria_programatica_grupo_gasto_total_gastos\2026_1201_Gobierno_Autónomo_Municipal_de_La_Paz_categoria_programatica_grupo_gasto_total_gastos.pdf,1201,Gobierno Autónomo Municipal de La Paz,555015291,412892079,182761340,165415650,0,341291247,64526379,1140857,1136147,1724178990
2026,data\raw\sigep_2026\categoria_programatica_grupo_gasto_total_gastos\2026_1202_Gobierno_Autónomo_Municipal_de_Palca_categoria_programatica_grupo_gasto_total_gastos.pdf,1202,Gobierno Autónomo Municipal de Palca,6305675,6210852,9239693,5948118,0,2194408,630980,0,8072216,38601942
2026,data\raw\sigep_2026\categoria_programatica_grupo_gasto_total_gastos\2026_1203_Gobierno_Autónomo_Municipal_de_Mecapaca_categoria_programatica_grupo_gasto_total_gastos.pdf,1203,Gobierno Autónomo Municipal de Mecapaca,3705673,2642658,26992,0,0,0,567905,0,20288539,27231767
2026,data\raw\sigep_2026\categoria_programatica_grupo_gasto_total_gastos\2026_1204_Gobierno_Autónomo_Municipal_Ecológico_Productivo_de_Achocalla_categoria_programatica_grupo_gasto_total_gastos.pdf,1204,Gobierno Autónomo Municipal Ecológico Productivo de Achocalla,0,6049521,60791,15200591,0,0,1117876,0,88044793,110473572
2026,data\raw\sigep_2026\categoria_programatica_grupo_gasto_total_gastos\2026_1205_Gobierno_Autónomo_Municipal_de_El_Alto_de_La_Paz_categoria_programatica_grupo_gasto_total_gastos.pdf,1205,Gobierno Autónomo Municipal de El Alto de La Paz,282091793,353214219,220206372,361285480,2000000,149627144,38552614,1561020,82034399,1490573041
2026,data\raw\sigep_2026\categoria_programatica_grupo_gasto_total_gastos\2026_1206_Gobierno_Autónomo_Municipal_de_Viacha_categoria_programatica_grupo_gasto_total_gastos.pdf,1206,Gobierno Autónomo Municipal de Viacha,29022969,45338166,41253154,25604858,20888910,20251772,3296043,2000,4000,185661872
2026,data\raw\sigep_2026\categoria_programatica_grupo_gasto_total_gastos\2026_1207_Gobierno_Autónomo_Municipal_de_Guaqui_categoria_programatica_grupo_gasto_total_gastos.pdf,1207,Gobierno Autónomo Municipal de Guaqui,1445560,881698,4208066,60000,0,70000,279984,0,1848116,8793424
2026,data\raw\sigep_2026\categoria_programatica_grupo_gasto_total_gastos\2026_1208_Gobierno_Autónomo_Municipal_de_Tiahuanacu_categoria_programatica_grupo_gasto_total_gastos.pdf,1208,Gobierno Autónomo Municipal de Tiahuanacu,1858723,2672362,7421916,718057,0,0,371232,0,437415,13479705
2026,data\raw\sigep_2026\categoria_programatica_grupo_gasto_total_gastos\2026_1209_Gobierno_Autónomo_Municipal_de_Desaguadero_categoria_programatica_grupo_gasto_total_gastos.pdf,1209,Gobierno Autónomo Municipal de Desaguadero,2139959,5949071,2006030,2357772,0,50000,215882,0,718183,13436897
2026,data\raw\sigep_2026\categoria_programatica_grupo_gasto_total_gastos\2026_1210_Gobierno_Autónomo_Municipal_de_Caranavi_categoria_programatica_grupo_gasto_total_gastos.pdf,1210,Gobierno Autónomo Municipal de Caranavi,8704222,29361313,7667043,26150813,0,2115846,1945537,0,11952512,87897286
2026,data\raw\sigep_2026\categoria_programatica_grupo_gasto_total_gastos\2026_1211_Gobierno_Autónomo_Municipal_de_Sica_Sica_Villa_Aroma_categoria_programatica_grupo_gasto_total_gastos.pdf,1211,Gobierno Autónomo Municipal de Sica Sica (Villa Aroma),3812741,4333933,44267,5114083,0,0,843511,0,24387034,38535569
2026,data\raw\sigep_2026\categoria_programatica_grupo_gasto_total_gastos\2026_1212_Gobierno_Autónomo_Municipal_de_Umala_categoria_programatica_grupo_gasto_total_gastos.pdf,1212,Gobierno Autónomo Municipal de Umala,1493675,3457701,2663882,6305540,0,50002,263393,0,408896,14643089
2026,data\raw\sigep_2026\categoria_programatica_grupo_gasto_total_gastos\2026_1213_Gobierno_Autónomo_Municipal_de_Ayo_Ayo_categoria_programatica_grupo_gasto_total_gastos.pdf,1213,Gobierno Autónomo Municipal de Ayo Ayo,1720368,2172070,3690785,157823,2815299,492828,303298,4989,0,11357460
2026,data\raw\sigep_2026\categoria_programatica_grupo_gasto_total_gastos\2026_1214_Gobierno_Autónomo_Municipal_de_Calamarca_categoria_programatica_grupo_gasto_total_gastos.pdf,1214,Gobierno Autónomo Municipal de Calamarca,2936964,8154107,4149130,13640675,0,200000,452024,0,8004362,37537262
2026,data\raw\sigep_2026\categoria_programatica_grupo_gasto_total_gastos\2026_1215_Gobierno_Autónomo_Municipal_de_Patacamaya_categoria_programatica_grupo_gasto_total_gastos.pdf,1215,Gobierno Autónomo Municipal de Patacamaya,4151130,12145434,5148225,1433062,0,891138,810318,0,4164542,28743849
2026,data\raw\sigep_2026\categoria_programatica_grupo_gasto_total_gastos\2026_1216_Gobierno_Autónomo_Municipal_de_Colquencha_categoria_programatica_grupo_gasto_total_gastos.pdf,1216,Gobierno Autónomo Municipal de Colquencha,1723040,5807907,830323,1223673,0,0,315240,0,3047163,12947346
2026,data\raw\sigep_2026\categoria_programatica_grupo_gasto_total_gastos\2026_1217_Gobierno_Autónomo_Municipal_de_Collana_categoria_programatica_grupo_gasto_total_gastos.pdf,1217,Gobierno Autónomo Municipal de Collana,857258,2499218,1351054,3407994,0,0,160259,0,557749,8833532
2026,data\raw\sigep_2026\categoria_programatica_grupo_gasto_total_gastos\2026_1218_Gobierno_Autónomo_Municipal_de_Inquisivi_categoria_programatica_grupo_gasto_total_gastos.pdf,1218,Gobierno Autónomo Municipal de Inquisivi,2750081,5897985,8431251,3175055,0,1533782,1182625,0,315387,23286166
2026,data\raw\sigep_2026\categoria_programatica_grupo_gasto_total_gastos\2026_1219_Gobierno_Autónomo_Municipal_de_Quime_categoria_programatica_grupo_gasto_total_gastos.pdf,1219,Gobierno Autónomo Municipal de Quime,1987048,27412,1449482,0,125001,0,295122,0,8355863,12239928
2026,data\raw\sigep_2026\categoria_programatica_grupo_gasto_total_gastos\2026_1220_Gobierno_Autónomo_Municipal_de_Cajuata_categoria_programatica_grupo_gasto_total_gastos.pdf,1220,Gobierno Autónomo Municipal de Cajuata,1793941,3681342,5053836,2268926,3165914,256385,570555,0,0,16790899
2026,data\raw\sigep_2026\categoria_programatica_grupo_gasto_total_gastos\2026_1221_Gobierno_Autónomo_Municipal_de_Colquiri_categoria_programatica_grupo_gasto_total_gastos.pdf,1221,Gobierno Autónomo Municipal de Colquiri,3724962,5116252,7591385,8893315,0,3178382,506597,0,940203,29951096
2026,data\raw\sigep_2026\categoria_programatica_grupo_gasto_total_gastos\2026_1222_Gobierno_Autónomo_Municipal_de_Ichoca_categoria_programatica_grupo_gasto_total_gastos.pdf,1222,Gobierno Autónomo Municipal de Ichoca,1422596,1855385,3837405,445721,1504229,220128,200686,0,0,9486150
2026,data\raw\sigep_2026\categoria_programatica_grupo_gasto_total_gastos\2026_1223_Gobierno_Autónomo_Municipal_de_Villa_Libertad_Licoma_categoria_programatica_grupo_gasto_total_gastos.pdf,1223,Gobierno Autónomo Municipal de Villa Libertad Licoma,1119747,1683811,2353884,50000,0,21254,251296,0,1995595,7475587
2026,data\raw\sigep_2026\categoria_programatica_grupo_gasto_total_gastos\2026_1224_Gobierno_Autónomo_Municipal_de_Achacachi_categoria_programatica_grupo_gasto_total_gastos.pdf,1224,Gobierno Autónomo Municipal de Achacachi,0,2711976,3452148,135564,0,0,1499614,0,37268665,45067967
2026,data\raw\sigep_2026\categoria_programatica_grupo_gasto_total_gastos\2026_1225_Gobierno_Autónomo_Municipal_de_Ancoraimes_categoria_programatica_grupo_gasto_total_gastos.pdf,1225,Gobierno Autónomo Municipal de Ancoraimes,2828592,2182299,45324,5260427,0,0,430235,0,11718008,22464885
2026,data\raw\sigep_2026\categoria_programatica_grupo_gasto_total_gastos\2026_1226_Gobierno_Autónomo_Municipal_de_Sorata_categoria_programatica_grupo_gasto_total_gastos.pdf,1226,Gobierno Autónomo Municipal de Sorata,6803521,6447719,9580466,3616161,7295712,3918049,804101,0,0,38465729
2026,data\raw\sigep_2026\categoria_programatica_grupo_gasto_total_gastos\2026_1227_Gobierno_Autónomo_Municipal_de_Guanay_categoria_programatica_grupo_gasto_total_gastos.pdf,1227,Gobierno Autónomo Municipal de Guanay,0,2115288,21606,87642,0,0,589482,0,17796073,20610091
2026,data\raw\sigep_2026\categoria_programatica_grupo_gasto_total_gastos\2026_1228_Gobierno_Autónomo_Municipal_de_Tacacoma_categoria_programatica_grupo_gasto_total_gastos.pdf,1228,Gobierno Autónomo Municipal de Tacacoma,776537,5060613,2155428,274202,0,0,299153,0,2066383,10632316
2026,data\raw\sigep_2026\categoria_programatica_grupo_gasto_total_gastos\2026_1229_Gobierno_Autónomo_Municipal_de_Tipuani_categoria_programatica_grupo_gasto_total_gastos.pdf,1229,Gobierno Autónomo Municipal de Tipuani,1364907,986410,10712,1596278,0,0,266145,0,9150026,13374478
2026,data\raw\sigep_2026\categoria_programatica_grupo_gasto_total_gastos\2026_1230_Gobierno_Autónomo_Municipal_de_Quiabaya_categoria_programatica_grupo_gasto_total_gastos.pdf,1230,Gobierno Autónomo Municipal de Quiabaya,634751,1042848,1987071,55000,0,0,125114,0,436643,4281427
2026,data\raw\sigep_2026\categoria_programatica_grupo_gasto_total_gastos\2026_1231_Gobierno_Autónomo_Municipal_de_Combaya_categoria_programatica_grupo_gasto_total_gastos.pdf,1231,Gobierno Autónomo Municipal de Combaya,653076,477263,113499,0,0,0,94239,0,2140912,3478989
2026,data\raw\sigep_2026\categoria_programatica_grupo_gasto_total_gastos\2026_1232_Gobierno_Autónomo_Municipal_de_Copacabana_categoria_programatica_grupo_gasto_total_gastos.pdf,1232,Gobierno Autónomo Municipal de Copacabana,3098559,5679311,5035658,715870,0,0,463809,0,4258635,19251842
2026,data\raw\sigep_2026\categoria_programatica_grupo_gasto_total_gastos\2026_1233_Gobierno_Autónomo_Municipal_de_San_Pedro_de_Tiquina_categoria_programatica_grupo_gasto_total_gastos.pdf,1233,Gobierno Autónomo Municipal de San Pedro de Tiquina,1199987,2043823,2754184,112000,0,1000000,220227,0,1230102,8560323
2026,data\raw\sigep_2026\categoria_programatica_grupo_gasto_total_gastos\2026_1234_Gobierno_Autónomo_Municipal_de_Tito_Yupanqui_categoria_programatica_grupo_gasto_total_gastos.pdf,1234,Gobierno Autónomo Municipal de Tito Yupanqui,1297002,1887360,2421597,1142605,0,40000,161898,0,222,6950684
2026,data\raw\sigep_2026\categoria_programatica_grupo_gasto_total_gastos\2026_1235_Gobierno_Autónomo_Municipal_de_Chuma_categoria_programatica_grupo_gasto_total_gastos.pdf,1235,Gobierno Autónomo Municipal de Chuma,2574849,2736650,4531247,695000,0,48000,502773,0,5349000,16437519
2026,data\raw\sigep_2026\categoria_programatica_grupo_gasto_total_gastos\2026_1236_Gobierno_Autónomo_Municipal_de_Ayata_categoria_programatica_grupo_gasto_total_gastos.pdf,1236,Gobierno Autónomo Municipal de Ayata,1890213,3305181,1596921,1162471,0,0,301923,0,1253284,9509993
2026,data\raw\sigep_2026\categoria_programatica_grupo_gasto_total_gastos\2026_1237_Gobierno_Autónomo_Municipal_de_Aucapata_categoria_programatica_grupo_gasto_total_gastos.pdf,1237,Gobierno Autónomo Municipal de Aucapata,1052431,1400049,2345972,105000,0,278017,211741,450,1050000,6443660
2026,data\raw\sigep_2026\categoria_programatica_grupo_gasto_total_gastos\2026_1238_Gobierno_Autónomo_Municipal_de_Corocoro_categoria_programatica_grupo_gasto_total_gastos.pdf,1238,Gobierno Autónomo Municipal de Corocoro,3092673,3948174,3049063,2231329,2777789,0,385694,0,0,15484722
2026,data\raw\sigep_2026\categoria_programatica_grupo_gasto_total_gastos\2026_1239_Gobierno_Autónomo_Municipal_de_Caquiaviri_categoria_programatica_grupo_gasto_total_gastos.pdf,1239,Gobierno Autónomo Municipal de Caquiaviri,2301417,1953071,5015772,0,0,0,355022,0,4608457,14233739
2026,data\raw\sigep_2026\categoria_programatica_grupo_gasto_total_gastos\2026_1240_Gobierno_Autónomo_Municipal_de_Calacoto_categoria_programatica_grupo_gasto_total_gastos.pdf,1240,Gobierno Autónomo Municipal de Calacoto,1721548,3839471,2701820,110000,0,0,232700,0,2651674,11257213
2026,data\raw\sigep_2026\categoria_programatica_grupo_gasto_total_gastos\2026_1241_Gobierno_Autónomo_Municipal_de_Comanche_categoria_programatica_grupo_gasto_total_gastos.pdf,1241,Gobierno Autónomo Municipal de Comanche,550180,1235048,1089088,556758,1122947,656683,139071,0,0,5349775
2026,data\raw\sigep_2026\categoria_programatica_grupo_gasto_total_gastos\2026_1242_Gobierno_Autónomo_Municipal_de_Charaña_categoria_programatica_grupo_gasto_total_gastos.pdf,1242,Gobierno Autónomo Municipal de Charaña,557620,1668533,1430947,1144661,0,85414,93410,0,120000,5100585
2026,data\raw\sigep_2026\categoria_programatica_grupo_gasto_total_gastos\2026_1243_Gobierno_Autónomo_Municipal_de_Waldo_Ballivián_categoria_programatica_grupo_gasto_total_gastos.pdf,1243,Gobierno Autónomo Municipal de Waldo Ballivián,945491,1983205,1560188,135000,0,234937,133129,0,1371991,6363941
2026,data\raw\sigep_2026\categoria_programatica_grupo_gasto_total_gastos\2026_1244_Gobierno_Autónomo_Municipal_de_Nazacara_de_Pacajes_categoria_programatica_grupo_gasto_total_gastos.pdf,1244,Gobierno Autónomo Municipal de Nazacara de Pacajes,612401,1607763,631624,0,781063,0,79058,0,0,3711909
2026,data\raw\sigep_2026\categoria_programatica_grupo_gasto_total_gastos\2026_1245_Gobierno_Autónomo_Municipal_de_Santiago_de_Callapa_categoria_programatica_grupo_gasto_total_gastos.pdf,1245,Gobierno Autónomo Municipal de Santiago de Callapa,1393365,2756572,1458546,690299,0,793807,175352,0,682013,7949954
2026,data\raw\sigep_2026\categoria_programatica_grupo_gasto_total_gastos\2026_1246_Gobierno_Autónomo_Municipal_de_Puerto_Acosta_categoria_programatica_grupo_gasto_total_gastos.pdf,1246,Gobierno Autónomo Municipal de Puerto Acosta,2591499,1826655,0,3678678,0,0,367263,0,9430669,17894764
2026,data\raw\sigep_2026\categoria_programatica_grupo_gasto_total_gastos\2026_1247_Gobierno_Autónomo_Municipal_de_Mocomoco_categoria_programatica_grupo_gasto_total_gastos.pdf,1247,Gobierno Autónomo Municipal de Mocomoco,3055180,3346411,4989707,4067107,2909089,0,489207,0,0,18856701
2026,data\raw\sigep_2026\categoria_programatica_grupo_gasto_total_gastos\2026_1248_Gobierno_Autónomo_Municipal_de_Carabuco_categoria_programatica_grupo_gasto_total_gastos.pdf,1248,Gobierno Autónomo Municipal de Carabuco,2486417,3835552,9621597,935311,0,135399,484346,0,912687,18411309
2026,data\raw\sigep_2026\categoria_programatica_grupo_gasto_total_gastos\2026_1249_Gobierno_Autónomo_Municipal_de_Apolo_categoria_programatica_grupo_gasto_total_gastos.pdf,1249,Gobierno Autónomo Municipal de Apolo,1364907,2460753,25134,0,0,0,641683,0,14340839,18833316
2026,data\raw\sigep_2026\categoria_programatica_grupo_gasto_total_gastos\2026_1250_Gobierno_Autónomo_Municipal_de_Pelechuco_categoria_programatica_grupo_gasto_total_gastos.pdf,1250,Gobierno Autónomo Municipal de Pelechuco,0,1161097,16317,1692544,0,0,208652,0,8580869,11659479
2026,data\raw\sigep_2026\categoria_programatica_grupo_gasto_total_gastos\2026_1251_Gobierno_Autónomo_Municipal_de_Luribay_categoria_programatica_grupo_gasto_total_gastos.pdf,1251,Gobierno Autónomo Municipal de Luribay,1850006,3117461,2325606,943570,0,1396375,299034,0,745109,10677161
2026,data\raw\sigep_2026\categoria_programatica_grupo_gasto_total_gastos\2026_1252_Gobierno_Autónomo_Municipal_de_Sapahaqui_categoria_programatica_grupo_gasto_total_gastos.pdf,1252,Gobierno Autónomo Municipal de Sapahaqui,2336218,3674480,4474279,4532882,0,195000,578308,0,4251040,20042207
2026,data\raw\sigep_2026\categoria_programatica_grupo_gasto_total_gastos\2026_1253_Gobierno_Autónomo_Municipal_de_Yaco_categoria_programatica_grupo_gasto_total_gastos.pdf,1253,Gobierno Autónomo Municipal de Yaco,1661692,3716712,3458286,3811220,0,0,346498,0,2418140,15412548
2026,data\raw\sigep_2026\categoria_programatica_grupo_gasto_total_gastos\2026_1254_Gobierno_Autónomo_Municipal_de_Malla_categoria_programatica_grupo_gasto_total_gastos.pdf,1254,Gobierno Autónomo Municipal de Malla,0,635077,0,2871312,0,0,103189,0,4130044,7739622
2026,data\raw\sigep_2026\categoria_programatica_grupo_gasto_total_gastos\2026_1255_Gobierno_Autónomo_Municipal_de_Cairoma_categoria_programatica_grupo_gasto_total_gastos.pdf,1255,Gobierno Autónomo Municipal de Cairoma,0,1788052,0,2067421,0,0,407044,0,11467681,15730198
2026,data\raw\sigep_2026\categoria_programatica_grupo_gasto_total_gastos\2026_1256_Gobierno_Autónomo_Municipal_de_Chulumani_Villa_de_la_Libertad_categoria_programatica_grupo_gasto_total_gastos.pdf,1256,Gobierno Autónomo Municipal de Chulumani (Villa de la Libertad),2798516,2387586,6030,11067465,0,0,636931,0,12167694,29064222
2026,data\raw\sigep_2026\categoria_programatica_grupo_gasto_total_gastos\2026_1257_Gobierno_Autónomo_Municipal_de_Irupana_Villa_de_Lanza_categoria_programatica_grupo_gasto_total_gastos.pdf,1257,Gobierno Autónomo Municipal de Irupana (Villa de Lanza),7554087,5302948,5664213,3245079,0,1816434,836926,8500,2050172,26478359
2026,data\raw\sigep_2026\categoria_programatica_grupo_gasto_total_gastos\2026_1258_Gobierno_Autónomo_Municipal_de_Yanacachi_categoria_programatica_grupo_gasto_total_gastos.pdf,1258,Gobierno Autónomo Municipal de Yanacachi,1716426,1687137,2270064,194507,0,211764,258895,0,1793751,8132544
2026,data\raw\sigep_2026\categoria_programatica_grupo_gasto_total_gastos\2026_1259_Gobierno_Autónomo_Municipal_de_Palos_Blancos_categoria_programatica_grupo_gasto_total_gastos.pdf,1259,Gobierno Autónomo Municipal de Palos Blancos,4104918,14199639,9339918,18634054,185800,67220,922986,0,0,47454535
2026,data\raw\sigep_2026\categoria_programatica_grupo_gasto_total_gastos\2026_1260_Gobierno_Autónomo_Municipal_de_La_Asunta_categoria_programatica_grupo_gasto_total_gastos.pdf,1260,Gobierno Autónomo Municipal de La Asunta,9360439,12684488,11603854,15337887,0,2346170,1134663,0,6171856,58639357
2026,data\raw\sigep_2026\categoria_programatica_grupo_gasto_total_gastos\2026_1261_Gobierno_Autónomo_Municipal_de_Pucarani_categoria_programatica_grupo_gasto_total_gastos.pdf,1261,Gobierno Autónomo Municipal de Pucarani,6273426,5147388,15477861,19200465,17950049,415023,1278416,0,0,65742628
2026,data\raw\sigep_2026\categoria_programatica_grupo_gasto_total_gastos\2026_1262_Gobierno_Autónomo_Municipal_de_Laja_categoria_programatica_grupo_gasto_total_gastos.pdf,1262,Gobierno Autónomo Municipal de Laja,5315891,4988428,50952,6016152,0,0,1030461,0,34700432,52102316
2026,data\raw\sigep_2026\categoria_programatica_grupo_gasto_total_gastos\2026_1263_Gobierno_Autónomo_Municipal_de_Batallas_categoria_programatica_grupo_gasto_total_gastos.pdf,1263,Gobierno Autónomo Municipal de Batallas,4261444,5382464,5796509,10125430,0,264207,599248,0,4131402,30560704
2026,data\raw\sigep_2026\categoria_programatica_grupo_gasto_total_gastos\2026_1264_Gobierno_Autónomo_Municipal_de_Puerto_Pérez_categoria_programatica_grupo_gasto_total_gastos.pdf,1264,Gobierno Autónomo Municipal de Puerto Pérez,1307645,2098902,2226565,792319,0,116488,186254,0,1220183,7948356
2026,data\raw\sigep_2026\categoria_programatica_grupo_gasto_total_gastos\2026_1265_Gobierno_Autónomo_Municipal_de_Coroico_categoria_programatica_grupo_gasto_total_gastos.pdf,1265,Gobierno Autónomo Municipal de Coroico,5594473,7168396,8046053,2439344,0,100347,771148,0,3805490,27925251
2026,data\raw\sigep_2026\categoria_programatica_grupo_gasto_total_gastos\2026_1266_Gobierno_Autónomo_Municipal_de_Coripata_categoria_programatica_grupo_gasto_total_gastos.pdf,1266,Gobierno Autónomo Municipal de Coripata,5914457,5221600,6633173,4780205,2391000,1614518,736819,0,0,27291772
2026,data\raw\sigep_2026\categoria_programatica_grupo_gasto_total_gastos\2026_1267_Gobierno_Autónomo_Municipal_de_Ixiamas_categoria_programatica_grupo_gasto_total_gastos.pdf,1267,Gobierno Autónomo Municipal de Ixiamas,2050789,5268917,2754258,10060527,0,686247,405001,0,2001969,23227708
2026,data\raw\sigep_2026\categoria_programatica_grupo_gasto_total_gastos\2026_1268_Gobierno_Autónomo_Municipal_de_San_Buenaventura_categoria_programatica_grupo_gasto_total_gastos.pdf,1268,Gobierno Autónomo Municipal de San Buenaventura,1192927,5634194,2624565,24000,0,446749,354102,0,0,10276537
2026,data\raw\sigep_2026\categoria_programatica_grupo_gasto_total_gastos\2026_1269_Gobierno_Autónomo_Municipal_de_General_Juan_José_Pérez_Charazani_categoria_programatica_grupo_gasto_total_gastos.pdf,1269,Gobierno Autónomo Municipal de General Juan José Pérez (Charazani),1767713,3652033,3999173,1217596,0,300000,352869,0,4476797,15766181
2026,data\raw\sigep_2026\categoria_programatica_grupo_gasto_total_gastos\2026_1270_Gobierno_Autónomo_Municipal_de_Curva_categoria_programatica_grupo_gasto_total_gastos.pdf,1270,Gobierno Autónomo Municipal de Curva,964173,1631251,1696600,2285489,0,0,124777,0,2459493,9161783
2026,data\raw\sigep_2026\categoria_programatica_grupo_gasto_total_gastos\2026_1271_Gobierno_Autónomo_Municipal_de_San_Pedro_de_Curahuara_categoria_programatica_grupo_gasto_total_gastos.pdf,1271,Gobierno Autónomo Municipal de San Pedro de Curahuara,1587057,1633437,2781817,2295817,691494,1053933,336099,6300,0,10385954
2026,data\raw\sigep_2026\categoria_programatica_grupo_gasto_total_gastos\2026_1272_Gobierno_Autónomo_Municipal_de_Papel_Pampa_categoria_programatica_grupo_gasto_total_gastos.pdf,1272,Gobierno Autónomo Municipal de Papel Pampa,1090721,1849627,1871779,304626,0,123569,157247,0,1872030,7269599
2026,data\raw\sigep_2026\categoria_programatica_grupo_gasto_total_gastos\2026_1273_Gobierno_Autónomo_Municipal_de_Chacarilla_categoria_programatica_grupo_gasto_total_gastos.pdf,1273,Gobierno Autónomo Municipal de Chacarilla,412588,0,265407,0,0,0,41660,0,1454600,2174255
2026,data\raw\sigep_2026\categoria_programatica_grupo_gasto_total_gastos\2026_1274_Gobierno_Autónomo_Municipal_de_Santiago_de_Machaca_categoria_programatica_grupo_gasto_total_gastos.pdf,1274,Gobierno Autónomo Municipal de Santiago de Machaca,1008525,2404261,1780342,5322476,0,290000,196549,0,703325,11705478
2026,data\raw\sigep_2026\categoria_programatica_grupo_gasto_total_gastos\2026_1275_Gobierno_Autónomo_Municipal_de_Catacora_categoria_programatica_grupo_gasto_total_gastos.pdf,1275,Gobierno Autónomo Municipal de Catacora,821605,1028355,941280,49944,1927908,27778,93516,0,0,4890386
2026,data\raw\sigep_2026\categoria_programatica_grupo_gasto_total_gastos\2026_1276_Gobierno_Autónomo_Municipal_de_Mapiri_categoria_programatica_grupo_gasto_total_gastos.pdf,1276,Gobierno Autónomo Municipal de Mapiri,3560097,8306662,5215550,145000,5889761,1424114,498859,0,0,25040043
2026,data\raw\sigep_2026\categoria_programatica_grupo_gasto_total_gastos\2026_1277_Gobierno_Autónomo_Municipal_de_Teoponte_categoria_programatica_grupo_gasto_total_gastos.pdf,1277,Gobierno Autónomo Municipal de Teoponte,2519937,6104987,2415263,20845245,0,900240,321743,0,7790071,40897486
2026,data\raw\sigep_2026\categoria_programatica_grupo_gasto_total_gastos\2026_1278_Gobierno_Autónomo_Municipal_de_San_Andrés_de_Machaca_categoria_programatica_grupo_gasto_total_gastos.pdf,1278,Gobierno Autónomo Municipal de San Andrés de Machaca,1104139,1907616,3277117,315743,0,14155,170516,0,1064440,7853726
2026,data\raw\sigep_2026\categoria_programatica_grupo_gasto_total_gastos\2026_1279_Gobierno_Autónomo_Municipal_de_Jesús_de_Machaca_categoria_programatica_grupo_gasto_total_gastos.pdf,1279,Gobierno Autónomo Municipal de Jesús de Machaca,2526615,2179005,6330736,9850982,0,10000,468486,0,4028389,25394213
2026,data\raw\sigep_2026\categoria_programatica_grupo_gasto_total_gastos\2026_1280_Gobierno_Autónomo_Municipal_de_Taraco_categoria_programatica_grupo_gasto_total_gastos.pdf,1280,Gobierno Autónomo Municipal de Taraco,1410607,2246354,2948275,2519015,0,450000,463339,0,799240,10836830
2026,data\raw\sigep_2026\categoria_programatica_grupo_gasto_total_gastos\2026_1281_Gobierno_Autónomo_Municipal_de_Huarina_categoria_programatica_grupo_gasto_total_gastos.pdf,1281,Gobierno Autónomo Municipal de Huarina,1397065,3775449,2433010,1886990,0,1138880,283002,0,0,10914396
2026,data\raw\sigep_2026\categoria_programatica_grupo_gasto_total_gastos\2026_1282_Gobierno_Autónomo_Municipal_de_Santiago_de_Huata_categoria_programatica_grupo_gasto_total_gastos.pdf,1282,Gobierno Autónomo Municipal de Santiago de Huata,0,1208292,0,832,0,0,257056,0,8666877,10133057
2026,data\raw\sigep_2026\categoria_programatica_grupo_gasto_total_gastos\2026_1283_Gobierno_Autónomo_Municipal_de_Escoma_categoria_programatica_grupo_gasto_total_gastos.pdf,1283,Gobierno Autónomo Municipal de Escoma,1356284,2124695,2824022,333000,0,0,202438,0,1500000,8340439
2026,data\raw\sigep_2026\categoria_programatica_grupo_gasto_total_gastos\2026_1284_Gobierno_Autónomo_Municipal_de_Humanata_categoria_programatica_grupo_gasto_total_gastos.pdf,1284,Gobierno Autónomo Municipal de Humanata,1095466,1132396,1766943,65000,797219,531331,113590,0,0,5501945
2026,data\raw\sigep_2026\categoria_programatica_grupo_gasto_total_gastos\2026_1285_Gobierno_Autónomo_Municipal_de_Alto_Beni_categoria_programatica_grupo_gasto_total_gastos.pdf,1285,Gobierno Autónomo Municipal de Alto Beni,1423442,5171146,1902873,156678,0,406037,284845,0,882633,10227654
2026,data\raw\sigep_2026\categoria_programatica_grupo_gasto_total_gastos\2026_1286_Gobierno_Autónomo_Municipal_de_Huatajata_categoria_programatica_grupo_gasto_total_gastos.pdf,1286,Gobierno Autónomo Municipal de Huatajata,818190,668204,656690,1071048,3632719,0,104727,0,0,6951578
2026,data\raw\sigep_2026\categoria_programatica_grupo_gasto_total_gastos\2026_1287_Gobierno_Autónomo_Municipal_de_Chua_Cocani_categoria_programatica_grupo_gasto_total_gastos.pdf,1287,Gobierno Autónomo Municipal de Chua Cocani,1572722,1764551,2605973,60000,0,5000,155121,0,1285137,7448504
2026,data\raw\sigep_2026\categoria_programatica_grupo_gasto_total_gastos\2026_1301_Gobierno_Autónomo_Municipal_de_Cochabamba_categoria_programatica_grupo_gasto_total_gastos.pdf,1301,Gobierno Autónomo Municipal de Cochabamba,323513063,458299773,209259508,198410112,0,335830986,91381935,0,15673053,1632368430
2026,data\raw\sigep_2026\categoria_programatica_grupo_gasto_total_gastos\2026_1302_Gobierno_Autónomo_Municipal_de_Quillacollo_categoria_programatica_grupo_gasto_total_gastos.pdf,1302,Gobierno Autónomo Municipal de Quillacollo,76758294,69565456,91774898,50075098,0,1028220,14803919,0,11417288,315423173
2026,data\raw\sigep_2026\categoria_programatica_grupo_gasto_total_gastos\2026_1303_Gobierno_Autónomo_Municipal_de_Sipe_Sipe_categoria_programatica_grupo_gasto_total_gastos.pdf,1303,Gobierno Autónomo Municipal de Sipe Sipe,13335382,26750249,20099371,7396722,0,709669,2242733,25000,280001,70839127
2026,data\raw\sigep_2026\categoria_programatica_grupo_gasto_total_gastos\2026_1304_Gobierno_Autónomo_Municipal_de_Tiquipaya_categoria_programatica_grupo_gasto_total_gastos.pdf,1304,Gobierno Autónomo Municipal de Tiquipaya,26683674,25924448,29385300,32072843,0,5729911,2589804,0,5940673,128326653
2026,data\raw\sigep_2026\categoria_programatica_grupo_gasto_total_gastos\2026_1305_Gobierno_Autónomo_Municipal_de_Vinto_categoria_programatica_grupo_gasto_total_gastos.pdf,1305,Gobierno Autónomo Municipal de Vinto,18876042,20938539,21227644,7935699,0,3423260,2239925,0,6738042,81379151
2026,data\raw\sigep_2026\categoria_programatica_grupo_gasto_total_gastos\2026_1306_Gobierno_Autónomo_Municipal_de_Colcapirhua_categoria_programatica_grupo_gasto_total_gastos.pdf,1306,Gobierno Autónomo Municipal de Colcapirhua,23447261,43114008,32922459,25559607,0,7921338,3222649,1000,600174,136788496
2026,data\raw\sigep_2026\categoria_programatica_grupo_gasto_total_gastos\2026_1307_Gobierno_Autónomo_Municipal_de_Aiquile_categoria_programatica_grupo_gasto_total_gastos.pdf,1307,Gobierno Autónomo Municipal de Aiquile,3923414,9423338,8168477,290034,0,1104293,1663412,0,1175183,25748151
2026,data\raw\sigep_2026\categoria_programatica_grupo_gasto_total_gastos\2026_1308_Gobierno_Autónomo_Municipal_de_Pasorapa_categoria_programatica_grupo_gasto_total_gastos.pdf,1308,Gobierno Autónomo Municipal de Pasorapa,1028841,2700273,2311404,55230,0,128537,290715,0,80000,6595000
2026,data\raw\sigep_2026\categoria_programatica_grupo_gasto_total_gastos\2026_1309_Gobierno_Autónomo_Municipal_de_Omereque_categoria_programatica_grupo_gasto_total_gastos.pdf,1309,Gobierno Autónomo Municipal de Omereque,1165990,2593077,1876310,1819318,0,566080,273054,3000,144211,8441040
2026,data\raw\sigep_2026\categoria_programatica_grupo_gasto_total_gastos\2026_1310_Gobierno_Autónomo_Municipal_de_Independencia_categoria_programatica_grupo_gasto_total_gastos.pdf,1310,Gobierno Autónomo Municipal de Independencia,3946401,7457896,6746218,2433175,0,1927076,720846,24434,1810658,25066704
2026,data\raw\sigep_2026\categoria_programatica_grupo_gasto_total_gastos\2026_1311_Gobierno_Autónomo_Municipal_de_Morochata_categoria_programatica_grupo_gasto_total_gastos.pdf,1311,Gobierno Autónomo Municipal de Morochata,3277103,4048685,4421560,11089750,0,766065,531773,0,595129,24730065
2026,data\raw\sigep_2026\categoria_programatica_grupo_gasto_total_gastos\2026_1312_Gobierno_Autónomo_Municipal_de_Sacaba_categoria_programatica_grupo_gasto_total_gastos.pdf,1312,Gobierno Autónomo Municipal de Sacaba,79949303,63246807,112892429,45214904,6408610,5248183,10148968,123600,7275545,330508349
2026,data\raw\sigep_2026\categoria_programatica_grupo_gasto_total_gastos\2026_1313_Gobierno_Autónomo_Municipal_de_Colomi_categoria_programatica_grupo_gasto_total_gastos.pdf,1313,Gobierno Autónomo Municipal de Colomi,2899832,6077437,8829353,1037645,0,349097,1294528,1600,0,20489492
2026,data\raw\sigep_2026\categoria_programatica_grupo_gasto_total_gastos\2026_1314_Gobierno_Autónomo_Municipal_de_Villa_Tunari_categoria_programatica_grupo_gasto_total_gastos.pdf,1314,Gobierno Autónomo Municipal de Villa Tunari,22552176,16758171,33661340,18354070,0,11329790,3535888,70000,0,106261435
2026,data\raw\sigep_2026\categoria_programatica_grupo_gasto_total_gastos\2026_1315_Gobierno_Autónomo_Municipal_de_Punata_categoria_programatica_grupo_gasto_total_gastos.pdf,1315,Gobierno Autónomo Municipal de Punata,8003424,15627365,13213621,13981739,3423267,6291956,1765049,0,344610,62651031
2026,data\raw\sigep_2026\categoria_programatica_grupo_gasto_total_gastos\2026_1316_Gobierno_Autónomo_Municipal_de_Villa_Rivero_categoria_programatica_grupo_gasto_total_gastos.pdf,1316,Gobierno Autónomo Municipal de Villa Rivero,1387746,3045559,2799075,180000,0,147977,382170,0,740367,8682894
2026,data\raw\sigep_2026\categoria_programatica_grupo_gasto_total_gastos\2026_1317_Gobierno_Autónomo_Municipal_de_San_Benito_Villa_José_Quintín_Mendoza_categoria_programatica_grupo_gasto_total_gastos.pdf,1317,Gobierno Autónomo Municipal de San Benito (Villa José Quintín Mendoza),2470884,5116059,4256465,9088156,2702182,1131323,531976,0,0,25297045
2026,data\raw\sigep_2026\categoria_programatica_grupo_gasto_total_gastos\2026_1318_Gobierno_Autónomo_Municipal_de_Tacachi_categoria_programatica_grupo_gasto_total_gastos.pdf,1318,Gobierno Autónomo Municipal de Tacachi,300492,683529,329102,0,0,9824,39670,0,881,1363498
2026,data\raw\sigep_2026\categoria_programatica_grupo_gasto_total_gastos\2026_1319_Gobierno_Autónomo_Municipal_Villa_Gualberto_Villarroel_categoria_programatica_grupo_gasto_total_gastos.pdf,1319,Gobierno Autónomo Municipal Villa Gualberto Villarroel,599156,1680275,1126462,1098756,0,49130,125222,0,92497,4771498
2026,data\raw\sigep_2026\categoria_programatica_grupo_gasto_total_gastos\2026_1320_Gobierno_Autónomo_Municipal_de_Tarata_categoria_programatica_grupo_gasto_total_gastos.pdf,1320,Gobierno Autónomo Municipal de Tarata,1297576,5594088,3028663,244000,62000,30000,632964,0,938524,11827815
2026,data\raw\sigep_2026\categoria_programatica_grupo_gasto_total_gastos\2026_1321_Gobierno_Autónomo_Municipal_de_Anzaldo_categoria_programatica_grupo_gasto_total_gastos.pdf,1321,Gobierno Autónomo Municipal de Anzaldo,1081921,40000,926296,0,0,0,324171,0,5074449,7446837
2026,data\raw\sigep_2026\categoria_programatica_grupo_gasto_total_gastos\2026_1322_Gobierno_Autónomo_Municipal_de_Arbieto_categoria_programatica_grupo_gasto_total_gastos.pdf,1322,Gobierno Autónomo Municipal de Arbieto,3149104,11301385,9047456,5436668,0,386149,1051436,0,5151007,35523205
2026,data\raw\sigep_2026\categoria_programatica_grupo_gasto_total_gastos\2026_1323_Gobierno_Autónomo_Municipal_de_Sacabamba_categoria_programatica_grupo_gasto_total_gastos.pdf,1323,Gobierno Autónomo Municipal de Sacabamba,705154,1785178,1693195,78931,0,0,194588,0,190971,4648017
2026,data\raw\sigep_2026\categoria_programatica_grupo_gasto_total_gastos\2026_1324_Gobierno_Autónomo_Municipal_de_Cliza_categoria_programatica_grupo_gasto_total_gastos.pdf,1324,Gobierno Autónomo Municipal de Cliza,5175422,12309555,7881855,7515685,0,131868,1566173,2000,2000000,36582558
2026,data\raw\sigep_2026\categoria_programatica_grupo_gasto_total_gastos\2026_1325_Gobierno_Autónomo_Municipal_de_Toco_categoria_programatica_grupo_gasto_total_gastos.pdf,1325,Gobierno Autónomo Municipal de Toco,932396,287586,616024,2882331,0,0,267597,0,5031020,10016954
2026,data\raw\sigep_2026\categoria_programatica_grupo_gasto_total_gastos\2026_1326_Gobierno_Autónomo_Municipal_de_Tolata_categoria_programatica_grupo_gasto_total_gastos.pdf,1326,Gobierno Autónomo Municipal de Tolata,1057279,4152286,2175219,6126748,366314,1083326,328556,0,0,15289728
2026,data\raw\sigep_2026\categoria_programatica_grupo_gasto_total_gastos\2026_1327_Gobierno_Autónomo_Municipal_de_Capinota_categoria_programatica_grupo_gasto_total_gastos.pdf,1327,Gobierno Autónomo Municipal de Capinota,3215173,2495504,38369,160045,0,0,810737,0,14808044,21527872
2026,data\raw\sigep_2026\categoria_programatica_grupo_gasto_total_gastos\2026_1328_Gobierno_Autónomo_Municipal_de_Santivañez_categoria_programatica_grupo_gasto_total_gastos.pdf,1328,Gobierno Autónomo Municipal de Santivañez,1628047,4263492,3789967,561000,0,197630,350157,0,571341,11361634
2026,data\raw\sigep_2026\categoria_programatica_grupo_gasto_total_gastos\2026_1329_Gobierno_Autónomo_Municipal_de_Sicaya_categoria_programatica_grupo_gasto_total_gastos.pdf,1329,Gobierno Autónomo Municipal de Sicaya,869648,1643431,1270875,35000,0,179141,173971,0,201139,4373205
2026,data\raw\sigep_2026\categoria_programatica_grupo_gasto_total_gastos\2026_1330_Gobierno_Autónomo_Municipal_de_Tapacari_categoria_programatica_grupo_gasto_total_gastos.pdf,1330,Gobierno Autónomo Municipal de Tapacari,4070694,3173744,48797,0,0,0,770394,0,15387086,23450715
2026,data\raw\sigep_2026\categoria_programatica_grupo_gasto_total_gastos\2026_1331_Gobierno_Autónomo_Municipal_de_Totora_categoria_programatica_grupo_gasto_total_gastos.pdf,1331,Gobierno Autónomo Municipal de Totora,2341739,5736739,5607576,4876245,0,0,859163,0,265001,19686463
2026,data\raw\sigep_2026\categoria_programatica_grupo_gasto_total_gastos\2026_1332_Gobierno_Autónomo_Municipal_de_Pojo_categoria_programatica_grupo_gasto_total_gastos.pdf,1332,Gobierno Autónomo Municipal de Pojo,1845192,5027958,4891659,1681321,0,423350,504350,0,392734,14766564
2026,data\raw\sigep_2026\categoria_programatica_grupo_gasto_total_gastos\2026_1333_Gobierno_Autónomo_Municipal_de_Pocona_categoria_programatica_grupo_gasto_total_gastos.pdf,1333,Gobierno Autónomo Municipal de Pocona,1951315,5638095,3203798,107098,0,65000,472449,1000,165000,11603755
2026,data\raw\sigep_2026\categoria_programatica_grupo_gasto_total_gastos\2026_1334_Gobierno_Autónomo_Municipal_de_Chimoré_categoria_programatica_grupo_gasto_total_gastos.pdf,1334,Gobierno Autónomo Municipal de Chimoré,4659098,12866166,9424969,6095000,0,2723572,1254096,0,910066,37932967
2026,data\raw\sigep_2026\categoria_programatica_grupo_gasto_total_gastos\2026_1335_Gobierno_Autónomo_Municipal_de_Puerto_Villarroel_categoria_programatica_grupo_gasto_total_gastos.pdf,1335,Gobierno Autónomo Municipal de Puerto Villarroel,15109685,18875873,28015689,21894901,0,1650394,2993269,42000,1223426,89805237
2026,data\raw\sigep_2026\categoria_programatica_grupo_gasto_total_gastos\2026_1336_Gobierno_Autónomo_Municipal_de_Arani_categoria_programatica_grupo_gasto_total_gastos.pdf,1336,Gobierno Autónomo Municipal de Arani,1425642,3777172,3624520,2679155,228000,1764263,553079,0,0,14051831
2026,data\raw\sigep_2026\categoria_programatica_grupo_gasto_total_gastos\2026_1337_Gobierno_Autónomo_Municipal_de_Vacas_categoria_programatica_grupo_gasto_total_gastos.pdf,1337,Gobierno Autónomo Municipal de Vacas,1260957,3470940,2778187,137404,0,0,750173,4800,765570,9168031
2026,data\raw\sigep_2026\categoria_programatica_grupo_gasto_total_gastos\2026_1338_Gobierno_Autónomo_Municipal_de_Arque_categoria_programatica_grupo_gasto_total_gastos.pdf,1338,Gobierno Autónomo Municipal de Arque,1591911,4181594,4173126,3340409,0,0,373761,0,0,13660801
2026,data\raw\sigep_2026\categoria_programatica_grupo_gasto_total_gastos\2026_1339_Gobierno_Autónomo_Municipal_de_Tacopaya_categoria_programatica_grupo_gasto_total_gastos.pdf,1339,Gobierno Autónomo Municipal de Tacopaya,1575140,4320484,3748652,94000,0,233120,467670,10000,300000,10749066
2026,data\raw\sigep_2026\categoria_programatica_grupo_gasto_total_gastos\2026_1340_Gobierno_Autónomo_Municipal_de_Bolivar_categoria_programatica_grupo_gasto_total_gastos.pdf,1340,Gobierno Autónomo Municipal de Bolivar,1277036,2766169,2664639,58334,25000,527800,280554,0,256380,7855912
2026,data\raw\sigep_2026\categoria_programatica_grupo_gasto_total_gastos\2026_1341_Gobierno_Autónomo_Municipal_de_Tiraque_categoria_programatica_grupo_gasto_total_gastos.pdf,1341,Gobierno Autónomo Municipal de Tiraque,3606035,6125508,5510656,417300,0,1532958,859503,0,816000,18867960
2026,data\raw\sigep_2026\categoria_programatica_grupo_gasto_total_gastos\2026_1342_Gobierno_Autónomo_Municipal_de_Mizque_categoria_programatica_grupo_gasto_total_gastos.pdf,1342,Gobierno Autónomo Municipal de Mizque,3758946,7301035,7792679,4294093,1834477,627944,1040068,3500,0,26652742
2026,data\raw\sigep_2026\categoria_programatica_grupo_gasto_total_gastos\2026_1343_Gobierno_Autónomo_Municipal_de_Vila_Vila_categoria_programatica_grupo_gasto_total_gastos.pdf,1343,Gobierno Autónomo Municipal de Vila Vila,865918,1736428,1797499,80000,0,122908,574656,0,0,5177409
2026,data\raw\sigep_2026\categoria_programatica_grupo_gasto_total_gastos\2026_1344_Gobierno_Autónomo_Municipal_de_Alalay_categoria_programatica_grupo_gasto_total_gastos.pdf,1344,Gobierno Autónomo Municipal de Alalay,598540,1090426,1101860,84800,493000,39556,119959,0,0,3528141
2026,data\raw\sigep_2026\categoria_programatica_grupo_gasto_total_gastos\2026_1345_Gobierno_Autónomo_Municipal_de_Entre_Rios_categoria_programatica_grupo_gasto_total_gastos.pdf,1345,Gobierno Autónomo Municipal de Entre Rios,15552994,14316112,17797049,7436665,0,2045927,2144074,6531,157545,59456897
2026,data\raw\sigep_2026\categoria_programatica_grupo_gasto_total_gastos\2026_1346_Gobierno_Autónomo_Municipal_de_Cocapata_categoria_programatica_grupo_gasto_total_gastos.pdf,1346,Gobierno Autónomo Municipal de Cocapata,5684433,7122687,9265139,597000,0,1092995,621847,0,2122271,26506372
2026,data\raw\sigep_2026\categoria_programatica_grupo_gasto_total_gastos\2026_1347_Gobierno_Autónomo_Municipal_de_Shinahota_categoria_programatica_grupo_gasto_total_gastos.pdf,1347,Gobierno Autónomo Municipal de Shinahota,4868659,9877637,9566070,1005581,0,967829,1256937,5665,3036656,30585034
2026,data\raw\sigep_2026\categoria_programatica_grupo_gasto_total_gastos\2026_1401_Gobierno_Autónomo_Municipal_de_Oruro_categoria_programatica_grupo_gasto_total_gastos.pdf,1401,Gobierno Autónomo Municipal de Oruro,147764792,112634171,132941891,103912517,0,30034822,50462242,24274,0,577774709
2026,data\raw\sigep_2026\categoria_programatica_grupo_gasto_total_gastos\2026_1402_Gobierno_Autónomo_Municipal_de_Caracollo_categoria_programatica_grupo_gasto_total_gastos.pdf,1402,Gobierno Autónomo Municipal de Caracollo,3496780,7609292,11260323,7143758,0,0,2623921,1000,650000,32785074
2026,data\raw\sigep_2026\categoria_programatica_grupo_gasto_total_gastos\2026_1403_Gobierno_Autónomo_Municipal_de_El_Choro_categoria_programatica_grupo_gasto_total_gastos.pdf,1403,Gobierno Autónomo Municipal de El Choro,935112,4954017,2999113,240000,1864800,0,867685,0,0,11860727
2026,data\raw\sigep_2026\categoria_programatica_grupo_gasto_total_gastos\2026_1404_Gobierno_Autónomo_Municipal_de_Challapata_categoria_programatica_grupo_gasto_total_gastos.pdf,1404,Gobierno Autónomo Municipal de Challapata,7492810,12981148,14176085,7755522,0,0,3334499,2500,1577448,47320012
2026,data\raw\sigep_2026\categoria_programatica_grupo_gasto_total_gastos\2026_1405_Gobierno_Autónomo_Municipal_de_Santuario_de_Quillacas_categoria_programatica_grupo_gasto_total_gastos.pdf,1405,Gobierno Autónomo Municipal de Santuario de Quillacas,1117689,1270451,1563962,5994305,0,0,426135,0,916721,11289263
2026,data\raw\sigep_2026\categoria_programatica_grupo_gasto_total_gastos\2026_1406_Gobierno_Autónomo_Municipal_de_Huanuni_categoria_programatica_grupo_gasto_total_gastos.pdf,1406,Gobierno Autónomo Municipal de Huanuni,7592422,8194860,9008809,2560334,0,1413716,1996910,2427,69480,30838958
2026,data\raw\sigep_2026\categoria_programatica_grupo_gasto_total_gastos\2026_1407_Gobierno_Autónomo_Municipal_de_Machacamarca_categoria_programatica_grupo_gasto_total_gastos.pdf,1407,Gobierno Autónomo Municipal de Machacamarca,1277163,3342273,1987199,990681,0,69788,565698,0,0,8232802
2026,data\raw\sigep_2026\categoria_programatica_grupo_gasto_total_gastos\2026_1408_Gobierno_Autónomo_Municipal_de_Poopó_Villa_Poopó_categoria_programatica_grupo_gasto_total_gastos.pdf,1408,Gobierno Autónomo Municipal de Poopó (Villa Poopó),2201572,6125910,4110261,423480,1907196,0,965061,5500,0,15738980
2026,data\raw\sigep_2026\categoria_programatica_grupo_gasto_total_gastos\2026_1409_Gobierno_Autónomo_Municipal_de_Pazña_categoria_programatica_grupo_gasto_total_gastos.pdf,1409,Gobierno Autónomo Municipal de Pazña,712140,2284885,1531864,2139866,0,45695,427922,443,80200,7223015
2026,data\raw\sigep_2026\categoria_programatica_grupo_gasto_total_gastos\2026_1410_Gobierno_Autónomo_Municipal_de_Antequera_categoria_programatica_grupo_gasto_total_gastos.pdf,1410,Gobierno Autónomo Municipal de Antequera,1515829,5244839,2831729,102000,637596,0,337778,15000,0,10684771
2026,data\raw\sigep_2026\categoria_programatica_grupo_gasto_total_gastos\2026_1411_Gobierno_Autónomo_Municipal_de_Eucaliptus_categoria_programatica_grupo_gasto_total_gastos.pdf,1411,Gobierno Autónomo Municipal de Eucaliptus,896258,3500565,806041,4328207,0,10000,718748,0,118174,10377993
2026,data\raw\sigep_2026\categoria_programatica_grupo_gasto_total_gastos\2026_1412_Gobierno_Autónomo_Municipal_de_Santiago_de_Huari_categoria_programatica_grupo_gasto_total_gastos.pdf,1412,Gobierno Autónomo Municipal de Santiago de Huari,2375782,1831684,17626,2247241,0,0,1121377,0,10206857,17800567
2026,data\raw\sigep_2026\categoria_programatica_grupo_gasto_total_gastos\2026_1413_Gobierno_Autónomo_Municipal_de_Totora_categoria_programatica_grupo_gasto_total_gastos.pdf,1413,Gobierno Autónomo Municipal de Totora,1477381,1869502,3184994,2532332,0,0,603538,0,0,9667747
2026,data\raw\sigep_2026\categoria_programatica_grupo_gasto_total_gastos\2026_1414_Gobierno_Autónomo_Municipal_de_Corque_categoria_programatica_grupo_gasto_total_gastos.pdf,1414,Gobierno Autónomo Municipal de Corque,1831626,2413602,6951743,3394974,1394336,610746,1327439,0,0,17924466
2026,data\raw\sigep_2026\categoria_programatica_grupo_gasto_total_gastos\2026_1415_Gobierno_Autónomo_Municipal_de_Choquecota_categoria_programatica_grupo_gasto_total_gastos.pdf,1415,Gobierno Autónomo Municipal de Choquecota,615836,1293885,1180526,77000,0,0,246743,0,0,3413990
2026,data\raw\sigep_2026\categoria_programatica_grupo_gasto_total_gastos\2026_1416_Gobierno_Autónomo_Municipal_de_Curahuara_de_Carangas_categoria_programatica_grupo_gasto_total_gastos.pdf,1416,Gobierno Autónomo Municipal de Curahuara de Carangas,1233745,2963317,2661725,70000,0,0,594243,0,0,7523030
2026,data\raw\sigep_2026\categoria_programatica_grupo_gasto_total_gastos\2026_1417_Gobierno_Autónomo_Municipal_de_Turco_categoria_programatica_grupo_gasto_total_gastos.pdf,1417,Gobierno Autónomo Municipal de Turco,757049,2174374,2165809,3602028,0,289142,487434,0,76427,9552263
2026,data\raw\sigep_2026\categoria_programatica_grupo_gasto_total_gastos\2026_1418_Gobierno_Autónomo_Municipal_de_Huachacalla_categoria_programatica_grupo_gasto_total_gastos.pdf,1418,Gobierno Autónomo Municipal de Huachacalla,804176,34748,512105,0,0,0,333794,0,2882634,4567457
2026,data\raw\sigep_2026\categoria_programatica_grupo_gasto_total_gastos\2026_1419_Gobierno_Autónomo_Municipal_de_Escara_categoria_programatica_grupo_gasto_total_gastos.pdf,1419,Gobierno Autónomo Municipal de Escara,1250139,1284003,1440761,452567,500000,814425,339123,0,853504,6934522
2026,data\raw\sigep_2026\categoria_programatica_grupo_gasto_total_gastos\2026_1420_Gobierno_Autónomo_Municipal_de_Cruz_de_Machacamarca_categoria_programatica_grupo_gasto_total_gastos.pdf,1420,Gobierno Autónomo Municipal de Cruz de Machacamarca,709752,1014583,788272,66000,0,0,139026,2000,294067,3013700
2026,data\raw\sigep_2026\categoria_programatica_grupo_gasto_total_gastos\2026_1421_Gobierno_Autónomo_Municipal_de_Yunguyo_de_Litoral_categoria_programatica_grupo_gasto_total_gastos.pdf,1421,Gobierno Autónomo Municipal de Yunguyo de Litoral,250836,583216,267459,29000,103634,0,69478,0,0,1303623
2026,data\raw\sigep_2026\categoria_programatica_grupo_gasto_total_gastos\2026_1422_Gobierno_Autónomo_Municipal_de_Esmeralda_categoria_programatica_grupo_gasto_total_gastos.pdf,1422,Gobierno Autónomo Municipal de Esmeralda,1046842,736650,1187415,154073,0,31364,324874,0,1429100,4910318
2026,data\raw\sigep_2026\categoria_programatica_grupo_gasto_total_gastos\2026_1423_Gobierno_Autónomo_Municipal_de_Toledo_categoria_programatica_grupo_gasto_total_gastos.pdf,1423,Gobierno Autónomo Municipal de Toledo,1468848,3423043,4249550,150000,0,687793,1134271,9998,2291306,13414809
2026,data\raw\sigep_2026\categoria_programatica_grupo_gasto_total_gastos\2026_1424_Gobierno_Autónomo_Municipal_de_Andamarca_Santiago_de_Andamarca_categoria_programatica_grupo_gasto_total_gastos.pdf,1424,Gobierno Autónomo Municipal de Andamarca (Santiago de Andamarca),904274,2368125,2283047,51000,385720,584905,541269,0,0,7118340
2026,data\raw\sigep_2026\categoria_programatica_grupo_gasto_total_gastos\2026_1425_Gobierno_Autónomo_Municipal_de_Belén_de_Andamarca_categoria_programatica_grupo_gasto_total_gastos.pdf,1425,Gobierno Autónomo Municipal de Belén de Andamarca,634328,931566,1122452,37300,0,63500,245003,0,329140,3363289
2026,data\raw\sigep_2026\categoria_programatica_grupo_gasto_total_gastos\2026_1427_Gobierno_Autónomo_Municipal_de_Pampa_Aullagas_categoria_programatica_grupo_gasto_total_gastos.pdf,1427,Gobierno Autónomo Municipal de Pampa Aullagas,608634,1172098,1152561,1683192,0,0,531387,3301,0,5151173
2026,data\raw\sigep_2026\categoria_programatica_grupo_gasto_total_gastos\2026_1428_Gobierno_Autónomo_Municipal_de_La_Rivera_categoria_programatica_grupo_gasto_total_gastos.pdf,1428,Gobierno Autónomo Municipal de La Rivera,448943,767959,624667,38000,0,0,99977,0,938709,2918255
2026,data\raw\sigep_2026\categoria_programatica_grupo_gasto_total_gastos\2026_1429_Gobierno_Autónomo_Municipal_de_Todos_Santos_categoria_programatica_grupo_gasto_total_gastos.pdf,1429,Gobierno Autónomo Municipal de Todos Santos,511720,430437,540578,14500,0,0,97921,3000,34518,1632674
2026,data\raw\sigep_2026\categoria_programatica_grupo_gasto_total_gastos\2026_1430_Gobierno_Autónomo_Municipal_de_Carangas_categoria_programatica_grupo_gasto_total_gastos.pdf,1430,Gobierno Autónomo Municipal de Carangas,515230,1004882,832150,2506402,0,0,89014,0,419186,5366864
2026,data\raw\sigep_2026\categoria_programatica_grupo_gasto_total_gastos\2026_1431_Gobierno_Autónomo_Municipal_de_Sabaya_categoria_programatica_grupo_gasto_total_gastos.pdf,1431,Gobierno Autónomo Municipal de Sabaya,2110816,4381395,4627926,5319220,0,0,1235826,9998,0,17685181
2026,data\raw\sigep_2026\categoria_programatica_grupo_gasto_total_gastos\2026_1432_Gobierno_Autónomo_Municipal_de_Coipasa_categoria_programatica_grupo_gasto_total_gastos.pdf,1432,Gobierno Autónomo Municipal de Coipasa,409773,1277126,1075223,74856,0,0,222675,1100,480716,3541469
2026,data\raw\sigep_2026\categoria_programatica_grupo_gasto_total_gastos\2026_1434_Gobierno_Autónomo_Municipal_de_Huayllamarca_Santiago_de_Huayllamarca_categoria_programatica_grupo_gasto_total_gastos.pdf,1434,Gobierno Autónomo Municipal de Huayllamarca (Santiago de Huayllamarca),1093056,1158418,2783879,4933379,156001,859352,533811,0,0,11517896
2026,data\raw\sigep_2026\categoria_programatica_grupo_gasto_total_gastos\2026_1435_Gobierno_Autónomo_Municipal_de_Soracachi_categoria_programatica_grupo_gasto_total_gastos.pdf,1435,Gobierno Autónomo Municipal de Soracachi,2459840,5867735,7328535,8045943,100000,1595946,1651200,11344,0,27060543
2026,data\raw\sigep_2026\categoria_programatica_grupo_gasto_total_gastos\2026_1501_Gobierno_Autónomo_Municipal_de_Potosí_categoria_programatica_grupo_gasto_total_gastos.pdf,1501,Gobierno Autónomo Municipal de Potosí,91546317,115121230,93227552,62045091,11764288,3454525,16019919,16305,0,393195227
2026,data\raw\sigep_2026\categoria_programatica_grupo_gasto_total_gastos\2026_1502_Gobierno_Autónomo_Municipal_de_Tinguipaya_categoria_programatica_grupo_gasto_total_gastos.pdf,1502,Gobierno Autónomo Municipal de Tinguipaya,6015360,5713758,11539678,4264747,9468460,238017,1922356,6000,0,39168376
2026,data\raw\sigep_2026\categoria_programatica_grupo_gasto_total_gastos\2026_1503_Gobierno_Autónomo_Municipal_de_Yocalla_categoria_programatica_grupo_gasto_total_gastos.pdf,1503,Gobierno Autónomo Municipal de Yocalla,2044311,2341423,3198615,1350414,2700265,865858,678755,0,0,13179641
2026,data\raw\sigep_2026\categoria_programatica_grupo_gasto_total_gastos\2026_1504_Gobierno_Autónomo_Municipal_de_Urmiri_categoria_programatica_grupo_gasto_total_gastos.pdf,1504,Gobierno Autónomo Municipal de Urmiri,596070,1089422,1301238,3600,1295419,15000,187348,0,0,4488097
2026,data\raw\sigep_2026\categoria_programatica_grupo_gasto_total_gastos\2026_1505_Gobierno_Autónomo_Municipal_de_Uncía_categoria_programatica_grupo_gasto_total_gastos.pdf,1505,Gobierno Autónomo Municipal de Uncía,4880326,7607345,8473221,10879459,7784993,850000,1538306,7000,0,42020650
2026,data\raw\sigep_2026\categoria_programatica_grupo_gasto_total_gastos\2026_1506_Gobierno_Autónomo_Municipal_de_Chayanta_categoria_programatica_grupo_gasto_total_gastos.pdf,1506,Gobierno Autónomo Municipal de Chayanta,2508699,4449191,6574458,2212954,1552575,0,1084597,530,0,18383004
2026,data\raw\sigep_2026\categoria_programatica_grupo_gasto_total_gastos\2026_1507_Gobierno_Autónomo_Municipal_de_Llallagua_categoria_programatica_grupo_gasto_total_gastos.pdf,1507,Gobierno Autónomo Municipal de Llallagua,0,48402,5570605,0,52090365,0,2794190,0,0,60503562
2026,data\raw\sigep_2026\categoria_programatica_grupo_gasto_total_gastos\2026_1508_Gobierno_Autónomo_Municipal_de_Betanzos_categoria_programatica_grupo_gasto_total_gastos.pdf,1508,Gobierno Autónomo Municipal de Betanzos,5152542,8810094,10659690,4569707,800571,1399714,2199875,16727,0,33608920
2026,data\raw\sigep_2026\categoria_programatica_grupo_gasto_total_gastos\2026_1509_Gobierno_Autónomo_Municipal_de_Chaqui_categoria_programatica_grupo_gasto_total_gastos.pdf,1509,Gobierno Autónomo Municipal de Chaqui,2019398,1453154,3194014,1610100,455725,132431,644299,6500,0,9515621
2026,data\raw\sigep_2026\categoria_programatica_grupo_gasto_total_gastos\2026_1510_Gobierno_Autónomo_Municipal_de_Tacobamba_categoria_programatica_grupo_gasto_total_gastos.pdf,1510,Gobierno Autónomo Municipal de Tacobamba,2022035,6793663,4363753,1451243,0,933735,845193,3000,0,16412622
2026,data\raw\sigep_2026\categoria_programatica_grupo_gasto_total_gastos\2026_1511_Gobierno_Autónomo_Municipal_de_Colquechaca_categoria_programatica_grupo_gasto_total_gastos.pdf,1511,Gobierno Autónomo Municipal de Colquechaca,2946143,6782371,6934720,8870323,0,2630845,1280165,5500,0,29450067
2026,data\raw\sigep_2026\categoria_programatica_grupo_gasto_total_gastos\2026_1512_Gobierno_Autónomo_Municipal_de_Ravelo_categoria_programatica_grupo_gasto_total_gastos.pdf,1512,Gobierno Autónomo Municipal de Ravelo,3889982,3768124,6216827,1691984,1146311,634423,1288300,9162,0,18645113
2026,data\raw\sigep_2026\categoria_programatica_grupo_gasto_total_gastos\2026_1513_Gobierno_Autónomo_Municipal_de_Pocoata_categoria_programatica_grupo_gasto_total_gastos.pdf,1513,Gobierno Autónomo Municipal de Pocoata,4925216,13593099,9714853,4474770,1959926,0,2643477,12000,0,37323341
2026,data\raw\sigep_2026\categoria_programatica_grupo_gasto_total_gastos\2026_1514_Gobierno_Autónomo_Municipal_de_Ocurí_categoria_programatica_grupo_gasto_total_gastos.pdf,1514,Gobierno Autónomo Municipal de Ocurí,2802462,3687092,5589755,222363,1689566,0,876209,0,0,14867447
2026,data\raw\sigep_2026\categoria_programatica_grupo_gasto_total_gastos\2026_1515_Gobierno_Autónomo_Municipal_de_San_Pedro_de_Buena_Vista_categoria_programatica_grupo_gasto_total_gastos.pdf,1515,Gobierno Autónomo Municipal de San Pedro de Buena Vista,5073307,6745102,9044291,19290635,4575768,1331000,2142520,5000,0,48207623
2026,data\raw\sigep_2026\categoria_programatica_grupo_gasto_total_gastos\2026_1516_Gobierno_Autónomo_Municipal_de_Toro_Toro_categoria_programatica_grupo_gasto_total_gastos.pdf,1516,Gobierno Autónomo Municipal de Toro Toro,1984142,4333444,3404628,2929074,1129097,0,809186,6000,0,14595571
2026,data\raw\sigep_2026\categoria_programatica_grupo_gasto_total_gastos\2026_1517_Gobierno_Autónomo_Municipal_de_Cotagaita_categoria_programatica_grupo_gasto_total_gastos.pdf,1517,Gobierno Autónomo Municipal de Cotagaita,9835037,5008846,10520677,1225750,12667961,150000,2064664,11211,0,41484146
2026,data\raw\sigep_2026\categoria_programatica_grupo_gasto_total_gastos\2026_1518_Gobierno_Autónomo_Municipal_de_Vitichi_categoria_programatica_grupo_gasto_total_gastos.pdf,1518,Gobierno Autónomo Municipal de Vitichi,1894984,2270985,3142318,1435330,611469,512774,718787,5994,0,10592641
2026,data\raw\sigep_2026\categoria_programatica_grupo_gasto_total_gastos\2026_1519_Gobierno_Autónomo_Municipal_de_Tupiza_categoria_programatica_grupo_gasto_total_gastos.pdf,1519,Gobierno Autónomo Municipal de Tupiza,13275034,22872924,14195443,5027651,5290638,0,3365272,0,0,64026962
2026,data\raw\sigep_2026\categoria_programatica_grupo_gasto_total_gastos\2026_1520_Gobierno_Autónomo_Municipal_de_Atocha_categoria_programatica_grupo_gasto_total_gastos.pdf,1520,Gobierno Autónomo Municipal de Atocha,4150643,4215333,5551821,3632950,3020450,0,864511,10000,0,21445708
2026,data\raw\sigep_2026\categoria_programatica_grupo_gasto_total_gastos\2026_1521_Gobierno_Autónomo_Municipal_de_ColchaK_Villa_Martín_categoria_programatica_grupo_gasto_total_gastos.pdf,1521,"Gobierno Autónomo Municipal de Colcha""K"" (Villa Martín)",12515002,10410926,15365113,31270976,13793880,120000,935823,23000,0,84434720
2026,data\raw\sigep_2026\categoria_programatica_grupo_gasto_total_gastos\2026_1522_Gobierno_Autónomo_Municipal_de_San_Pedro_de_Quemes_categoria_programatica_grupo_gasto_total_gastos.pdf,1522,Gobierno Autónomo Municipal de San Pedro de Quemes,283760,669317,390355,4152623,316550,57767,115506,0,0,5985878
2026,data\raw\sigep_2026\categoria_programatica_grupo_gasto_total_gastos\2026_1523_Gobierno_Autónomo_Municipal_de_San_Pablo_de_Lípez_categoria_programatica_grupo_gasto_total_gastos.pdf,1523,Gobierno Autónomo Municipal de San Pablo de Lípez,699509,1144960,1228916,150605,378510,22537,215814,1602,0,3842453
2026,data\raw\sigep_2026\categoria_programatica_grupo_gasto_total_gastos\2026_1524_Gobierno_Autónomo_Municipal_de_Mojinete_categoria_programatica_grupo_gasto_total_gastos.pdf,1524,Gobierno Autónomo Municipal de Mojinete,225708,477946,276650,3350,32037,65225,155791,1000,0,1237707
2026,data\raw\sigep_2026\categoria_programatica_grupo_gasto_total_gastos\2026_1525_Gobierno_Autónomo_Municipal_de_San_Antonio_de_Esmoruco_categoria_programatica_grupo_gasto_total_gastos.pdf,1525,Gobierno Autónomo Municipal de San Antonio de Esmoruco,445132,876800,525848,9800,200,61931,334945,0,0,2254656
2026,data\raw\sigep_2026\categoria_programatica_grupo_gasto_total_gastos\2026_1526_Gobierno_Autónomo_Municipal_de_Sacaca_Villa_de_Sacaca_categoria_programatica_grupo_gasto_total_gastos.pdf,1526,Gobierno Autónomo Municipal de Sacaca (Villa de Sacaca),3112365,3845087,7823523,1464800,779562,0,1036295,4000,0,18065632
2026,data\raw\sigep_2026\categoria_programatica_grupo_gasto_total_gastos\2026_1527_Gobierno_Autónomo_Municipal_de_Caripuyo_categoria_programatica_grupo_gasto_total_gastos.pdf,1527,Gobierno Autónomo Municipal de Caripuyo,1295255,2411149,2689402,408406,942109,379984,672078,0,0,8798383
2026,data\raw\sigep_2026\categoria_programatica_grupo_gasto_total_gastos\2026_1528_Gobierno_Autónomo_Municipal_de_Puna_Villa_Talavera_categoria_programatica_grupo_gasto_total_gastos.pdf,1528,Gobierno Autónomo Municipal de Puna (Villa Talavera),3220901,5006154,6111363,210500,1547719,0,1296413,3451,0,17396501
2026,data\raw\sigep_2026\categoria_programatica_grupo_gasto_total_gastos\2026_1529_Gobierno_Autónomo_Municipal_de_Caiza_D_categoria_programatica_grupo_gasto_total_gastos.pdf,1529,"Gobierno Autónomo Municipal de Caiza ""D""",2071388,3865260,4915733,2352671,214999,0,875408,7611,0,14303070
2026,data\raw\sigep_2026\categoria_programatica_grupo_gasto_total_gastos\2026_1530_Gobierno_Autónomo_Municipal_de_Uyuni_categoria_programatica_grupo_gasto_total_gastos.pdf,1530,Gobierno Autónomo Municipal de Uyuni,10618878,10598127,19900074,16140623,1130139,394273,2316079,10560,0,61108753
2026,data\raw\sigep_2026\categoria_programatica_grupo_gasto_total_gastos\2026_1531_Gobierno_Autónomo_Municipal_de_Tomave_categoria_programatica_grupo_gasto_total_gastos.pdf,1531,Gobierno Autónomo Municipal de Tomave,1813387,2162598,3323350,49000,1014021,12148,504087,6500,0,8885091
2026,data\raw\sigep_2026\categoria_programatica_grupo_gasto_total_gastos\2026_1532_Gobierno_Autónomo_Municipal_de_Porco_categoria_programatica_grupo_gasto_total_gastos.pdf,1532,Gobierno Autónomo Municipal de Porco,5634228,5379840,8584862,1871569,7520522,0,846331,8000,0,29845352
2026,data\raw\sigep_2026\categoria_programatica_grupo_gasto_total_gastos\2026_1533_Gobierno_Autónomo_Municipal_de_Arampampa_categoria_programatica_grupo_gasto_total_gastos.pdf,1533,Gobierno Autónomo Municipal de Arampampa,700220,1988425,620727,25000,161219,0,278038,0,0,3773629
2026,data\raw\sigep_2026\categoria_programatica_grupo_gasto_total_gastos\2026_1534_Gobierno_Autónomo_Municipal_de_Acasio_categoria_programatica_grupo_gasto_total_gastos.pdf,1534,Gobierno Autónomo Municipal de Acasio,979359,1754373,1337826,0,0,249562,315228,0,0,4636348
2026,data\raw\sigep_2026\categoria_programatica_grupo_gasto_total_gastos\2026_1535_Gobierno_Autónomo_Municipal_de_Llica_categoria_programatica_grupo_gasto_total_gastos.pdf,1535,Gobierno Autónomo Municipal de Llica,943396,1107559,1376491,120257,1474400,0,294764,0,0,5316867
2026,data\raw\sigep_2026\categoria_programatica_grupo_gasto_total_gastos\2026_1536_Gobierno_Autónomo_Municipal_de_Tahua_categoria_programatica_grupo_gasto_total_gastos.pdf,1536,Gobierno Autónomo Municipal de Tahua,487618,364721,601094,8037,19807,27269,112150,0,0,1620696
2026,data\raw\sigep_2026\categoria_programatica_grupo_gasto_total_gastos\2026_1537_Gobierno_Autónomo_Municipal_de_Villazón_categoria_programatica_grupo_gasto_total_gastos.pdf,1537,Gobierno Autónomo Municipal de Villazón,18026631,19539162,21347224,7786048,2580330,30000,3479076,25500,0,72813971
2026,data\raw\sigep_2026\categoria_programatica_grupo_gasto_total_gastos\2026_1538_Gobierno_Autónomo_Municipal_de_San_Agustín_categoria_programatica_grupo_gasto_total_gastos.pdf,1538,Gobierno Autónomo Municipal de San Agustín,0,285398,0,0,1873221,0,131738,0,0,2290357
2026,data\raw\sigep_2026\categoria_programatica_grupo_gasto_total_gastos\2026_1539_Gobierno_Autónomo_Municipal_de_Ckochas_categoria_programatica_grupo_gasto_total_gastos.pdf,1539,Gobierno Autónomo Municipal de Ckochas,2188228,4187959,4899453,1136382,651998,755241,971674,7500,0,14798435
2026,data\raw\sigep_2026\categoria_programatica_grupo_gasto_total_gastos\2026_1540_Gobierno_Autónomo_Municipal_de_Chuquihuta_Ayllu_Jucumani_categoria_programatica_grupo_gasto_total_gastos.pdf,1540,Gobierno Autónomo Municipal de Chuquihuta Ayllu Jucumani,0,1100380,0,0,6923472,0,494314,0,0,8518166
2026,data\raw\sigep_2026\categoria_programatica_grupo_gasto_total_gastos\2026_1541_Gobierno_Autónomo_Municipal_de_San_Pedro_de_Macha_categoria_programatica_grupo_gasto_total_gastos.pdf,1541,Gobierno Autónomo Municipal de San Pedro de Macha,2620092,6371676,7269680,4503983,1292274,0,1682719,3000,0,23743424
2026,data\raw\sigep_2026\categoria_programatica_grupo_gasto_total_gastos\2026_1601_Gobierno_Autónomo_Municipal_de_Tarija_categoria_programatica_grupo_gasto_total_gastos.pdf,1601,Gobierno Autónomo Municipal de Tarija,99350717,84534988,91051621,102425805,0,41644594,127365217,208220,20715020,567296182
2026,data\raw\sigep_2026\categoria_programatica_grupo_gasto_total_gastos\2026_1602_Gobierno_Autónomo_Municipal_de_Padcaya_categoria_programatica_grupo_gasto_total_gastos.pdf,1602,Gobierno Autónomo Municipal de Padcaya,5313949,4078099,6817458,18124597,0,997152,2442070,0,272000,38045325
2026,data\raw\sigep_2026\categoria_programatica_grupo_gasto_total_gastos\2026_1603_Gobierno_Autónomo_Municipal_de_Bermejo_categoria_programatica_grupo_gasto_total_gastos.pdf,1603,Gobierno Autónomo Municipal de Bermejo,10587679,18719283,18217289,27572103,0,7362596,4261592,0,5756906,92477448
2026,data\raw\sigep_2026\categoria_programatica_grupo_gasto_total_gastos\2026_1604_Gobierno_Autónomo_Municipal_de_Yacuiba_categoria_programatica_grupo_gasto_total_gastos.pdf,1604,Gobierno Autónomo Municipal de Yacuiba,20966308,57974215,51560087,20896266,13244272,15599828,11228696,5000,2553546,194028218
2026,data\raw\sigep_2026\categoria_programatica_grupo_gasto_total_gastos\2026_1605_Gobierno_Autónomo_Municipal_de_Caraparí_categoria_programatica_grupo_gasto_total_gastos.pdf,1605,Gobierno Autónomo Municipal de Caraparí,2826452,21623481,12654007,5451006,0,5064279,1991402,0,1588000,51198627
2026,data\raw\sigep_2026\categoria_programatica_grupo_gasto_total_gastos\2026_1606_Gobierno_Autónomo_Municipal_de_Villamontes_categoria_programatica_grupo_gasto_total_gastos.pdf,1606,Gobierno Autónomo Municipal de Villamontes,22488469,18413593,20076879,18060840,68010,5141379,5947307,80106,2733295,93009878
2026,data\raw\sigep_2026\categoria_programatica_grupo_gasto_total_gastos\2026_1607_Gobierno_Autónomo_Municipal_de_Uriondo_Concepción_categoria_programatica_grupo_gasto_total_gastos.pdf,1607,Gobierno Autónomo Municipal de Uriondo (Concepción),2730069,7847889,6718047,10456698,1502846,1099284,2356987,27576,400000,33139396
2026,data\raw\sigep_2026\categoria_programatica_grupo_gasto_total_gastos\2026_1608_Gobierno_Autónomo_Municipal_de_Yunchara_categoria_programatica_grupo_gasto_total_gastos.pdf,1608,Gobierno Autónomo Municipal de Yunchara,915664,1920167,1942726,3257789,0,260886,650571,0,582168,9529971
2026,data\raw\sigep_2026\categoria_programatica_grupo_gasto_total_gastos\2026_1609_Gobierno_Autónomo_Municipal_de_San_Lorenzo_categoria_programatica_grupo_gasto_total_gastos.pdf,1609,Gobierno Autónomo Municipal de San Lorenzo,4492874,9796161,11015015,3490410,1423558,6610210,4186143,0,3435710,44450081
2026,data\raw\sigep_2026\categoria_programatica_grupo_gasto_total_gastos\2026_1610_Gobierno_Autónomo_Municipal_de_El_Puente_categoria_programatica_grupo_gasto_total_gastos.pdf,1610,Gobierno Autónomo Municipal de El Puente,2073882,5156526,4410291,8625135,0,761061,1230258,0,0,22257153
2026,data\raw\sigep_2026\categoria_programatica_grupo_gasto_total_gastos\2026_1611_Gobierno_Autónomo_Municipal_de_Entre_Ríos_categoria_programatica_grupo_gasto_total_gastos.pdf,1611,Gobierno Autónomo Municipal de Entre Ríos,4728318,7631151,8208781,7102478,0,2106765,2889776,2000,1291444,33960713
2026,data\raw\sigep_2026\categoria_programatica_grupo_gasto_total_gastos\2026_1701_Gobierno_Autónomo_Municipal_de_Santa_Cruz_de_La_Sierra_categoria_programatica_grupo_gasto_total_gastos.pdf,1701,Gobierno Autónomo Municipal de Santa Cruz de La Sierra,1455262768,1359388983,527717602,741332878,0,581468198,125002767,100050,1701458,4791974704
2026,data\raw\sigep_2026\categoria_programatica_grupo_gasto_total_gastos\2026_1702_Gobierno_Autónomo_Municipal_de_Cotoca_categoria_programatica_grupo_gasto_total_gastos.pdf,1702,Gobierno Autónomo Municipal de Cotoca,23221604,67394066,25540067,22655565,24821051,8340557,3832984,0,20000,175825894
2026,data\raw\sigep_2026\categoria_programatica_grupo_gasto_total_gastos\2026_1703_Gobierno_Autónomo_Municipal_de_Porongo_Ayacucho_categoria_programatica_grupo_gasto_total_gastos.pdf,1703,Gobierno Autónomo Municipal de Porongo (Ayacucho),25636216,47586870,24430232,20840400,39686662,0,907712,0,0,159088092
2026,data\raw\sigep_2026\categoria_programatica_grupo_gasto_total_gastos\2026_1704_Gobierno_Autónomo_Municipal_de_La_Guardia_categoria_programatica_grupo_gasto_total_gastos.pdf,1704,Gobierno Autónomo Municipal de La Guardia,54283177,58223325,43773469,72010222,3500000,17666701,6300144,500,1482121,257239659
2026,data\raw\sigep_2026\categoria_programatica_grupo_gasto_total_gastos\2026_1705_Gobierno_Autónomo_Municipal_de_El_Torno_categoria_programatica_grupo_gasto_total_gastos.pdf,1705,Gobierno Autónomo Municipal de El Torno,14090126,32887449,19020700,15051151,0,3591389,2376195,0,4549746,91566756
2026,data\raw\sigep_2026\categoria_programatica_grupo_gasto_total_gastos\2026_1706_Gobierno_Autónomo_Municipal_de_Warnes_categoria_programatica_grupo_gasto_total_gastos.pdf,1706,Gobierno Autónomo Municipal de Warnes,43543878,108289256,56138849,57436751,46064036,41523780,4409647,60000,1949178,359415375
2026,data\raw\sigep_2026\categoria_programatica_grupo_gasto_total_gastos\2026_1707_Gobierno_Autónomo_Municipal_de_San_Ignacio_San_Ignacio_de_Velasco_categoria_programatica_grupo_gasto_total_gastos.pdf,1707,Gobierno Autónomo Municipal de San Ignacio (San Ignacio de Velasco),8757298,37758054,20751427,1203067,4971160,2249003,2228447,6000,0,77924456
2026,data\raw\sigep_2026\categoria_programatica_grupo_gasto_total_gastos\2026_1708_Gobierno_Autónomo_Municipal_de_San_Miguel_San_Miguel_de_Velasco_categoria_programatica_grupo_gasto_total_gastos.pdf,1708,Gobierno Autónomo Municipal de San Miguel (San Miguel de Velasco),2210984,2085251,9078093,5447090,0,1873651,475046,0,601581,21771696
2026,data\raw\sigep_2026\categoria_programatica_grupo_gasto_total_gastos\2026_1709_Gobierno_Autónomo_Municipal_de_San_Rafael_categoria_programatica_grupo_gasto_total_gastos.pdf,1709,Gobierno Autónomo Municipal de San Rafael,2038891,5048601,3830187,2367988,667616,514706,263541,0,0,14731530
2026,data\raw\sigep_2026\categoria_programatica_grupo_gasto_total_gastos\2026_1710_Gobierno_Autónomo_Municipal_de_Buena_Vista_categoria_programatica_grupo_gasto_total_gastos.pdf,1710,Gobierno Autónomo Municipal de Buena Vista,2482021,7625453,3649429,11070526,0,933776,612785,0,180000,26553990
2026,data\raw\sigep_2026\categoria_programatica_grupo_gasto_total_gastos\2026_1711_Gobierno_Autónomo_Municipal_de_San_Carlos_categoria_programatica_grupo_gasto_total_gastos.pdf,1711,Gobierno Autónomo Municipal de San Carlos,3281117,9439149,6095551,2572224,0,2079949,882516,0,1230000,25580506
2026,data\raw\sigep_2026\categoria_programatica_grupo_gasto_total_gastos\2026_1712_Gobierno_Autónomo_Municipal_de_Yapacaní_categoria_programatica_grupo_gasto_total_gastos.pdf,1712,Gobierno Autónomo Municipal de Yapacaní,0,7923310,0,10087291,0,0,2202105,0,62161841,82374547
2026,data\raw\sigep_2026\categoria_programatica_grupo_gasto_total_gastos\2026_1713_Gobierno_Autónomo_Municipal_de_San_José_categoria_programatica_grupo_gasto_total_gastos.pdf,1713,Gobierno Autónomo Municipal de San José,6616262,18847692,13693460,10804473,0,15000,1074587,0,26721,51078195
2026,data\raw\sigep_2026\categoria_programatica_grupo_gasto_total_gastos\2026_1714_Gobierno_Autónomo_Municipal_de_Pailón_categoria_programatica_grupo_gasto_total_gastos.pdf,1714,Gobierno Autónomo Municipal de Pailón,6318085,28202925,16999956,32240533,0,40000,1381617,0,0,85183116
2026,data\raw\sigep_2026\categoria_programatica_grupo_gasto_total_gastos\2026_1715_Gobierno_Autónomo_Municipal_de_Roboré_categoria_programatica_grupo_gasto_total_gastos.pdf,1715,Gobierno Autónomo Municipal de Roboré,4030355,8491236,3241237,659037,0,1300000,836678,0,2382281,20940824
2026,data\raw\sigep_2026\categoria_programatica_grupo_gasto_total_gastos\2026_1716_Gobierno_Autónomo_Municipal_de_Portachuelo_categoria_programatica_grupo_gasto_total_gastos.pdf,1716,Gobierno Autónomo Municipal de Portachuelo,4606092,13254139,4483627,5215691,0,460720,786833,0,0,28807102
2026,data\raw\sigep_2026\categoria_programatica_grupo_gasto_total_gastos\2026_1717_Gobierno_Autónomo_Municipal_de_Santa_Rosa_del_Sara_categoria_programatica_grupo_gasto_total_gastos.pdf,1717,Gobierno Autónomo Municipal de Santa Rosa del Sara,4000042,37415,2317487,1881590,0,0,689143,0,11685052,20610729
2026,data\raw\sigep_2026\categoria_programatica_grupo_gasto_total_gastos\2026_1718_Gobierno_Autónomo_Municipal_de_Lagunillas_categoria_programatica_grupo_gasto_total_gastos.pdf,1718,Gobierno Autónomo Municipal de Lagunillas,825935,763004,11181,4015314,352708,0,203763,0,3271921,9443826
2026,data\raw\sigep_2026\categoria_programatica_grupo_gasto_total_gastos\2026_1720_Gobierno_Autónomo_Municipal_de_Cabezas_categoria_programatica_grupo_gasto_total_gastos.pdf,1720,Gobierno Autónomo Municipal de Cabezas,4517884,13976177,10856877,2687632,0,864371,1214898,0,1097636,35215475
2026,data\raw\sigep_2026\categoria_programatica_grupo_gasto_total_gastos\2026_1721_Gobierno_Autónomo_Municipal_de_Cuevo_categoria_programatica_grupo_gasto_total_gastos.pdf,1721,Gobierno Autónomo Municipal de Cuevo,1035029,2063863,1207602,27684,0,264326,184366,0,144000,4926870
2026,data\raw\sigep_2026\categoria_programatica_grupo_gasto_total_gastos\2026_1723_Gobierno_Autónomo_Municipal_de_Camiri_categoria_programatica_grupo_gasto_total_gastos.pdf,1723,Gobierno Autónomo Municipal de Camiri,8630808,18968192,10504007,894456,0,105679,1319036,0,1077822,41500000
2026,data\raw\sigep_2026\categoria_programatica_grupo_gasto_total_gastos\2026_1724_Gobierno_Autónomo_Municipal_de_Boyuibe_categoria_programatica_grupo_gasto_total_gastos.pdf,1724,Gobierno Autónomo Municipal de Boyuibe,954138,2838136,1487598,59567,114391,50000,233753,0,0,5737583
2026,data\raw\sigep_2026\categoria_programatica_grupo_gasto_total_gastos\2026_1725_Gobierno_Autónomo_Municipal_de_Vallegrande_categoria_programatica_grupo_gasto_total_gastos.pdf,1725,Gobierno Autónomo Municipal de Vallegrande,3760422,10264687,7005539,8110013,675880,523412,1063479,0,0,31403432
2026,data\raw\sigep_2026\categoria_programatica_grupo_gasto_total_gastos\2026_1726_Gobierno_Autónomo_Municipal_de_Trigal_categoria_programatica_grupo_gasto_total_gastos.pdf,1726,Gobierno Autónomo Municipal de Trigal,381565,1404086,460761,9900,0,0,95057,0,100000,2451369
2026,data\raw\sigep_2026\categoria_programatica_grupo_gasto_total_gastos\2026_1727_Gobierno_Autónomo_Municipal_de_Moro_Moro_categoria_programatica_grupo_gasto_total_gastos.pdf,1727,Gobierno Autónomo Municipal de Moro Moro,497327,1470174,1967594,13000,675,300567,104664,0,0,4354001
2026,data\raw\sigep_2026\categoria_programatica_grupo_gasto_total_gastos\2026_1728_Gobierno_Autónomo_Municipal_de_Postrer_Valle_categoria_programatica_grupo_gasto_total_gastos.pdf,1728,Gobierno Autónomo Municipal de Postrer Valle,0,709118,282551,0,458660,205798,98023,0,3000,1757150
2026,data\raw\sigep_2026\categoria_programatica_grupo_gasto_total_gastos\2026_1729_Gobierno_Autónomo_Municipal_de_Pucara_categoria_programatica_grupo_gasto_total_gastos.pdf,1729,Gobierno Autónomo Municipal de Pucara,323902,813033,696284,0,90000,14520,118173,0,0,2055912
2026,data\raw\sigep_2026\categoria_programatica_grupo_gasto_total_gastos\2026_1730_Gobierno_Autónomo_Municipal_de_Samaipata_categoria_programatica_grupo_gasto_total_gastos.pdf,1730,Gobierno Autónomo Municipal de Samaipata,2800285,6131055,6741551,1449236,0,925260,487424,0,1062272,19597083
2026,data\raw\sigep_2026\categoria_programatica_grupo_gasto_total_gastos\2026_1731_Gobierno_Autónomo_Municipal_de_Pampa_Grande_categoria_programatica_grupo_gasto_total_gastos.pdf,1731,Gobierno Autónomo Municipal de Pampa Grande,1754426,4463101,2950272,856398,0,338535,339095,0,318257,11020084
2026,data\raw\sigep_2026\categoria_programatica_grupo_gasto_total_gastos\2026_1732_Gobierno_Autónomo_Municipal_de_Mairana_categoria_programatica_grupo_gasto_total_gastos.pdf,1732,Gobierno Autónomo Municipal de Mairana,1849578,5859498,4881353,1761510,0,633410,458903,0,1697,15445949
2026,data\raw\sigep_2026\categoria_programatica_grupo_gasto_total_gastos\2026_1733_Gobierno_Autónomo_Municipal_de_Quirusillas_categoria_programatica_grupo_gasto_total_gastos.pdf,1733,Gobierno Autónomo Municipal de Quirusillas,524799,1387473,898460,20000,0,167402,98280,0,0,3096414
2026,data\raw\sigep_2026\categoria_programatica_grupo_gasto_total_gastos\2026_1734_Gobierno_Autónomo_Municipal_de_Montero_categoria_programatica_grupo_gasto_total_gastos.pdf,1734,Gobierno Autónomo Municipal de Montero,46358256,73560717,44524558,33793278,0,10704032,5538372,0,2410644,216889857
2026,data\raw\sigep_2026\categoria_programatica_grupo_gasto_total_gastos\2026_1735_Gobierno_Autónomo_Municipal_de_General_Agustín_Saavedra_categoria_programatica_grupo_gasto_total_gastos.pdf,1735,Gobierno Autónomo Municipal de General Agustín Saavedra,3726364,10076071,5576477,8346436,0,442863,721634,0,34570,28924415
2026,data\raw\sigep_2026\categoria_programatica_grupo_gasto_total_gastos\2026_1736_Gobierno_Autónomo_Municipal_de_Mineros_categoria_programatica_grupo_gasto_total_gastos.pdf,1736,Gobierno Autónomo Municipal de Mineros,5458026,11700112,7248971,7343148,864,317863,987479,0,917837,33974300
2026,data\raw\sigep_2026\categoria_programatica_grupo_gasto_total_gastos\2026_1737_Gobierno_Autónomo_Municipal_de_Concepción_categoria_programatica_grupo_gasto_total_gastos.pdf,1737,Gobierno Autónomo Municipal de Concepción,3463758,18214503,7186100,5892810,682371,593475,944145,0,3301829,40278991
2026,data\raw\sigep_2026\categoria_programatica_grupo_gasto_total_gastos\2026_1738_Gobierno_Autónomo_Municipal_de_San_Javier_categoria_programatica_grupo_gasto_total_gastos.pdf,1738,Gobierno Autónomo Municipal de San Javier,2824066,8676535,4220812,1891013,0,1279457,521748,0,0,19413631
2026,data\raw\sigep_2026\categoria_programatica_grupo_gasto_total_gastos\2026_1739_Gobierno_Autónomo_Municipal_de_San_Julián_categoria_programatica_grupo_gasto_total_gastos.pdf,1739,Gobierno Autónomo Municipal de San Julián,7588686,26584627,12913196,20653197,0,3587901,34101318,500,463647,105893072
2026,data\raw\sigep_2026\categoria_programatica_grupo_gasto_total_gastos\2026_1740_Gobierno_Autónomo_Municipal_de_San_Matías_categoria_programatica_grupo_gasto_total_gastos.pdf,1740,Gobierno Autónomo Municipal de San Matías,2173286,116139,1886256,2086,0,0,515270,0,10707023,15400060
2026,data\raw\sigep_2026\categoria_programatica_grupo_gasto_total_gastos\2026_1741_Gobierno_Autónomo_Municipal_de_Comarapa_categoria_programatica_grupo_gasto_total_gastos.pdf,1741,Gobierno Autónomo Municipal de Comarapa,2983576,7780128,4313987,4834660,0,2654293,781847,0,802897,24151388
2026,data\raw\sigep_2026\categoria_programatica_grupo_gasto_total_gastos\2026_1742_Gobierno_Autónomo_Municipal_de_Saipina_categoria_programatica_grupo_gasto_total_gastos.pdf,1742,Gobierno Autónomo Municipal de Saipina,2294918,2511790,1929316,64330,0,0,525239,4500,113656,7443749
2026,data\raw\sigep_2026\categoria_programatica_grupo_gasto_total_gastos\2026_1743_Gobierno_Autónomo_Municipal_de_Puerto_Suárez_categoria_programatica_grupo_gasto_total_gastos.pdf,1743,Gobierno Autónomo Municipal de Puerto Suárez,5125384,5000,2296838,0,0,0,659509,0,17110274,25197005
2026,data\raw\sigep_2026\categoria_programatica_grupo_gasto_total_gastos\2026_1744_Gobierno_Autónomo_Municipal_de_Puerto_Quijarro_categoria_programatica_grupo_gasto_total_gastos.pdf,1744,Gobierno Autónomo Municipal de Puerto Quijarro,5247665,8076366,7709103,19858302,0,500000,701685,0,3604464,45697585
2026,data\raw\sigep_2026\categoria_programatica_grupo_gasto_total_gastos\2026_1745_Gobierno_Autónomo_Municipal_de_Ascención_de_Guarayos_categoria_programatica_grupo_gasto_total_gastos.pdf,1745,Gobierno Autónomo Municipal de Ascención de Guarayos,3870695,17661652,9112780,8979277,0,979789,1243598,0,0,41847791
2026,data\raw\sigep_2026\categoria_programatica_grupo_gasto_total_gastos\2026_1746_Gobierno_Autónomo_Municipal_de_Urubicha_categoria_programatica_grupo_gasto_total_gastos.pdf,1746,Gobierno Autónomo Municipal de Urubicha,972647,853835,0,0,0,0,266852,0,4384098,6477432
2026,data\raw\sigep_2026\categoria_programatica_grupo_gasto_total_gastos\2026_1747_Gobierno_Autónomo_Municipal_de_El_Puente_categoria_programatica_grupo_gasto_total_gastos.pdf,1747,Gobierno Autónomo Municipal de El Puente,2928526,7474623,4907919,2588693,0,187401,416448,0,2019543,20523153
2026,data\raw\sigep_2026\categoria_programatica_grupo_gasto_total_gastos\2026_1748_Gobierno_Autónomo_Municipal_de_Okinawa_Uno_categoria_programatica_grupo_gasto_total_gastos.pdf,1748,Gobierno Autónomo Municipal de Okinawa Uno,2100747,8196093,1770150,1149755,0,0,343547,0,0,13560292
2026,data\raw\sigep_2026\categoria_programatica_grupo_gasto_total_gastos\2026_1749_Gobierno_Autónomo_Municipal_de_San_Antonio_de_Lomerio_categoria_programatica_grupo_gasto_total_gastos.pdf,1749,Gobierno Autónomo Municipal de San Antonio de Lomerio,956368,2873290,2015913,30800,0,5000,213734,0,0,6095105
2026,data\raw\sigep_2026\categoria_programatica_grupo_gasto_total_gastos\2026_1750_Gobierno_Autónomo_Municipal_de_San_Ramón_categoria_programatica_grupo_gasto_total_gastos.pdf,1750,Gobierno Autónomo Municipal de San Ramón,1508830,5919376,4460081,7016267,376672,698582,251391,0,0,20231199
2026,data\raw\sigep_2026\categoria_programatica_grupo_gasto_total_gastos\2026_1751_Gobierno_Autónomo_Municipal_de_El_Carmen_Rivero_Tórrez_categoria_programatica_grupo_gasto_total_gastos.pdf,1751,Gobierno Autónomo Municipal de El Carmen Rivero Tórrez,2190861,4683076,2878710,10122792,460961,331583,254099,0,0,20922082
2026,data\raw\sigep_2026\categoria_programatica_grupo_gasto_total_gastos\2026_1752_Gobierno_Autónomo_Municipal_de_San_Juan_categoria_programatica_grupo_gasto_total_gastos.pdf,1752,Gobierno Autónomo Municipal de San Juan,0,1317634,13883,7062281,0,0,324622,0,10178329,18896749
2026,data\raw\sigep_2026\categoria_programatica_grupo_gasto_total_gastos\2026_1753_Gobierno_Autónomo_Municipal_de_Fernández_Alonso_categoria_programatica_grupo_gasto_total_gastos.pdf,1753,Gobierno Autónomo Municipal de Fernández Alonso,3033794,7824413,5018053,1384469,48563,1537827,660383,0,0,19507502
2026,data\raw\sigep_2026\categoria_programatica_grupo_gasto_total_gastos\2026_1754_Gobierno_Autónomo_Municipal_de_San_Pedro_categoria_programatica_grupo_gasto_total_gastos.pdf,1754,Gobierno Autónomo Municipal de San Pedro,3767466,9787739,5540590,458777,0,582,464471,0,0,20019625
2026,data\raw\sigep_2026\categoria_programatica_grupo_gasto_total_gastos\2026_1755_Gobierno_Autónomo_Municipal_de_Cuatro_Cañadas_categoria_programatica_grupo_gasto_total_gastos.pdf,1755,Gobierno Autónomo Municipal de Cuatro Cañadas,5473729,22422306,9133686,16017968,1000000,0,785812,0,30000,54863501
2026,data\raw\sigep_2026\categoria_programatica_grupo_gasto_total_gastos\2026_1756_Gobierno_Autónomo_Municipal_de_Colpa_Bélgica_categoria_programatica_grupo_gasto_total_gastos.pdf,1756,Gobierno Autónomo Municipal de Colpa Bélgica,2671880,10995050,4010323,7941137,0,190000,240649,0,0,26049039
2026,data\raw\sigep_2026\categoria_programatica_grupo_gasto_total_gastos\2026_1801_Gobierno_Autónomo_Municipal_de_Trinidad_categoria_programatica_grupo_gasto_total_gastos.pdf,1801,Gobierno Autónomo Municipal de Trinidad,40156822,82388148,50865299,26322562,0,6621001,25453579,31258,1305000,233143669
2026,data\raw\sigep_2026\categoria_programatica_grupo_gasto_total_gastos\2026_1802_Gobierno_Autónomo_Municipal_de_San_Javier_categoria_programatica_grupo_gasto_total_gastos.pdf,1802,Gobierno Autónomo Municipal de San Javier,2157201,3298507,2229550,1427653,205103,853632,762613,0,0,10934259
2026,data\raw\sigep_2026\categoria_programatica_grupo_gasto_total_gastos\2026_1803_Gobierno_Autónomo_Municipal_de_Riberalta_categoria_programatica_grupo_gasto_total_gastos.pdf,1803,Gobierno Autónomo Municipal de Riberalta,22138991,16715549,0,0,0,0,13189178,0,109854891,161898609
2026,data\raw\sigep_2026\categoria_programatica_grupo_gasto_total_gastos\2026_1805_Gobierno_Autónomo_Municipal_de_Puerto_Guayaramerín_categoria_programatica_grupo_gasto_total_gastos.pdf,1805,Gobierno Autónomo Municipal de Puerto Guayaramerín,14631675,14449339,16349678,6109434,0,0,4865612,0,1000000,57405738
2026,data\raw\sigep_2026\categoria_programatica_grupo_gasto_total_gastos\2026_1806_Gobierno_Autónomo_Municipal_de_Reyes_categoria_programatica_grupo_gasto_total_gastos.pdf,1806,Gobierno Autónomo Municipal de Reyes,2000663,1599974,0,92702,0,0,1309579,0,8751212,13754130
2026,data\raw\sigep_2026\categoria_programatica_grupo_gasto_total_gastos\2026_1807_Gobierno_Autónomo_Municipal_de_Puerto_Rurrenabaque_categoria_programatica_grupo_gasto_total_gastos.pdf,1807,Gobierno Autónomo Municipal de Puerto Rurrenabaque,3521037,12048721,6741560,1550000,70000,1317856,2263711,0,200000,27712885
2026,data\raw\sigep_2026\categoria_programatica_grupo_gasto_total_gastos\2026_1808_Gobierno_Autónomo_Municipal_de_San_Borja_categoria_programatica_grupo_gasto_total_gastos.pdf,1808,Gobierno Autónomo Municipal de San Borja,0,6489813,0,7355357,0,0,5261856,0,41745035,60852061
2026,data\raw\sigep_2026\categoria_programatica_grupo_gasto_total_gastos\2026_1809_Gobierno_Autónomo_Municipal_de_Santa_Rosa_categoria_programatica_grupo_gasto_total_gastos.pdf,1809,Gobierno Autónomo Municipal de Santa Rosa,2087868,5884728,4126192,2036583,0,216397,1234070,0,1228473,16814311
2026,data\raw\sigep_2026\categoria_programatica_grupo_gasto_total_gastos\2026_1810_Gobierno_Autónomo_Municipal_de_Santa_Ana_categoria_programatica_grupo_gasto_total_gastos.pdf,1810,Gobierno Autónomo Municipal de Santa Ana,4636391,10078057,16271411,5978166,0,905460,2120770,0,96987,40087242
2026,data\raw\sigep_2026\categoria_programatica_grupo_gasto_total_gastos\2026_1811_Gobierno_Autónomo_Municipal_de_San_Ignacio_categoria_programatica_grupo_gasto_total_gastos.pdf,1811,Gobierno Autónomo Municipal de San Ignacio,4511079,8389042,7615951,6034676,0,956975,2581281,0,200001,30289005
2026,data\raw\sigep_2026\categoria_programatica_grupo_gasto_total_gastos\2026_1812_Gobierno_Autónomo_Municipal_de_Loreto_categoria_programatica_grupo_gasto_total_gastos.pdf,1812,Gobierno Autónomo Municipal de Loreto,1468186,1504356,1344135,174580,0,0,430542,0,0,4921799
2026,data\raw\sigep_2026\categoria_programatica_grupo_gasto_total_gastos\2026_1813_Gobierno_Autónomo_Municipal_de_San_Andrés_categoria_programatica_grupo_gasto_total_gastos.pdf,1813,Gobierno Autónomo Municipal de San Andrés,2880025,5912696,5914430,461586,0,800401,1807227,0,1222668,18999033
2026,data\raw\sigep_2026\categoria_programatica_grupo_gasto_total_gastos\2026_1814_Gobierno_Autónomo_Municipal_de_San_Joaquín_categoria_programatica_grupo_gasto_total_gastos.pdf,1814,Gobierno Autónomo Municipal de San Joaquín,1554091,3392187,2776977,23396,0,967999,760338,0,4001,9478989
2026,data\raw\sigep_2026\categoria_programatica_grupo_gasto_total_gastos\2026_1815_Gobierno_Autónomo_Municipal_de_San_Ramón_categoria_programatica_grupo_gasto_total_gastos.pdf,1815,Gobierno Autónomo Municipal de San Ramón,1046867,3281511,2165965,87782,71533,30000,695102,0,0,7378760
2026,data\raw\sigep_2026\categoria_programatica_grupo_gasto_total_gastos\2026_1816_Gobierno_Autónomo_Municipal_de_Puerto_Síles_categoria_programatica_grupo_gasto_total_gastos.pdf,1816,Gobierno Autónomo Municipal de Puerto Síles,332535,430793,447531,38000,3900,2000,102305,0,0,1357064
2026,data\raw\sigep_2026\categoria_programatica_grupo_gasto_total_gastos\2026_1817_Gobierno_Autónomo_Municipal_de_Magdalena_categoria_programatica_grupo_gasto_total_gastos.pdf,1817,Gobierno Autónomo Municipal de Magdalena,2037038,5702519,5007279,13113606,0,137568,1506507,0,0,27504517
2026,data\raw\sigep_2026\categoria_programatica_grupo_gasto_total_gastos\2026_1818_Gobierno_Autónomo_Municipal_de_Baures_categoria_programatica_grupo_gasto_total_gastos.pdf,1818,Gobierno Autónomo Municipal de Baures,1468623,3832400,2548910,899557,0,1643380,732775,0,0,11125645
2026,data\raw\sigep_2026\categoria_programatica_grupo_gasto_total_gastos\2026_1819_Gobierno_Autónomo_Municipal_de_Huacaraje_categoria_programatica_grupo_gasto_total_gastos.pdf,1819,Gobierno Autónomo Municipal de Huacaraje,2307315,1107932,1594369,146500,0,0,545644,0,0,5701760
2026,data\raw\sigep_2026\categoria_programatica_grupo_gasto_total_gastos\2026_1820_Gobierno_Autónomo_Municipal_de_Exaltación_categoria_programatica_grupo_gasto_total_gastos.pdf,1820,Gobierno Autónomo Municipal de Exaltación,2131103,3438945,2252824,90800,2508485,1131576,765912,0,0,12319645
2026,data\raw\sigep_2026\categoria_programatica_grupo_gasto_total_gastos\2026_1901_Gobierno_Autónomo_Municipal_de_Cobija_categoria_programatica_grupo_gasto_total_gastos.pdf,1901,Gobierno Autónomo Municipal de Cobija,0,4564461,6652323,5172243,0,0,19709516,0,110006073,146104616
2026,data\raw\sigep_2026\categoria_programatica_grupo_gasto_total_gastos\2026_1902_Gobierno_Autónomo_Municipal_de_Porvenir_categoria_programatica_grupo_gasto_total_gastos.pdf,1902,Gobierno Autónomo Municipal de Porvenir,1144990,429872,1129090,44300,6697150,0,3193154,0,6385102,19023658
2026,data\raw\sigep_2026\categoria_programatica_grupo_gasto_total_gastos\2026_1903_Gobierno_Autónomo_Municipal_de_Bolpebra_categoria_programatica_grupo_gasto_total_gastos.pdf,1903,Gobierno Autónomo Municipal de Bolpebra,470034,2034306,1338490,137000,0,72550,829243,0,21620,4903243
2026,data\raw\sigep_2026\categoria_programatica_grupo_gasto_total_gastos\2026_1904_Gobierno_Autónomo_Municipal_de_Bella_Flor_categoria_programatica_grupo_gasto_total_gastos.pdf,1904,Gobierno Autónomo Municipal de Bella Flor,771853,2640848,2301460,199408,0,509390,1283733,0,0,7706692
2026,data\raw\sigep_2026\categoria_programatica_grupo_gasto_total_gastos\2026_1905_Gobierno_Autónomo_Municipal_de_Puerto_Rico_categoria_programatica_grupo_gasto_total_gastos.pdf,1905,Gobierno Autónomo Municipal de Puerto Rico,1500017,979521,280560,0,0,0,2475848,0,9141816,14377762
2026,data\raw\sigep_2026\categoria_programatica_grupo_gasto_total_gastos\2026_1906_Gobierno_Autónomo_Municipal_de_San_Pedro_categoria_programatica_grupo_gasto_total_gastos.pdf,1906,Gobierno Autónomo Municipal de San Pedro,652226,2219213,1635545,125499,0,595763,1082382,0,1500,6312128
2026,data\raw\sigep_2026\categoria_programatica_grupo_gasto_total_gastos\2026_1907_Gobierno_Autónomo_Municipal_de_Filadelfia_categoria_programatica_grupo_gasto_total_gastos.pdf,1907,Gobierno Autónomo Municipal de Filadelfia,1311714,6864916,4002390,235193,0,86844,2751698,0,550000,15802755
2026,data\raw\sigep_2026\categoria_programatica_grupo_gasto_total_gastos\2026_1908_Gobierno_Autónomo_Municipal_de_Puerto_Gonzalo_Moreno_categoria_programatica_grupo_gasto_total_gastos.pdf,1908,Gobierno Autónomo Municipal de Puerto Gonzalo Moreno,1493346,1881138,123771,0,0,0,4113325,0,15796280,23407860
2026,data\raw\sigep_2026\categoria_programatica_grupo_gasto_total_gastos\2026_1909_Gobierno_Autónomo_Municipal_de_San_Lorenzo_categoria_programatica_grupo_gasto_total_gastos.pdf,1909,Gobierno Autónomo Municipal de San Lorenzo,0,1484206,52634,0,13067351,0,3198834,0,0,17803025
2026,data\raw\sigep_2026\categoria_programatica_grupo_gasto_total_gastos\2026_1910_Gobierno_Autónomo_Municipal_de_Sena_categoria_programatica_grupo_gasto_total_gastos.pdf,1910,Gobierno Autónomo Municipal de Sena,2105511,10173371,5569644,6578350,0,202563,3568425,0,505934,28703798
2026,data\raw\sigep_2026\categoria_programatica_grupo_gasto_total_gastos\2026_1911_Gobierno_Autónomo_Municipal_de_Santa_Rosa_del_Abuná_categoria_programatica_grupo_gasto_total_gastos.pdf,1911,Gobierno Autónomo Municipal de Santa Rosa del Abuná,0,63031,433732,6000,0,0,990521,0,4190144,5683428
2026,data\raw\sigep_2026\categoria_programatica_grupo_gasto_total_gastos\2026_1912_Gobierno_Autónomo_Municipal_de_Ingavi_Humaita_categoria_programatica_grupo_gasto_total_gastos.pdf,1912,Gobierno Autónomo Municipal de Ingavi (Humaita),461267,2323341,1323239,11500,0,4000,870713,0,66398,5060458
2026,data\raw\sigep_2026\categoria_programatica_grupo_gasto_total_gastos\2026_1913_Gobierno_Autónomo_Municipal_de_Nueva_Esperanza_categoria_programatica_grupo_gasto_total_gastos.pdf,1913,Gobierno Autónomo Municipal de Nueva Esperanza,265569,1117850,756000,183135,0,0,477173,0,0,2799727
2026,data\raw\sigep_2026\categoria_programatica_grupo_gasto_total_gastos\2026_1914_Gobierno_Autónomo_Municipal_de_Villa_Nueva_Loma_Alta_categoria_programatica_grupo_gasto_total_gastos.pdf,1914,Gobierno Autónomo Municipal de Villa Nueva (Loma Alta),517550,1862608,1473713,93560,0,146423,878048,0,0,4971902
2026,data\raw\sigep_2026\categoria_programatica_grupo_gasto_total_gastos\2026_1915_Gobierno_Autónomo_Municipal_de_Santos_Mercado_categoria_programatica_grupo_gasto_total_gastos.pdf,1915,Gobierno Autónomo Municipal de Santos Mercado,375880,99927,281439,0,0,0,737785,0,2762714,4257745
2026,data\raw\sigep_2026\categoria_programatica_grupo_gasto_total_gastos\2026_3101_Autonomía_del_Territorio_Indígena_Originario_Campesino_Guaraní_Chaqueño_de_categoria_programatica_grupo_gasto_total_gastos.pdf,3101,Autonomía del Territorio Indígena Originario Campesino Guaraní Chaqueño de Huacaya,501607,1076863,927127,39000,0,0,287203,0,8467,2840267
2026,data\raw\sigep_2026\categoria_programatica_grupo_gasto_total_gastos\2026_3301_Gobierno_Autónomo_Indígena_Originario_Campesino_del_Territorio_de_Raqaypampa_categoria_programatica_grupo_gasto_total_gastos.pdf,3301,Gobierno Autónomo Indígena Originario Campesino del Territorio de Raqaypampa,1561693,1934284,3026619,119500,0,642021,403926,0,71199,7759242
2026,data\raw\sigep_2026\categoria_programatica_grupo_gasto_total_gastos\2026_3401_Gobierno_Autónomo_Indígena_Originario_Campesino_de_la_Nación_Originaria_Uru_categoria_programatica_grupo_gasto_total_gastos.pdf,3401,GAIOC de la Nación Originaria Uru Chipaya,324959,325580,0,962969,0,0,217258,0,1729083,3559849
2026,data\raw\sigep_2026\categoria_programatica_grupo_gasto_total_gastos\2026_3402_Gobierno_Autónomo_Indígena_Originario_Campesino_de_Salinas_categoria_programatica_grupo_gasto_total_gastos.pdf,3402,Gobierno Autónomo Indígena Originario Campesino de Salinas,2521387,1185719,4022898,2494007,0,0,1301813,0,8835230,20361054
2026,data\raw\sigep_2026\categoria_programatica_grupo_gasto_total_gastos\2026_3501_Gobierno_Autónomo_Indígena_Originario_Campesino_de_la_Autonomía_Originaria_del_categoria_programatica_grupo_gasto_total_gastos.pdf,3501,Gobierno Autónomo Indígena Originario Campesino de la Autonomía Originaria del Jatún Ayllu Yura,550097,2131033,2546029,105000,633045,528396,350562,7800,0,6851962
2026,data\raw\sigep_2026\categoria_programatica_grupo_gasto_total_gastos\2026_3701_Gobierno_Autónomo_Indígena_Originario_Campesino_de_Charagua_Iyambae_categoria_programatica_grupo_gasto_total_gastos.pdf,3701,GAIOC de Charagua Iyambae,6435324,14779006,9344549,468324,6067969,0,1029724,0,487044,38611940
2026,data\raw\sigep_2026\categoria_programatica_grupo_gasto_total_gastos\2026_3702_Gobierno_Autónomo_Indígena_Guaraní_Kereimba_Iyaambae_categoria_programatica_grupo_gasto_total_gastos.pdf,3702,Gobierno Autónomo Indígena Guaraní Kereimba Iyaambae,1195910,1508746,2471813,5394664,0,0,496660,0,8258464,19326257
2026,data\raw\sigep_2026\categoria_programatica_grupo_gasto_total_gastos\2026_3801_Gobierno_Indígena_Autónomo_del_Territorio_Indígena_Multiétnico_categoria_programatica_grupo_gasto_total_gastos.pdf,3801,Gobierno Indígena Autónomo del Territorio Indígena Multiétnico,879808,1616343,1349901,420000,0,0,355912,0,280500,4902464
2026,data\raw\sigep_2026\categoria_programatica_grupo_gasto_total_gastos\2026_4601_Gobierno_Autónomo_Regional_del_Gran_Chaco_categoria_programatica_grupo_gasto_total_gastos.pdf,4601,Gobierno Autónomo Regional del Gran Chaco,29947853,45381407,54005219,18873756,11476125,23517636,106524610,78673,0,289805279
2026,data\raw\sigep_2026\categoria_programatica_grupo_gasto_total_gastos\2026_901_Gobierno_Autónomo_Departamental_de_Chuquisaca_categoria_programatica_grupo_gasto_total_gastos.pdf,901,Gobierno Autónomo Departamental de Chuquisaca,393700637,14590602,39365191,32298526,26131436,0,63819284,0,212356497,782262173
2026,data\raw\sigep_2026\categoria_programatica_grupo_gasto_total_gastos\2026_902_Gobierno_Autónomo_Departamental_de_La_Paz_categoria_programatica_grupo_gasto_total_gastos.pdf,902,Gobierno Autónomo Departamental de La Paz,1051860924,111271927,155354377,254097638,6249796,34361069,62112336,439001,2060390,1677807458
2026,data\raw\sigep_2026\categoria_programatica_grupo_gasto_total_gastos\2026_903_Gobierno_Autónomo_Departamental_de_Cochabamba_categoria_programatica_grupo_gasto_total_gastos.pdf,903,Gobierno Autónomo Departamental de Cochabamba,680802345,58174195,110056753,28539134,0,46218626,91857005,250214,84650719,1100548991
2026,data\raw\sigep_2026\categoria_programatica_grupo_gasto_total_gastos\2026_904_Gobierno_Autónomo_Departamental_de_Oruro_categoria_programatica_grupo_gasto_total_gastos.pdf,904,Gobierno Autónomo Departamental de Oruro,335814939,33859360,39719834,229160066,0,32559298,31450751,215391,14372019,717151658
2026,data\raw\sigep_2026\categoria_programatica_grupo_gasto_total_gastos\2026_905_Gobierno_Autónomo_Departamental_de_Potosí_categoria_programatica_grupo_gasto_total_gastos.pdf,905,Gobierno Autónomo Departamental de Potosí,529686156,113013788,116844881,589542568,29280882,61376004,35374526,499395,2700000,1478318200
2026,data\raw\sigep_2026\categoria_programatica_grupo_gasto_total_gastos\2026_906_Gobierno_Autónomo_Departamental_de_Tarija_categoria_programatica_grupo_gasto_total_gastos.pdf,906,Gobierno Autónomo Departamental de Tarija,455467630,44944606,75745903,19872700,15480000,101843349,96387731,492276,30305304,840539499
2026,data\raw\sigep_2026\categoria_programatica_grupo_gasto_total_gastos\2026_907_Gobierno_Autónomo_Departamental_de_Santa_Cruz_categoria_programatica_grupo_gasto_total_gastos.pdf,907,Gobierno Autónomo Departamental de Santa Cruz,1292341837,120101971,140142804,250804472,0,130057442,102182974,759760,68293311,2104684571
2026,data\raw\sigep_2026\categoria_programatica_grupo_gasto_total_gastos\2026_908_Gobierno_Autónomo_Departamental_del_Beni_categoria_programatica_grupo_gasto_total_gastos.pdf,908,Gobierno Autónomo Departamental del Beni,372506766,50895864,22985383,4977868,0,34614172,34070515,82777,837176,520970521
2026,data\raw\sigep_2026\categoria_programatica_grupo_gasto_total_gastos\2026_909_Gobierno_Autónomo_Departamental_de_Pando_categoria_programatica_grupo_gasto_total_gastos.pdf,909,Gobierno Autónomo Departamental de Pando,172549346,9696318,8460451,2030260,0,35549525,23844838,97946,0,252228684
