codigo_entidad,nombre_entidad,departamento,tipo,grupo_eta,ingresos_total,recursos_propios,recursos_especificos,recursos_especificos_gam_gaioc,otros_recursos_especificos,transferencias_tgn,coparticipacion,idh,regalias,otros_recursos,autonomia_fiscal_pct,autonomia_fiscal_aplica,autonomia_fiscal_base,dependencia_tgn_pct,coparticipacion_pct,idh_pct,regalias_pct,recursos_especificos_pct,recursos_especificos_gam_gaioc_pct,otros_recursos_especificos_pct
"908","Gobierno Autónomo Departamental del Beni","Beni","departamental","GAD",520970521.0,None,123972165.0,0.0,22200676.0,392966438.0,0.0,52856612.0,101771489.0,340109826.0,None,False,"No calculado para entidades no GAM/GAIOC",75.429688,0.0,10.145797,19.53498,23.796388,0.0,4.261407
"1818","Gobierno Autónomo Municipal de Baures","Beni","municipal","GAM",11125645.0,146000.0,3410941.0,146000.0,2530.0,7714704.0,5457175.0,1958429.0,3262411.0,299100.0,1.312283,True,"20/210 Recursos Específicos GAM/GAIOC",69.341634,49.050415,17.602836,29.323343,30.658366,1.312283,0.02274
"1820","Gobierno Autónomo Municipal de Exaltación","Beni","municipal","GAM",12319645.0,963313.0,994803.0,963313.0,31490.0,11324842.0,8392988.0,2927541.0,0.0,4313.0,7.819324,True,"20/210 Recursos Específicos GAM/GAIOC",91.925068,68.126866,23.763193,0.0,8.074932,7.819324,0.255608
"1819","Gobierno Autónomo Municipal de Huacaraje","Beni","municipal","GAM",5701760.0,360000.0,360080.0,360000.0,80.0,5341680.0,3847624.0,1380806.0,0.0,113250.0,6.31384,True,"20/210 Recursos Específicos GAM/GAIOC",93.684757,67.481339,24.217189,0.0,6.315243,6.31384,0.001403
"1812","Gobierno Autónomo Municipal de Loreto","Beni","municipal","GAM",4921799.0,73163.0,73473.0,73163.0,310.0,4848326.0,3544171.0,1271905.0,0.0,32250.0,1.486509,True,"20/210 Recursos Específicos GAM/GAIOC",98.507192,72.009666,25.842278,0.0,1.492808,1.486509,0.006299
"1817","Gobierno Autónomo Municipal de Magdalena","Beni","municipal","GAM",27504517.0,2135000.0,2139293.0,2135000.0,4293.0,17844725.0,10615885.0,3809747.0,0.0,3419093.0,7.762361,True,"20/210 Recursos Específicos GAM/GAIOC",64.879252,38.596878,13.85135,0.0,7.77797,7.762361,0.015608
"1805","Gobierno Autónomo Municipal de Puerto Guayaramerín","Beni","municipal","GAM",57405738.0,5500000.0,7609081.0,5500000.0,2057530.0,49796657.0,33886197.0,12160817.0,51551.0,3749643.0,9.580924,True,"20/210 Recursos Específicos GAM/GAIOC",86.745086,59.029286,21.183975,0.089801,13.254914,9.580924,3.584189
"1807","Gobierno Autónomo Municipal de Puerto Rurrenabaque","Beni","municipal","GAM",27712885.0,3405000.0,3886712.0,3405000.0,481712.0,23826173.0,17488934.0,6320911.0,0.0,16328.0,12.286703,True,"20/210 Recursos Específicos GAM/GAIOC",85.975073,63.107591,22.808564,0.0,14.024927,12.286703,1.738224
"1816","Gobierno Autónomo Municipal de Puerto Síles","Beni","municipal","GAM",1357064.0,120000.0,120000.0,120000.0,0.0,1237064.0,910361.0,326703.0,0.0,0.0,8.842619,True,"20/210 Recursos Específicos GAM/GAIOC",91.157381,67.083129,24.074251,0.0,8.842619,8.842619,0.0
"1806","Gobierno Autónomo Municipal de Reyes","Beni","municipal","GAM",13754130.0,932032.0,979020.0,932032.0,46988.0,12775110.0,9372972.0,3363700.0,0.0,38438.0,6.776379,True,"20/210 Recursos Específicos GAM/GAIOC",92.881993,68.1466,24.455927,0.0,7.118007,6.776379,0.341628
"1803","Gobierno Autónomo Municipal de Riberalta","Beni","municipal","GAM",161898609.0,32212280.0,40682906.0,32212280.0,8193287.0,121215703.0,89074831.0,31966487.0,277339.0,174385.0,19.896576,True,"20/210 Recursos Específicos GAM/GAIOC",74.871368,55.018898,19.744757,0.171304,25.128632,19.896576,5.060752
"1813","Gobierno Autónomo Municipal de San Andrés","Beni","municipal","GAM",18999033.0,1246736.0,1322344.0,1246736.0,75608.0,17676689.0,12998619.0,4664844.0,0.0,13226.0,6.562102,True,"20/210 Recursos Específicos GAM/GAIOC",93.039941,68.417266,24.55306,0.0,6.960059,6.562102,0.397957
"1808","Gobierno Autónomo Municipal de San Borja","Beni","municipal","GAM",60852061.0,1910817.0,1968693.0,1910817.0,57876.0,58883368.0,37879313.0,13593835.0,0.0,7410220.0,3.140102,True,"20/210 Recursos Específicos GAM/GAIOC",96.764788,62.248201,22.339153,0.0,3.235212,3.140102,0.095109
"1811","Gobierno Autónomo Municipal de San Ignacio","Beni","municipal","GAM",30289005.0,2000000.0,2003182.0,2000000.0,3182.0,28285823.0,17939507.0,6437992.0,0.0,3908324.0,6.603056,True,"20/210 Recursos Específicos GAM/GAIOC",93.386438,59.227786,21.255211,0.0,6.613562,6.603056,0.010505
"1802","Gobierno Autónomo Municipal de San Javier","Beni","municipal","GAM",10934259.0,800000.0,907712.0,800000.0,107712.0,10026547.0,6413379.0,2333640.0,0.0,1279528.0,7.316454,True,"20/210 Recursos Específicos GAM/GAIOC",91.698459,58.653988,21.342461,0.0,8.301541,7.316454,0.985087
"1814","Gobierno Autónomo Municipal de San Joaquín","Beni","municipal","GAM",9478989.0,1272618.0,1472005.0,1272618.0,199387.0,8006984.0,5785660.0,2203286.0,0.0,18038.0,13.425672,True,"20/210 Recursos Específicos GAM/GAIOC",84.470865,61.036678,23.243892,0.0,15.529135,13.425672,2.103463
"1815","Gobierno Autónomo Municipal de San Ramón","Beni","municipal","GAM",7378760.0,636860.0,1117073.0,636860.0,473785.0,6261687.0,4523536.0,1623372.0,6428.0,114779.0,8.630989,True,"20/210 Recursos Específicos GAM/GAIOC",84.860966,61.304826,22.000607,0.087115,15.139034,8.630989,6.42093
"1810","Gobierno Autónomo Municipal de Santa Ana","Beni","municipal","GAM",40087242.0,14190843.0,14431801.0,14190843.0,240958.0,25655441.0,15049632.0,5400896.0,0.0,5204913.0,35.399899,True,"20/210 Recursos Específicos GAM/GAIOC",63.999017,37.542199,13.472855,0.0,36.000983,35.399899,0.601084
"1809","Gobierno Autónomo Municipal de Santa Rosa","Beni","municipal","GAM",16814311.0,1470000.0,1470068.0,1470000.0,68.0,13757660.0,9770350.0,3955097.0,0.0,32213.0,8.742553,True,"20/210 Recursos Específicos GAM/GAIOC",81.821134,58.107347,23.522207,0.0,8.742957,8.742553,0.000404
"1801","Gobierno Autónomo Municipal de Trinidad","Beni","municipal","GAM",233143669.0,85837207.0,85844125.0,85837207.0,6918.0,147299544.0,103387861.0,37103036.0,0.0,6808647.0,36.817301,True,"20/210 Recursos Específicos GAM/GAIOC",63.179731,44.345129,15.914237,0.0,36.820269,36.817301,0.002967
"3801","Gobierno Indígena Autónomo del Territorio Indígena Multiétnico","Beni","indigena_originario_campesino","GAIOC",4902464.0,300000.0,300000.0,300000.0,0.0,4602464.0,3368949.0,1233515.0,0.0,0.0,6.119372,True,"20/210 Recursos Específicos GAM/GAIOC",93.880628,68.719505,25.161123,0.0,6.119372,6.119372,0.0
"3101","Autonomía del Territorio Indígena Originario Campesino Guaraní Chaqueño de","Chuquisaca","indigena_originario_campesino","GAIOC",2840267.0,50000.0,50000.0,50000.0,0.0,2790267.0,2116692.0,604325.0,0.0,69250.0,1.760398,True,"20/210 Recursos Específicos GAM/GAIOC",98.239602,74.524402,21.277049,0.0,1.760398,1.760398,0.0
"901","Gobierno Autónomo Departamental de Chuquisaca","Chuquisaca","departamental","GAD",782262173.0,None,262977004.0,0.0,34319019.0,478245714.0,0.0,51863372.0,228657985.0,426382342.0,None,False,"No calculado para entidades no GAM/GAIOC",61.136244,0.0,6.629922,29.230352,33.617502,0.0,4.387151
"1119","Gobierno Autónomo Municipal de Camargo","Chuquisaca","municipal","GAM",18125225.0,2134011.0,2356179.0,2134011.0,213800.0,15769046.0,12231255.0,3492078.0,8368.0,45713.0,11.773708,True,"20/210 Recursos Específicos GAM/GAIOC",87.000553,67.481948,19.266398,0.046168,12.999447,11.773708,1.179572
"1123","Gobierno Autónomo Municipal de Camataqui (Villa Abecia)","Chuquisaca","municipal","GAM",6082776.0,330000.0,330000.0,330000.0,0.0,5752776.0,4465339.0,1274874.0,0.0,12563.0,5.425155,True,"20/210 Recursos Específicos GAM/GAIOC",94.574845,73.409558,20.958753,0.0,5.425155,5.425155,0.0
"1124","Gobierno Autónomo Municipal de Culpina","Chuquisaca","municipal","GAM",21907961.0,1882000.0,1885106.0,1882000.0,3106.0,20022855.0,12360950.0,3529106.0,0.0,4132799.0,8.590485,True,"20/210 Recursos Específicos GAM/GAIOC",91.395338,56.422184,16.108783,0.0,8.604662,8.590485,0.014177
"1114","Gobierno Autónomo Municipal de El Villar","Chuquisaca","municipal","GAM",8056284.0,555000.0,555000.0,555000.0,0.0,7501284.0,4685655.0,1337776.0,0.0,1477853.0,6.889032,True,"20/210 Recursos Específicos GAM/GAIOC",93.110968,58.161492,16.605373,0.0,6.889032,6.889032,0.0
"1109","Gobierno Autónomo Municipal de Icla","Chuquisaca","municipal","GAM",9947023.0,310924.0,310924.0,310924.0,0.0,9636099.0,7361034.0,2101607.0,0.0,173458.0,3.1258,True,"20/210 Recursos Específicos GAM/GAIOC",96.8742,74.002382,21.128,0.0,3.1258,3.1258,0.0
"1121","Gobierno Autónomo Municipal de Incahuasi","Chuquisaca","municipal","GAM",20133393.0,215920.0,215920.0,215920.0,0.0,19917473.0,13560631.0,3871620.0,0.0,2485222.0,1.072447,True,"20/210 Recursos Específicos GAM/GAIOC",98.927553,67.353928,19.229844,0.0,1.072447,1.072447,0.0
"1125","Gobierno Autónomo Municipal de Las Carreras","Chuquisaca","municipal","GAM",14015349.0,299809.0,545116.0,299809.0,39194.0,13470233.0,4162717.0,1188474.0,206113.0,8119042.0,2.139148,True,"20/210 Recursos Específicos GAM/GAIOC",96.110578,29.70113,8.479803,1.470623,3.889422,2.139148,0.279651
"1128","Gobierno Autónomo Municipal de Machareti","Chuquisaca","municipal","GAM",9269406.0,642000.0,778177.0,642000.0,136177.0,8491229.0,6023344.0,1719692.0,0.0,748193.0,6.92601,True,"20/210 Recursos Específicos GAM/GAIOC",91.604888,64.980906,18.552343,0.0,8.395112,6.92601,1.469102
"1115","Gobierno Autónomo Municipal de Monteagudo","Chuquisaca","municipal","GAM",36974829.0,5286057.0,6884315.0,5286057.0,1598258.0,30090514.0,20915586.0,5812296.0,0.0,3362632.0,14.296366,True,"20/210 Recursos Específicos GAM/GAIOC",81.381077,56.567093,15.719602,0.0,18.618923,14.296366,4.322557
"1110","Gobierno Autónomo Municipal de Padilla","Chuquisaca","municipal","GAM",14200568.0,2281860.0,2282339.0,2281860.0,479.0,8112502.0,6270264.0,1790188.0,0.0,52050.0,16.068794,True,"20/210 Recursos Específicos GAM/GAIOC",57.128011,44.155023,12.606453,0.0,16.072167,16.068794,0.003373
"1103","Gobierno Autónomo Municipal de Poroma","Chuquisaca","municipal","GAM",15293419.0,152500.0,157125.0,152500.0,239.0,14723408.0,11340016.0,3237625.0,4386.0,145767.0,0.997161,True,"20/210 Recursos Específicos GAM/GAIOC",96.272835,74.149646,21.170054,0.028679,1.027403,0.997161,0.001563
"1107","Gobierno Autónomo Municipal de Presto","Chuquisaca","municipal","GAM",14381363.0,239810.0,239810.0,239810.0,0.0,13665335.0,9995676.0,2853809.0,0.0,815850.0,1.667505,True,"20/210 Recursos Específicos GAM/GAIOC",95.02114,69.504372,19.843801,0.0,1.667505,1.667505,0.0
"1120","Gobierno Autónomo Municipal de San Lucas","Chuquisaca","municipal","GAM",48664005.0,1349296.0,4406577.0,1349296.0,500000.0,43335601.0,22019917.0,6286783.0,2557281.0,15028901.0,2.772678,True,"20/210 Recursos Específicos GAM/GAIOC",89.050626,45.24888,12.918754,5.254974,9.055106,2.772678,1.027453
"1116","Gobierno Autónomo Municipal de San Pablo de Huacareta","Chuquisaca","municipal","GAM",11701686.0,400000.0,458983.0,400000.0,58983.0,11242703.0,5986764.0,1709248.0,0.0,3546691.0,3.418311,True,"20/210 Recursos Específicos GAM/GAIOC",96.077634,51.161551,14.606852,0.0,3.922366,3.418311,0.504056
"1112","Gobierno Autónomo Municipal de Sopachuy","Chuquisaca","municipal","GAM",9564373.0,670000.0,670586.0,670000.0,586.0,8893787.0,6024879.0,1684478.0,0.0,1184430.0,7.005164,True,"20/210 Recursos Específicos GAM/GAIOC",92.988709,62.992932,17.612007,0.0,7.011291,7.005164,0.006127
"1101","Gobierno Autónomo Municipal de Sucre","Chuquisaca","municipal","GAM",536787240.0,177707070.0,205732539.0,177707070.0,27772032.0,331054701.0,246192248.0,70288976.0,253437.0,14573477.0,33.105681,True,"20/210 Recursos Específicos GAM/GAIOC",61.673355,45.864028,13.094383,0.047214,38.326645,33.105681,5.17375
"1117","Gobierno Autónomo Municipal de Tarabuco","Chuquisaca","municipal","GAM",15379769.0,497000.0,500741.0,497000.0,3694.0,14879028.0,11016610.0,3145290.0,47.0,717128.0,3.231518,True,"20/210 Recursos Específicos GAM/GAIOC",96.744158,71.63053,20.450827,0.000306,3.255842,3.231518,0.024019
"1105","Gobierno Autónomo Municipal de Tarvita (Villa Orías)","Chuquisaca","municipal","GAM",19365374.0,152643.0,174643.0,152643.0,22000.0,17624877.0,13692820.0,3909361.0,0.0,22696.0,0.788226,True,"20/210 Recursos Específicos GAM/GAIOC",91.012324,70.707749,20.187377,0.0,0.901831,0.788226,0.113605
"1111","Gobierno Autónomo Municipal de Tomina","Chuquisaca","municipal","GAM",9760722.0,568890.0,618890.0,568890.0,50000.0,8950039.0,6934536.0,1979840.0,0.0,35663.0,5.82836,True,"20/210 Recursos Específicos GAM/GAIOC",91.694436,71.045318,20.283745,0.0,6.340617,5.82836,0.512257
"1113","Gobierno Autónomo Municipal de Villa Alcalá","Chuquisaca","municipal","GAM",8101707.0,1220000.0,1220000.0,1220000.0,0.0,6881707.0,3119336.0,890584.0,0.0,2871787.0,15.058555,True,"20/210 Recursos Específicos GAM/GAIOC",84.941445,38.502207,10.992548,0.0,15.058555,15.058555,0.0
"1104","Gobierno Autónomo Municipal de Villa Azurduy","Chuquisaca","municipal","GAM",16184792.0,600000.0,600000.0,600000.0,0.0,15584792.0,6535474.0,1865906.0,0.0,7183412.0,3.707184,True,"20/210 Recursos Específicos GAM/GAIOC",96.292816,40.38034,11.528761,0.0,3.707184,3.707184,0.0
"1129","Gobierno Autónomo Municipal de Villa Charcas","Chuquisaca","municipal","GAM",17118963.0,1400000.0,1600000.0,1400000.0,200000.0,15518963.0,12176128.0,3305035.0,0.0,37800.0,8.178065,True,"20/210 Recursos Específicos GAM/GAIOC",90.653639,71.126551,19.30628,0.0,9.346361,8.178065,1.168295
"1108","Gobierno Autónomo Municipal de Villa Mojocoya","Chuquisaca","municipal","GAM",10515624.0,900000.0,900000.0,900000.0,0.0,9615624.0,7458306.0,2129380.0,0.0,27938.0,8.558693,True,"20/210 Recursos Específicos GAM/GAIOC",91.441307,70.925948,20.249678,0.0,8.558693,8.558693,0.0
"1122","Gobierno Autónomo Municipal de Villa Serrano","Chuquisaca","municipal","GAM",12924183.0,1000000.0,1000109.0,1000000.0,109.0,11924074.0,7449992.0,2127006.0,0.0,2347076.0,7.737433,True,"20/210 Recursos Específicos GAM/GAIOC",92.261724,57.643814,16.457566,0.0,7.738276,7.737433,0.000843
"1126","Gobierno Autónomo Municipal de Villa Vaca Guzmán","Chuquisaca","municipal","GAM",16368235.0,720000.0,921865.0,720000.0,201865.0,15446370.0,10970884.0,3132236.0,0.0,1343250.0,4.398764,True,"20/210 Recursos Específicos GAM/GAIOC",94.367963,67.025455,19.136064,0.0,5.632037,4.398764,1.233273
"1106","Gobierno Autónomo Municipal de Villa Zudañez (Tacopaya)","Chuquisaca","municipal","GAM",15894480.0,1739325.0,1797325.0,1739325.0,58000.0,14097155.0,11047712.0,3011418.0,0.0,38025.0,10.94295,True,"20/210 Recursos Específicos GAM/GAIOC",88.692143,69.506596,18.946313,0.0,11.307857,10.94295,0.364907
"1118","Gobierno Autónomo Municipal de Yamparáez","Chuquisaca","municipal","GAM",12312010.0,400000.0,430000.0,400000.0,30000.0,11882010.0,7597487.0,2026364.0,0.0,2258159.0,3.24886,True,"20/210 Recursos Específicos GAM/GAIOC",96.507475,61.707934,16.458434,0.0,3.492525,3.24886,0.243665
"1102","Gobierno Autónomo Municipal de Yotala","Chuquisaca","municipal","GAM",12144616.0,1976360.0,2033083.0,1976360.0,45366.0,9986196.0,7760140.0,2193468.0,11357.0,32588.0,16.273549,True,"20/210 Recursos Específicos GAM/GAIOC",82.227351,63.89778,18.061238,0.093515,16.740612,16.273549,0.373548
"903","Gobierno Autónomo Departamental de Cochabamba","Cochabamba","departamental","GAD",1100548991.0,None,176643281.0,0.0,92359593.0,884603220.0,10546440.0,51863372.0,84283688.0,822193408.0,None,False,"No calculado para entidades no GAM/GAIOC",80.378359,0.958289,4.7125,7.658331,16.05047,0.0,8.392138
"3301","Gobierno Autónomo Indígena Originario Campesino del Territorio de Raqaypampa","Cochabamba","indigena_originario_campesino","GAIOC",7759242.0,107700.0,344739.0,107700.0,1000.0,7414503.0,6656856.0,752434.0,236039.0,5213.0,1.388022,True,"20/210 Recursos Específicos GAM/GAIOC",95.557053,85.792607,9.697262,3.042037,4.442947,1.388022,0.012888
"1319","Gobierno Autónomo Municipal Villa Gualberto Villarroel","Cochabamba","municipal","GAM",4771498.0,160000.0,170000.0,160000.0,10000.0,4601498.0,3224207.0,358785.0,0.0,1018506.0,3.353245,True,"20/210 Recursos Específicos GAM/GAIOC",96.437178,67.572217,7.519337,0.0,3.562822,3.353245,0.209578
"1307","Gobierno Autónomo Municipal de Aiquile","Cochabamba","municipal","GAM",25748151.0,3800000.0,4401316.0,3800000.0,601316.0,21312801.0,19121729.0,2161355.0,0.0,29717.0,14.758341,True,"20/210 Recursos Específicos GAM/GAIOC",82.774103,74.264474,8.394214,0.0,17.093717,14.758341,2.335375
"1344","Gobierno Autónomo Municipal de Alalay","Cochabamba","municipal","GAM",3528141.0,50000.0,50000.0,50000.0,0.0,3478141.0,3127404.0,335237.0,0.0,15500.0,1.417177,True,"20/210 Recursos Específicos GAM/GAIOC",98.582823,88.641695,9.501803,0.0,1.417177,1.417177,0.0
"1321","Gobierno Autónomo Municipal de Anzaldo","Cochabamba","municipal","GAM",7446837.0,300000.0,650000.0,300000.0,350000.0,6796837.0,6087361.0,688063.0,0.0,21413.0,4.028556,True,"20/210 Recursos Específicos GAM/GAIOC",91.271462,81.744249,9.239668,0.0,8.728538,4.028556,4.699982
"1336","Gobierno Autónomo Municipal de Arani","Cochabamba","municipal","GAM",14051831.0,1500000.0,1500000.0,1500000.0,0.0,12480761.0,9836871.0,1072314.0,0.0,1571576.0,10.674765,True,"20/210 Recursos Específicos GAM/GAIOC",88.819464,70.004194,7.631134,0.0,10.674765,10.674765,0.0
"1322","Gobierno Autónomo Municipal de Arbieto","Cochabamba","municipal","GAM",35523205.0,2980000.0,3001141.0,2980000.0,20000.0,28192410.0,25318831.0,2861823.0,1141.0,11756.0,8.388883,True,"20/210 Recursos Específicos GAM/GAIOC",79.363363,71.274062,8.056207,0.003212,8.448396,8.388883,0.056301
"1338","Gobierno Autónomo Municipal de Arque","Cochabamba","municipal","GAM",13660801.0,331000.0,609491.0,331000.0,70000.0,13051310.0,8841721.0,999392.0,208491.0,3210197.0,2.422991,True,"20/210 Recursos Específicos GAM/GAIOC",95.538395,64.723298,7.315764,1.526199,4.461605,2.422991,0.512415
"1340","Gobierno Autónomo Municipal de Bolivar","Cochabamba","municipal","GAM",7855912.0,180000.0,242122.0,180000.0,3000.0,7610556.0,6839818.0,770288.0,59122.0,450.0,2.291268,True,"20/210 Recursos Específicos GAM/GAIOC",96.876798,87.065868,9.805201,0.75258,3.082036,2.291268,0.038188
"1327","Gobierno Autónomo Municipal de Capinota","Cochabamba","municipal","GAM",21527872.0,3063000.0,3498747.0,3063000.0,426195.0,18029125.0,16038142.0,1812814.0,9552.0,178169.0,14.228067,True,"20/210 Recursos Específicos GAM/GAIOC",83.747827,74.49943,8.420777,0.04437,16.252173,14.228067,1.979736
"1334","Gobierno Autónomo Municipal de Chimoré","Cochabamba","municipal","GAM",37932967.0,5008038.0,6050455.0,5008038.0,1042417.0,31582512.0,23258182.0,2572389.0,0.0,5751941.0,13.202337,True,"20/210 Recursos Específicos GAM/GAIOC",83.258744,61.313901,6.781407,0.0,15.950387,13.202337,2.74805
"1324","Gobierno Autónomo Municipal de Cliza","Cochabamba","municipal","GAM",36582558.0,10048000.0,10120000.0,10048000.0,72000.0,26462558.0,17756710.0,1961853.0,0.0,6743995.0,27.466641,True,"20/210 Recursos Específicos GAM/GAIOC",72.336544,48.538733,5.36281,0.0,27.663456,27.466641,0.196815
"1346","Gobierno Autónomo Municipal de Cocapata","Cochabamba","municipal","GAM",26506372.0,457156.0,7587303.0,457156.0,25929.0,18919069.0,17082205.0,1829353.0,7104218.0,7511.0,1.724702,True,"20/210 Recursos Específicos GAM/GAIOC",71.375551,64.445655,6.901559,26.801925,28.624449,1.724702,0.097822
"1301","Gobierno Autónomo Municipal de Cochabamba","Cochabamba","municipal","GAM",1632368430.0,880853555.0,887184608.0,880853555.0,6330751.0,668045349.0,579416754.0,64005295.0,302.0,24623300.0,53.961688,True,"20/210 Recursos Específicos GAM/GAIOC",40.924912,35.495464,3.921008,1.9e-05,54.349532,53.961688,0.387826
"1306","Gobierno Autónomo Municipal de Colcapirhua","Cochabamba","municipal","GAM",136788496.0,56500000.0,57101344.0,56500000.0,601344.0,72973639.0,62066421.0,6224236.0,0.0,4682982.0,41.304643,True,"20/210 Recursos Específicos GAM/GAIOC",53.34779,45.374006,4.550263,0.0,41.744259,41.304643,0.439616
"1313","Gobierno Autónomo Municipal de Colomi","Cochabamba","municipal","GAM",20489492.0,2575000.0,2600000.0,2575000.0,25000.0,17889492.0,16060589.0,1815351.0,0.0,13552.0,12.567417,True,"20/210 Recursos Específicos GAM/GAIOC",87.310569,78.384515,8.859912,0.0,12.689431,12.567417,0.122014
"1345","Gobierno Autónomo Municipal de Entre Rios","Cochabamba","municipal","GAM",59456897.0,10332540.0,11143261.0,10332540.0,810721.0,48265900.0,37919229.0,4519290.0,0.0,5827381.0,17.378203,True,"20/210 Recursos Específicos GAM/GAIOC",81.177967,63.775997,7.600952,0.0,18.741747,17.378203,1.363544
"1310","Gobierno Autónomo Municipal de Independencia","Cochabamba","municipal","GAM",25066704.0,1577500.0,2821623.0,1577500.0,70494.0,22245081.0,18055069.0,2040789.0,1173629.0,2149223.0,6.293209,True,"20/210 Recursos Específicos GAM/GAIOC",88.743542,72.028094,8.141433,4.682024,11.256458,6.293209,0.281226
"1342","Gobierno Autónomo Municipal de Mizque","Cochabamba","municipal","GAM",26652742.0,2669600.0,4262357.0,2669600.0,522051.0,22390385.0,16499558.0,1864969.0,1070706.0,4025858.0,10.01623,True,"20/210 Recursos Específicos GAM/GAIOC",84.007811,61.905668,6.997288,4.017245,15.992189,10.01623,1.958714
"1311","Gobierno Autónomo Municipal de Morochata","Cochabamba","municipal","GAM",24730065.0,1000000.0,1000059.0,1000000.0,59.0,23730006.0,12136478.0,1371803.0,0.0,10221725.0,4.043661,True,"20/210 Recursos Específicos GAM/GAIOC",95.9561,49.075803,5.547106,0.0,4.0439,4.043661,0.000239
"1309","Gobierno Autónomo Municipal de Omereque","Cochabamba","municipal","GAM",8441040.0,482370.0,579159.0,482370.0,96789.0,7861881.0,5551952.0,627546.0,0.0,1682383.0,5.71458,True,"20/210 Recursos Específicos GAM/GAIOC",93.138772,65.773317,7.434463,0.0,6.861228,5.71458,1.146648
"1308","Gobierno Autónomo Municipal de Pasorapa","Cochabamba","municipal","GAM",6595000.0,454501.0,495501.0,454501.0,41000.0,6099499.0,5477363.0,607811.0,0.0,14325.0,6.8916,True,"20/210 Recursos Específicos GAM/GAIOC",92.486717,83.053268,9.21624,0.0,7.513283,6.8916,0.621683
"1333","Gobierno Autónomo Municipal de Pocona","Cochabamba","municipal","GAM",11603755.0,198000.0,200000.0,198000.0,2000.0,11403755.0,10156132.0,1147962.0,0.0,99661.0,1.706344,True,"20/210 Recursos Específicos GAM/GAIOC",98.27642,87.52453,9.893022,0.0,1.72358,1.706344,0.017236
"1332","Gobierno Autónomo Municipal de Pojo","Cochabamba","municipal","GAM",14766564.0,1963500.0,2000000.0,1963500.0,36500.0,12766564.0,10243533.0,1112628.0,0.0,1410403.0,13.296932,True,"20/210 Recursos Específicos GAM/GAIOC",86.455888,69.36978,7.534779,0.0,13.544112,13.296932,0.24718
"1335","Gobierno Autónomo Municipal de Puerto Villarroel","Cochabamba","municipal","GAM",89805237.0,12541463.0,16313774.0,12541463.0,3772311.0,71989463.0,55077957.0,6046628.0,0.0,10864878.0,13.96518,True,"20/210 Recursos Específicos GAM/GAIOC",80.161765,61.330451,6.733046,0.0,18.165727,13.96518,4.200547
"1315","Gobierno Autónomo Municipal de Punata","Cochabamba","municipal","GAM",62651031.0,14030000.0,21373582.0,14030000.0,7343582.0,39101254.0,29142815.0,3417129.0,0.0,6541310.0,22.393885,True,"20/210 Recursos Específicos GAM/GAIOC",62.41119,46.516098,5.454226,0.0,34.115292,22.393885,11.721406
"1302","Gobierno Autónomo Municipal de Quillacollo","Cochabamba","municipal","GAM",315423173.0,131423720.0,132320658.0,131423720.0,896938.0,177408822.0,154367663.0,19083377.0,0.0,3957782.0,41.665842,True,"20/210 Recursos Específicos GAM/GAIOC",56.244701,48.939861,6.050087,0.0,41.950202,41.665842,0.28436
"1312","Gobierno Autónomo Municipal de Sacaba","Cochabamba","municipal","GAM",330508349.0,113500000.0,114330000.0,113500000.0,830000.0,216178349.0,191658084.0,20533069.0,0.0,3987196.0,34.341039,True,"20/210 Recursos Específicos GAM/GAIOC",65.407833,57.988878,6.212572,0.0,34.592167,34.341039,0.251128
"1323","Gobierno Autónomo Municipal de Sacabamba","Cochabamba","municipal","GAM",4648017.0,19000.0,20000.0,19000.0,1000.0,4628017.0,4117823.0,465444.0,0.0,44750.0,0.408776,True,"20/210 Recursos Específicos GAM/GAIOC",99.569709,88.593114,10.013819,0.0,0.430291,0.408776,0.021515
"1317","Gobierno Autónomo Municipal de San Benito (Villa José Quintín Mendoza)","Cochabamba","municipal","GAM",25297045.0,2570000.0,2606569.0,2570000.0,30000.0,19528924.0,10744749.0,1214494.0,6569.0,7569681.0,10.159289,True,"20/210 Recursos Específicos GAM/GAIOC",77.19844,42.474325,4.800932,0.025967,10.303848,10.159289,0.118591
"1328","Gobierno Autónomo Municipal de Santivañez","Cochabamba","municipal","GAM",11361634.0,3931000.0,4062594.0,3931000.0,130000.0,7299040.0,6541294.0,739371.0,1594.0,18375.0,34.598897,True,"20/210 Recursos Específicos GAM/GAIOC",64.242872,57.573532,6.507611,0.01403,35.757128,34.598897,1.144202
"1347","Gobierno Autónomo Municipal de Shinahota","Cochabamba","municipal","GAM",30585034.0,4800018.0,5518461.0,4800018.0,718443.0,25066573.0,22502949.0,2543540.0,0.0,20084.0,15.694009,True,"20/210 Recursos Específicos GAM/GAIOC",81.956989,73.575033,8.31629,0.0,18.043011,15.694009,2.349002
"1329","Gobierno Autónomo Municipal de Sicaya","Cochabamba","municipal","GAM",4373205.0,455000.0,646242.0,455000.0,5000.0,3726963.0,3323118.0,371095.0,186242.0,32750.0,10.404269,True,"20/210 Recursos Específicos GAM/GAIOC",85.222691,75.98816,8.485653,4.258707,14.777309,10.404269,0.114333
"1303","Gobierno Autónomo Municipal de Sipe Sipe","Cochabamba","municipal","GAM",70839127.0,13568294.0,13725878.0,13568294.0,156957.0,57113249.0,51845532.0,5224937.0,627.0,42780.0,19.153672,True,"20/210 Recursos Específicos GAM/GAIOC",80.623875,73.187706,7.375778,0.000885,19.376125,19.153672,0.221568
"1318","Gobierno Autónomo Municipal de Tacachi","Cochabamba","municipal","GAM",1363498.0,170000.0,180000.0,170000.0,10000.0,1183498.0,1060840.0,119908.0,0.0,2750.0,12.467932,True,"20/210 Recursos Específicos GAM/GAIOC",86.798661,77.802828,8.794146,0.0,13.201339,12.467932,0.733408
"1339","Gobierno Autónomo Municipal de Tacopaya","Cochabamba","municipal","GAM",10749066.0,512613.0,650000.0,512613.0,31000.0,10099066.0,9085742.0,991311.0,106387.0,22013.0,4.768907,True,"20/210 Recursos Específicos GAM/GAIOC",93.952963,84.525874,9.222299,0.989733,6.047037,4.768907,0.288397
"1330","Gobierno Autónomo Municipal de Tapacari","Cochabamba","municipal","GAM",23450715.0,500000.0,739160.0,500000.0,0.0,22711555.0,20397065.0,2305509.0,239160.0,8981.0,2.132131,True,"20/210 Recursos Específicos GAM/GAIOC",96.848028,86.978435,9.831295,1.019841,3.151972,2.132131,0.0
"1320","Gobierno Autónomo Municipal de Tarata","Cochabamba","municipal","GAM",11827815.0,1297475.0,1333116.0,1297475.0,34790.0,10494699.0,9402549.0,1055775.0,851.0,36375.0,10.969693,True,"20/210 Recursos Específicos GAM/GAIOC",88.728975,79.495232,8.926205,0.007195,11.271025,10.969693,0.294137
"1304","Gobierno Autónomo Municipal de Tiquipaya","Cochabamba","municipal","GAM",128326653.0,50350900.0,51050900.0,50350900.0,700000.0,72216066.0,55212977.0,5788675.0,0.0,11214414.0,39.23651,True,"20/210 Recursos Específicos GAM/GAIOC",56.275189,43.025339,4.510891,0.0,39.781993,39.23651,0.545483
"1341","Gobierno Autónomo Municipal de Tiraque","Cochabamba","municipal","GAM",18867960.0,1933525.0,2018835.0,1933525.0,85000.0,16849125.0,15122793.0,1709351.0,310.0,16981.0,10.247663,True,"20/210 Recursos Específicos GAM/GAIOC",89.300195,80.150652,9.059543,0.001643,10.699805,10.247663,0.450499
"1325","Gobierno Autónomo Municipal de Toco","Cochabamba","municipal","GAM",10016954.0,500000.0,500000.0,500000.0,0.0,9516954.0,5992583.0,677350.0,0.0,2847021.0,4.991537,True,"20/210 Recursos Específicos GAM/GAIOC",95.008463,59.824404,6.762036,0.0,4.991537,4.991537,0.0
"1326","Gobierno Autónomo Municipal de Tolata","Cochabamba","municipal","GAM",15289728.0,1980000.0,2000000.0,1980000.0,20000.0,13289728.0,6528930.0,842762.0,0.0,5918036.0,12.949871,True,"20/210 Recursos Específicos GAM/GAIOC",86.919323,42.701414,5.511949,0.0,13.080677,12.949871,0.130807
"1331","Gobierno Autónomo Municipal de Totora","Cochabamba","municipal","GAM",19686463.0,1231353.0,1303952.0,1231353.0,72599.0,18382511.0,12276150.0,1387591.0,0.0,4718770.0,6.254821,True,"20/210 Recursos Específicos GAM/GAIOC",93.376403,62.358332,7.048453,0.0,6.623597,6.254821,0.368776
"1337","Gobierno Autónomo Municipal de Vacas","Cochabamba","municipal","GAM",9168031.0,557000.0,712220.0,557000.0,155220.0,8455811.0,7604372.0,831714.0,0.0,19725.0,6.075459,True,"20/210 Recursos Específicos GAM/GAIOC",92.231484,82.94444,9.071893,0.0,7.768516,6.075459,1.693057
"1343","Gobierno Autónomo Municipal de Vila Vila","Cochabamba","municipal","GAM",5177409.0,250000.0,265000.0,250000.0,15000.0,4912409.0,4409801.0,490533.0,0.0,12075.0,4.82867,True,"20/210 Recursos Específicos GAM/GAIOC",94.88161,85.173897,9.474488,0.0,5.11839,4.82867,0.28972
"1316","Gobierno Autónomo Municipal de Villa Rivero","Cochabamba","municipal","GAM",8682894.0,730000.0,750000.0,730000.0,20000.0,7932894.0,7109126.0,803555.0,0.0,20213.0,8.407335,True,"20/210 Recursos Específicos GAM/GAIOC",91.362327,81.875075,9.254461,0.0,8.637673,8.407335,0.230338
"1314","Gobierno Autónomo Municipal de Villa Tunari","Cochabamba","municipal","GAM",106261435.0,9695500.0,14107266.0,9695500.0,4411734.0,92154169.0,79469904.0,8982595.0,32.0,3701670.0,9.124194,True,"20/210 Recursos Específicos GAM/GAIOC",86.724002,74.787155,8.453297,3e-05,13.275998,9.124194,4.151773
"1305","Gobierno Autónomo Municipal de Vinto","Cochabamba","municipal","GAM",81379151.0,23000000.0,23558740.0,23000000.0,558740.0,51740924.0,46368529.0,5241101.0,0.0,131294.0,28.262767,True,"20/210 Recursos Específicos GAM/GAIOC",63.580073,56.978389,6.440349,0.0,28.949356,28.262767,0.686589
"902","Gobierno Autónomo Departamental de La Paz","La Paz","departamental","GAD",1677807458.0,None,427628325.0,0.0,142627193.0,1210438947.0,3000.0,51866372.0,285001132.0,1158569575.0,None,False,"No calculado para entidades no GAM/GAIOC",72.144091,0.000179,3.091318,16.986522,25.48733,0.0,8.500808
"1204","Gobierno Autónomo Municipal Ecológico Productivo de Achocalla","La Paz","municipal","GAM",110473572.0,62000000.0,62000000.0,62000000.0,0.0,48473572.0,38299991.0,3991459.0,0.0,6182122.0,56.12202,True,"20/210 Recursos Específicos GAM/GAIOC",43.87798,34.668917,3.613044,0.0,56.12202,56.12202,0.0
"1224","Gobierno Autónomo Municipal de Achacachi","La Paz","municipal","GAM",45067967.0,1449700.0,1689700.0,1449700.0,240000.0,43242703.0,39128045.0,4077756.0,0.0,36902.0,3.216697,True,"20/210 Recursos Específicos GAM/GAIOC",95.949975,86.82008,9.048014,0.0,3.749226,3.216697,0.532529
"1285","Gobierno Autónomo Municipal de Alto Beni","La Paz","municipal","GAM",10227654.0,572089.0,574263.0,572089.0,2174.0,9653391.0,8728653.0,909663.0,0.0,15075.0,5.593551,True,"20/210 Recursos Específicos GAM/GAIOC",94.385193,85.343648,8.894151,0.0,5.614807,5.593551,0.021256
"1225","Gobierno Autónomo Municipal de Ancoraimes","La Paz","municipal","GAM",22464885.0,1630000.0,1682533.0,1630000.0,0.0,20782352.0,14050314.0,1464263.0,52533.0,5267775.0,7.255768,True,"20/210 Recursos Específicos GAM/GAIOC",92.510387,62.543449,6.518008,0.233845,7.489613,7.255768,0.0
"1249","Gobierno Autónomo Municipal de Apolo","La Paz","municipal","GAM",18833316.0,700000.0,1331090.0,700000.0,0.0,17502226.0,15835285.0,1650286.0,631090.0,16655.0,3.716818,True,"20/210 Recursos Específicos GAM/GAIOC",92.932259,84.081237,8.762589,3.350923,7.067741,3.716818,0.0
"1237","Gobierno Autónomo Municipal de Aucapata","La Paz","municipal","GAM",6443660.0,5000.0,260488.0,5000.0,0.0,6183172.0,5586870.0,582239.0,255488.0,14063.0,0.077596,True,"20/210 Recursos Específicos GAM/GAIOC",95.957453,86.703364,9.035843,3.964952,4.042547,0.077596,0.0
"1236","Gobierno Autónomo Municipal de Ayata","La Paz","municipal","GAM",9509993.0,10000.0,171596.0,10000.0,0.0,9338397.0,7446666.0,776060.0,161596.0,1115671.0,0.105153,True,"20/210 Recursos Específicos GAM/GAIOC",98.195624,78.303591,8.160469,1.699223,1.804376,0.105153,0.0
"1213","Gobierno Autónomo Municipal de Ayo Ayo","La Paz","municipal","GAM",11357460.0,1000000.0,1004989.0,1000000.0,0.0,10352471.0,9353851.0,974818.0,4989.0,23802.0,8.804786,True,"20/210 Recursos Específicos GAM/GAIOC",91.151287,82.358652,8.583063,0.043927,8.848713,8.804786,0.0
"1263","Gobierno Autónomo Municipal de Batallas","La Paz","municipal","GAM",30560704.0,650000.0,650000.0,650000.0,0.0,29910704.0,17895774.0,1876437.0,0.0,10138493.0,2.126914,True,"20/210 Recursos Específicos GAM/GAIOC",97.873086,58.558121,6.140032,0.0,2.126914,2.126914,0.0
"1255","Gobierno Autónomo Municipal de Cairoma","La Paz","municipal","GAM",15730198.0,300000.0,1100259.0,300000.0,0.0,14629939.0,11354150.0,1183280.0,800259.0,2092509.0,1.90716,True,"20/210 Recursos Específicos GAM/GAIOC",93.005435,72.180592,7.522347,5.087406,6.994565,1.90716,0.0
"1220","Gobierno Autónomo Municipal de Cajuata","La Paz","municipal","GAM",16790899.0,70000.0,826375.0,70000.0,0.0,15964524.0,12873912.0,1341664.0,756375.0,1748948.0,0.416893,True,"20/210 Recursos Específicos GAM/GAIOC",95.078435,76.671964,7.990424,4.504672,4.921565,0.416893,0.0
"1240","Gobierno Autónomo Municipal de Calacoto","La Paz","municipal","GAM",11257213.0,114227.0,185468.0,114227.0,0.0,11071745.0,10023943.0,1044652.0,71241.0,3150.0,1.014701,True,"20/210 Recursos Específicos GAM/GAIOC",98.352452,89.044624,9.279846,0.632848,1.647548,1.014701,0.0
"1214","Gobierno Autónomo Municipal de Calamarca","La Paz","municipal","GAM",37537262.0,10000000.0,10000000.0,10000000.0,0.0,27537262.0,12702647.0,1323816.0,0.0,13510799.0,26.640196,True,"20/210 Recursos Específicos GAM/GAIOC",73.359804,33.8401,3.526672,0.0,26.640196,26.640196,0.0
"1239","Gobierno Autónomo Municipal de Caquiaviri","La Paz","municipal","GAM",14233739.0,20000.0,32870.0,20000.0,0.0,14200869.0,12856453.0,1339844.0,12870.0,4572.0,0.140511,True,"20/210 Recursos Específicos GAM/GAIOC",99.76907,90.323793,9.413156,0.090419,0.23093,0.140511,0.0
"1248","Gobierno Autónomo Municipal de Carabuco","La Paz","municipal","GAM",18411309.0,700000.0,2182572.0,700000.0,0.0,16228737.0,14339634.0,1494414.0,1482572.0,394689.0,3.802011,True,"20/210 Recursos Específicos GAM/GAIOC",88.145482,77.884924,8.116826,8.052507,11.854518,3.802011,0.0
"1210","Gobierno Autónomo Municipal de Caranavi","La Paz","municipal","GAM",87897286.0,8735396.0,8946846.0,8735396.0,5070.0,78950440.0,49079657.0,5114870.0,206380.0,24755913.0,9.938186,True,"20/210 Recursos Específicos GAM/GAIOC",89.821249,55.837511,5.819144,0.234797,10.178751,9.938186,0.005768
"1275","Gobierno Autónomo Municipal de Catacora","La Paz","municipal","GAM",4890386.0,1000.0,1000.0,1000.0,0.0,4889386.0,4427927.0,461459.0,0.0,0.0,0.020448,True,"20/210 Recursos Específicos GAM/GAIOC",99.979552,90.543507,9.436045,0.0,0.020448,0.020448,0.0
"1273","Gobierno Autónomo Municipal de Chacarilla","La Paz","municipal","GAM",2174255.0,50000.0,303751.0,50000.0,0.0,1870504.0,1688532.0,175972.0,253751.0,6000.0,2.299638,True,"20/210 Recursos Específicos GAM/GAIOC",86.029652,77.660256,8.093439,11.67071,13.970348,2.299638,0.0
"1242","Gobierno Autónomo Municipal de Charaña","La Paz","municipal","GAM",5100585.0,300000.0,300000.0,300000.0,0.0,4800585.0,3428609.0,357315.0,0.0,1014661.0,5.881678,True,"20/210 Recursos Específicos GAM/GAIOC",94.118322,67.219917,7.005373,0.0,5.881678,5.881678,0.0
"1287","Gobierno Autónomo Municipal de Chua Cocani","La Paz","municipal","GAM",7448504.0,850000.0,850000.0,850000.0,0.0,6598504.0,5971799.0,622355.0,0.0,4350.0,11.411688,True,"20/210 Recursos Específicos GAM/GAIOC",88.588312,80.174475,8.355436,0.0,11.411688,11.411688,0.0
"1256","Gobierno Autónomo Municipal de Chulumani (Villa de la Libertad)","La Paz","municipal","GAM",29064222.0,1200000.0,1200000.0,1200000.0,0.0,27864222.0,15195955.0,1583657.0,0.0,11084610.0,4.128788,True,"20/210 Recursos Específicos GAM/GAIOC",95.871212,52.284059,5.44882,0.0,4.128788,4.128788,0.0
"1235","Gobierno Autónomo Municipal de Chuma","La Paz","municipal","GAM",16437519.0,50000.0,204697.0,50000.0,0.0,16232822.0,14691307.0,1531065.0,154697.0,10450.0,0.304182,True,"20/210 Recursos Específicos GAM/GAIOC",98.754696,89.376669,9.314453,0.941121,1.245304,0.304182,0.0
"1217","Gobierno Autónomo Municipal de Collana","La Paz","municipal","GAM",8833532.0,250000.0,343976.0,250000.0,0.0,8489556.0,4593372.0,478702.0,93976.0,3417482.0,2.830125,True,"20/210 Recursos Específicos GAM/GAIOC",96.10602,51.999268,5.419146,1.063855,3.89398,2.830125,0.0
"1216","Gobierno Autónomo Municipal de Colquencha","La Paz","municipal","GAM",12947346.0,170000.0,376830.0,170000.0,0.0,12570516.0,10262549.0,1069519.0,206830.0,1238448.0,1.31301,True,"20/210 Recursos Específicos GAM/GAIOC",97.089519,79.263727,8.260527,1.59747,2.910481,1.31301,0.0
"1221","Gobierno Autónomo Municipal de Colquiri","La Paz","municipal","GAM",29951096.0,560000.0,8292402.0,560000.0,0.0,21538356.0,19500838.0,2032293.0,7732402.0,5225.0,1.869715,True,"20/210 Recursos Específicos GAM/GAIOC",71.911746,65.10893,6.785371,25.816758,27.686473,1.869715,0.0
"1241","Gobierno Autónomo Municipal de Comanche","La Paz","municipal","GAM",5349775.0,80000.0,81195.0,80000.0,0.0,5268580.0,4324005.0,450629.0,1195.0,493946.0,1.49539,True,"20/210 Recursos Específicos GAM/GAIOC",98.482273,80.825923,8.423326,0.022337,1.517727,1.49539,0.0
"1231","Gobierno Autónomo Municipal de Combaya","La Paz","municipal","GAM",3478989.0,230889.0,231325.0,230889.0,436.0,3247664.0,2911491.0,303423.0,0.0,32750.0,6.636669,True,"20/210 Recursos Específicos GAM/GAIOC",93.350798,83.687847,8.721585,0.0,6.649202,6.636669,0.012532
"1232","Gobierno Autónomo Municipal de Copacabana","La Paz","municipal","GAM",19251842.0,1800000.0,1800104.0,1800000.0,104.0,17451738.0,15496744.0,1510270.0,0.0,444724.0,9.349755,True,"20/210 Recursos Específicos GAM/GAIOC",90.649705,80.494864,7.844808,0.0,9.350295,9.349755,0.00054
"1266","Gobierno Autónomo Municipal de Coripata","La Paz","municipal","GAM",27291772.0,650000.0,843521.0,650000.0,3735.0,25313785.0,20678284.0,2071629.0,189786.0,2563872.0,2.38167,True,"20/210 Recursos Específicos GAM/GAIOC",92.752442,75.767466,7.590672,0.695396,3.090752,2.38167,0.013685
"1238","Gobierno Autónomo Municipal de Corocoro","La Paz","municipal","GAM",15484722.0,120000.0,968909.0,120000.0,0.0,14515813.0,11136328.0,1160581.0,848909.0,2218904.0,0.774957,True,"20/210 Recursos Específicos GAM/GAIOC",93.742807,71.918166,7.495007,5.482236,6.257193,0.774957,0.0
"1265","Gobierno Autónomo Municipal de Coroico","La Paz","municipal","GAM",27925251.0,1431384.0,2389363.0,1431384.0,0.0,25289909.0,22888709.0,2385362.0,957979.0,15838.0,5.12577,True,"20/210 Recursos Específicos GAM/GAIOC",90.562871,81.964202,8.541954,3.430512,8.556281,5.12577,0.0
"1270","Gobierno Autónomo Municipal de Curva","La Paz","municipal","GAM",9161783.0,40000.0,1196554.0,40000.0,0.0,7965229.0,5339951.0,556507.0,1156554.0,2068771.0,0.436596,True,"20/210 Recursos Específicos GAM/GAIOC",86.939726,58.285063,6.074222,12.623678,13.060274,0.436596,0.0
"1209","Gobierno Autónomo Municipal de Desaguadero","La Paz","municipal","GAM",13436897.0,3800000.0,3896531.0,3800000.0,0.0,7233744.0,6540463.0,681618.0,96531.0,11663.0,28.280339,True,"20/210 Recursos Específicos GAM/GAIOC",53.834929,48.675397,5.072734,0.718402,28.998741,28.280339,0.0
"1205","Gobierno Autónomo Municipal de El Alto de La Paz","La Paz","municipal","GAM",1490573041.0,429481700.0,436814709.0,429481700.0,7063057.0,1018846048.0,875554634.0,86201057.0,269952.0,57090357.0,28.813194,True,"20/210 Recursos Específicos GAM/GAIOC",68.352642,58.739465,5.783082,0.018111,29.305153,28.813194,0.473848
"1283","Gobierno Autónomo Municipal de Escoma","La Paz","municipal","GAM",8340439.0,245500.0,245500.0,245500.0,0.0,8094939.0,7324453.0,763323.0,0.0,7163.0,2.94349,True,"20/210 Recursos Específicos GAM/GAIOC",97.05651,87.818555,9.152072,0.0,2.94349,2.94349,0.0
"1269","Gobierno Autónomo Municipal de General Juan José Pérez (Charazani)","La Paz","municipal","GAM",15766181.0,65000.0,122978.0,65000.0,0.0,15643203.0,13180691.0,1373634.0,57978.0,1088878.0,0.412275,True,"20/210 Recursos Específicos GAM/GAIOC",99.219989,83.601038,8.712535,0.367736,0.780011,0.412275,0.0
"1227","Gobierno Autónomo Municipal de Guanay","La Paz","municipal","GAM",20610091.0,1221600.0,5475015.0,1221600.0,32.0,15135076.0,13612177.0,1418602.0,4253383.0,104297.0,5.927194,True,"20/210 Recursos Específicos GAM/GAIOC",73.43527,66.046176,6.883046,20.637381,26.56473,5.927194,0.000155
"1207","Gobierno Autónomo Municipal de Guaqui","La Paz","municipal","GAM",8793424.0,880000.0,880000.0,880000.0,0.0,7913424.0,7149032.0,745042.0,0.0,19350.0,10.007478,True,"20/210 Recursos Específicos GAM/GAIOC",89.992522,81.299753,8.472718,0.0,10.007478,10.007478,0.0
"1281","Gobierno Autónomo Municipal de Huarina","La Paz","municipal","GAM",10914396.0,1126000.0,1126000.0,1126000.0,0.0,9788396.0,7197252.0,750067.0,0.0,1841077.0,10.31665,True,"20/210 Recursos Específicos GAM/GAIOC",89.68335,65.942742,6.872272,0.0,10.31665,10.31665,0.0
"1286","Gobierno Autónomo Municipal de Huatajata","La Paz","municipal","GAM",6951578.0,1200000.0,1200000.0,1200000.0,0.0,5751578.0,4236710.0,441532.0,0.0,1073336.0,17.262268,True,"20/210 Recursos Específicos GAM/GAIOC",82.737732,60.946018,6.351536,0.0,17.262268,17.262268,0.0
"1284","Gobierno Autónomo Municipal de Humanata","La Paz","municipal","GAM",5501945.0,345000.0,345000.0,345000.0,0.0,5156945.0,4668196.0,486499.0,0.0,2250.0,6.27051,True,"20/210 Recursos Específicos GAM/GAIOC",93.72949,84.846286,8.842309,0.0,6.27051,6.27051,0.0
"1222","Gobierno Autónomo Municipal de Ichoca","La Paz","municipal","GAM",9486150.0,25000.0,521180.0,25000.0,0.0,8953100.0,7928035.0,826226.0,496180.0,198839.0,0.263542,True,"20/210 Recursos Específicos GAM/GAIOC",94.380755,83.574843,8.709814,5.230573,5.494115,0.263542,0.0
"1218","Gobierno Autónomo Municipal de Inquisivi","La Paz","municipal","GAM",23286166.0,2500000.0,2934238.0,2500000.0,0.0,20082452.0,15600005.0,1625765.0,434238.0,2856682.0,10.735988,True,"20/210 Recursos Específicos GAM/GAIOC",86.241986,66.992587,6.981677,1.86479,12.600778,10.735988,0.0
"1257","Gobierno Autónomo Municipal de Irupana (Villa de Lanza)","La Paz","municipal","GAM",26478359.0,734347.0,2212030.0,734347.0,56618.0,24266329.0,19184913.0,1999369.0,1421065.0,3082047.0,2.773386,True,"20/210 Recursos Específicos GAM/GAIOC",91.645895,72.455068,7.550955,5.366892,8.354105,2.773386,0.213827
"1267","Gobierno Autónomo Municipal de Ixiamas","La Paz","municipal","GAM",23227708.0,1500000.0,1775973.0,1500000.0,107468.0,21154359.0,10381436.0,1081909.0,168505.0,9691014.0,6.457805,True,"20/210 Recursos Específicos GAM/GAIOC",91.073812,44.69419,4.657838,0.725448,7.645924,6.457805,0.462672
"1279","Gobierno Autónomo Municipal de Jesús de Machaca","La Paz","municipal","GAM",25394213.0,195000.0,350048.0,195000.0,5000.0,25044165.0,14097702.0,1469202.0,150048.0,9477261.0,0.767891,True,"20/210 Recursos Específicos GAM/GAIOC",98.621544,55.515412,5.785578,0.590875,1.378456,0.767891,0.01969
"1260","Gobierno Autónomo Municipal de La Asunta","La Paz","municipal","GAM",58639357.0,880000.0,1053509.0,880000.0,37123.0,57585848.0,38399266.0,3949698.0,136386.0,15236884.0,1.500699,True,"20/210 Recursos Específicos GAM/GAIOC",98.20341,65.483777,6.735575,0.232584,1.79659,1.500699,0.063307
"1201","Gobierno Autónomo Municipal de La Paz","La Paz","municipal","GAM",1724178990.0,955751585.0,979802085.0,955751585.0,22157490.0,714048399.0,643919065.0,68584714.0,1893010.0,1544620.0,55.432272,True,"20/210 Recursos Específicos GAM/GAIOC",41.413821,37.346416,3.977819,0.109792,56.827168,55.432272,1.285104
"1262","Gobierno Autónomo Municipal de Laja","La Paz","municipal","GAM",52102316.0,9453778.0,9456766.0,9453778.0,0.0,39646547.0,32101225.0,3345452.0,2988.0,4199870.0,18.144641,True,"20/210 Recursos Específicos GAM/GAIOC",76.093637,61.611896,6.420928,0.005735,18.150376,18.144641,0.0
"1251","Gobierno Autónomo Municipal de Luribay","La Paz","municipal","GAM",10677161.0,140000.0,140000.0,140000.0,0.0,9730582.0,8796827.0,916767.0,0.0,16988.0,1.31121,True,"20/210 Recursos Específicos GAM/GAIOC",91.134544,82.389195,8.586243,0.0,1.31121,1.31121,0.0
"1254","Gobierno Autónomo Municipal de Malla","La Paz","municipal","GAM",7739622.0,18000.0,383463.0,18000.0,45000.0,5538803.0,4045493.0,421604.0,320463.0,1071706.0,0.232569,True,"20/210 Recursos Específicos GAM/GAIOC",71.564257,52.269904,5.447346,4.140551,4.954544,0.232569,0.581424
"1276","Gobierno Autónomo Municipal de Mapiri","La Paz","municipal","GAM",25040043.0,1255000.0,5016199.0,1255000.0,0.0,20023844.0,18128230.0,1889246.0,3761199.0,6368.0,5.011972,True,"20/210 Recursos Específicos GAM/GAIOC",79.967291,72.39696,7.544899,15.020737,20.032709,5.011972,0.0
"1203","Gobierno Autónomo Municipal de Mecapaca","La Paz","municipal","GAM",27231767.0,8442191.0,8442191.0,8442191.0,0.0,18789576.0,17005868.0,1772278.0,0.0,11430.0,31.00126,True,"20/210 Recursos Específicos GAM/GAIOC",68.99874,62.448639,6.508127,0.0,31.00126,31.00126,0.0
"1247","Gobierno Autónomo Municipal de Mocomoco","La Paz","municipal","GAM",18856701.0,300000.0,300000.0,300000.0,0.0,18556701.0,14676342.0,1529505.0,0.0,2350854.0,1.590946,True,"20/210 Recursos Específicos GAM/GAIOC",98.409054,77.83091,8.111201,0.0,1.590946,1.590946,0.0
"1244","Gobierno Autónomo Municipal de Nazacara de Pacajes","La Paz","municipal","GAM",3711909.0,40000.0,40000.0,40000.0,0.0,3671909.0,3317204.0,345705.0,0.0,9000.0,1.077613,True,"20/210 Recursos Específicos GAM/GAIOC",98.922387,89.366523,9.313402,0.0,1.077613,1.077613,0.0
"1202","Gobierno Autónomo Municipal de Palca","La Paz","municipal","GAM",38601942.0,12300000.0,13812043.0,12300000.0,0.0,23013306.0,17991884.0,1875037.0,1512043.0,3146385.0,31.863682,True,"20/210 Recursos Específicos GAM/GAIOC",59.616964,46.608754,4.857364,3.917013,35.780695,31.863682,0.0
"1259","Gobierno Autónomo Municipal de Palos Blancos","La Paz","municipal","GAM",47454535.0,4000000.0,4180097.0,4000000.0,20047.0,42947898.0,22823090.0,2338922.0,160050.0,17785886.0,8.429121,True,"20/210 Recursos Específicos GAM/GAIOC",90.503253,48.094645,4.928764,0.33727,8.808635,8.429121,0.042245
"1272","Gobierno Autónomo Municipal de Papel Pampa","La Paz","municipal","GAM",7269599.0,1500000.0,1500000.0,1500000.0,0.0,5769599.0,5172843.0,539091.0,0.0,57665.0,20.633875,True,"20/210 Recursos Específicos GAM/GAIOC",79.366125,71.157199,7.415691,0.0,20.633875,20.633875,0.0
"1215","Gobierno Autónomo Municipal de Patacamaya","La Paz","municipal","GAM",28743849.0,5000000.0,5000000.0,5000000.0,0.0,23743849.0,20825225.0,2170315.0,0.0,748309.0,17.395026,True,"20/210 Recursos Específicos GAM/GAIOC",82.604974,72.451066,7.550537,0.0,17.395026,17.395026,0.0
"1250","Gobierno Autónomo Municipal de Pelechuco","La Paz","municipal","GAM",11659479.0,100000.0,1703548.0,100000.0,0.0,9955931.0,7476596.0,779178.0,1603548.0,1700157.0,0.857671,True,"20/210 Recursos Específicos GAM/GAIOC",85.389158,64.124615,6.682786,13.75317,14.610842,0.857671,0.0
"1261","Gobierno Autónomo Municipal de Pucarani","La Paz","municipal","GAM",65742628.0,2800000.0,3140331.0,2800000.0,0.0,62092738.0,41720393.0,4406233.0,340331.0,15966112.0,4.259033,True,"20/210 Recursos Específicos GAM/GAIOC",94.448214,63.460184,6.702247,0.517672,4.776704,4.259033,0.0
"1246","Gobierno Autónomo Municipal de Puerto Acosta","La Paz","municipal","GAM",17894764.0,1400310.0,1400480.0,1400310.0,170.0,16494284.0,11589430.0,1207801.0,0.0,3697053.0,7.82525,True,"20/210 Recursos Específicos GAM/GAIOC",92.1738,64.764363,6.749466,0.0,7.8262,7.82525,0.00095
"1264","Gobierno Autónomo Municipal de Puerto Pérez","La Paz","municipal","GAM",7948356.0,120000.0,120000.0,120000.0,0.0,7828356.0,6546282.0,682225.0,0.0,599849.0,1.509746,True,"20/210 Recursos Específicos GAM/GAIOC",98.490254,82.360201,8.583221,0.0,1.509746,1.509746,0.0
"1230","Gobierno Autónomo Municipal de Quiabaya","La Paz","municipal","GAM",4281427.0,50000.0,355455.0,50000.0,0.0,3925972.0,3509253.0,365719.0,305455.0,51000.0,1.167835,True,"20/210 Recursos Específicos GAM/GAIOC",91.697745,81.964565,8.541988,7.13442,8.302255,1.167835,0.0
"1219","Gobierno Autónomo Municipal de Quime","La Paz","municipal","GAM",12239928.0,634000.0,1957954.0,634000.0,40000.0,10281974.0,9298148.0,969013.0,1283954.0,14813.0,5.179769,True,"20/210 Recursos Específicos GAM/GAIOC",84.00355,75.965708,7.916819,10.489882,15.99645,5.179769,0.326799
"1278","Gobierno Autónomo Municipal de San Andrés de Machaca","La Paz","municipal","GAM",7853726.0,390000.0,390000.0,390000.0,0.0,7463726.0,6511364.0,678586.0,0.0,273776.0,4.965796,True,"20/210 Recursos Específicos GAM/GAIOC",95.034204,82.90796,8.640307,0.0,4.965796,4.965796,0.0
"1268","Gobierno Autónomo Municipal de San Buenaventura","La Paz","municipal","GAM",10276537.0,900000.0,940266.0,900000.0,40266.0,9312271.0,8409404.0,876392.0,0.0,26475.0,8.757814,True,"20/210 Recursos Específicos GAM/GAIOC",90.61682,81.831107,8.528087,0.0,9.149639,8.757814,0.391825
"1271","Gobierno Autónomo Municipal de San Pedro de Curahuara","La Paz","municipal","GAM",10385954.0,0.0,0.0,0.0,0.0,10385954.0,7518996.0,783598.0,0.0,2083360.0,0.0,True,"20/210 Recursos Específicos GAM/GAIOC",100.0,72.395815,7.544786,0.0,0.0,0.0,0.0
"1233","Gobierno Autónomo Municipal de San Pedro de Tiquina","La Paz","municipal","GAM",8560323.0,200000.0,200000.0,200000.0,0.0,8360323.0,7563059.0,788189.0,0.0,9075.0,2.33636,True,"20/210 Recursos Específicos GAM/GAIOC",97.66364,88.350159,9.207468,0.0,2.33636,2.33636,0.0
"1245","Gobierno Autónomo Municipal de Santiago de Callapa","La Paz","municipal","GAM",7949954.0,250000.0,250884.0,250000.0,0.0,7699070.0,6651938.0,710110.0,884.0,337022.0,3.144672,True,"20/210 Recursos Específicos GAM/GAIOC",96.844208,83.67266,8.932253,0.01112,3.155792,3.144672,0.0
"1282","Gobierno Autónomo Municipal de Santiago de Huata","La Paz","municipal","GAM",10133057.0,1619000.0,1619000.0,1619000.0,0.0,8513225.0,7696911.0,802139.0,0.0,14175.0,15.977409,True,"20/210 Recursos Específicos GAM/GAIOC",84.01438,75.95843,7.916061,0.0,15.977409,15.977409,0.0
"1274","Gobierno Autónomo Municipal de Santiago de Machaca","La Paz","municipal","GAM",11705478.0,175000.0,175000.0,175000.0,0.0,11530478.0,5625114.0,586225.0,0.0,5319139.0,1.495027,True,"20/210 Recursos Específicos GAM/GAIOC",98.504973,48.055398,5.008125,0.0,1.495027,1.495027,0.0
"1252","Gobierno Autónomo Municipal de Sapahaqui","La Paz","municipal","GAM",20042207.0,800000.0,800000.0,800000.0,0.0,19242207.0,13651251.0,1422674.0,0.0,4168282.0,3.991576,True,"20/210 Recursos Específicos GAM/GAIOC",96.008424,68.112514,7.09839,0.0,3.991576,3.991576,0.0
"1211","Gobierno Autónomo Municipal de Sica Sica (Villa Aroma)","La Paz","municipal","GAM",38535569.0,2609118.0,2611631.0,2609118.0,0.0,35923938.0,27889457.0,2906519.0,2513.0,5127962.0,6.770675,True,"20/210 Recursos Específicos GAM/GAIOC",93.222804,72.373285,7.542432,0.006521,6.777196,6.770675,0.0
"1226","Gobierno Autónomo Municipal de Sorata","La Paz","municipal","GAM",38465729.0,3000000.0,6275517.0,3000000.0,0.0,32190212.0,25958013.0,3101016.0,3275517.0,3131183.0,7.79915,True,"20/210 Recursos Específicos GAM/GAIOC",83.685433,67.483481,8.061763,8.515416,16.314567,7.79915,0.0
"1228","Gobierno Autónomo Municipal de Tacacoma","La Paz","municipal","GAM",10632316.0,100000.0,1694394.0,100000.0,0.0,8928720.0,8068538.0,840869.0,1594394.0,19313.0,0.940529,True,"20/210 Recursos Específicos GAM/GAIOC",83.977188,75.886928,7.908616,14.995736,15.936264,0.940529,0.0
"1280","Gobierno Autónomo Municipal de Taraco","La Paz","municipal","GAM",10836830.0,1498200.0,1498200.0,1498200.0,0.0,9338630.0,6244491.0,650774.0,0.0,2443365.0,13.825076,True,"20/210 Recursos Específicos GAM/GAIOC",86.174924,57.622856,6.005206,0.0,13.825076,13.825076,0.0
"1277","Gobierno Autónomo Municipal de Teoponte","La Paz","municipal","GAM",40897486.0,315450.0,7772258.0,315450.0,137.0,33125228.0,11197851.0,1166992.0,7456671.0,20760385.0,0.771319,True,"20/210 Recursos Específicos GAM/GAIOC",80.995756,27.380292,2.853457,18.23259,19.004244,0.771319,0.000335
"1208","Gobierno Autónomo Municipal de Tiahuanacu","La Paz","municipal","GAM",13479705.0,575971.0,575971.0,575971.0,0.0,12903734.0,11280157.0,1175570.0,0.0,448007.0,4.272875,True,"20/210 Recursos Específicos GAM/GAIOC",95.727125,83.682521,8.721037,0.0,4.272875,4.272875,0.0
"1229","Gobierno Autónomo Municipal de Tipuani","La Paz","municipal","GAM",13374478.0,500000.0,4744710.0,500000.0,0.0,8629768.0,6351739.0,661951.0,4244710.0,1616078.0,3.738464,True,"20/210 Recursos Específicos GAM/GAIOC",64.524148,47.491491,4.94936,31.737388,35.475852,3.738464,0.0
"1234","Gobierno Autónomo Municipal de Tito Yupanqui","La Paz","municipal","GAM",6950684.0,50000.0,50000.0,50000.0,0.0,6900684.0,6245323.0,650861.0,0.0,4500.0,0.719354,True,"20/210 Recursos Específicos GAM/GAIOC",99.280646,89.85192,9.363985,0.0,0.719354,0.719354,0.0
"1212","Gobierno Autónomo Municipal de Umala","La Paz","municipal","GAM",14643089.0,400000.0,400000.0,400000.0,0.0,14243089.0,7499874.0,781605.0,0.0,5961610.0,2.731664,True,"20/210 Recursos Específicos GAM/GAIOC",97.268336,51.217841,5.337706,0.0,2.731664,2.731664,0.0
"1206","Gobierno Autónomo Municipal de Viacha","La Paz","municipal","GAM",185661872.0,64284038.0,65345028.0,64284038.0,1047058.0,120316844.0,104717499.0,9829884.0,13932.0,5769461.0,34.624254,True,"20/210 Recursos Específicos GAM/GAIOC",64.804282,56.402264,5.294509,0.007504,35.195718,34.624254,0.56396
"1223","Gobierno Autónomo Municipal de Villa Libertad Licoma","La Paz","municipal","GAM",7475587.0,100000.0,100000.0,100000.0,0.0,7375587.0,6689378.0,675034.0,0.0,11175.0,1.337688,True,"20/210 Recursos Específicos GAM/GAIOC",98.662312,89.48298,9.029846,0.0,1.337688,1.337688,0.0
"1243","Gobierno Autónomo Municipal de Waldo Ballivián","La Paz","municipal","GAM",6363941.0,341760.0,341769.0,341760.0,9.0,6022172.0,5451355.0,568117.0,0.0,2700.0,5.370257,True,"20/210 Recursos Específicos GAM/GAIOC",94.629601,85.660049,8.927126,0.0,5.370399,5.370257,0.000141
"1253","Gobierno Autónomo Municipal de Yaco","La Paz","municipal","GAM",15412548.0,80000.0,297075.0,80000.0,0.0,15115473.0,10228462.0,1065966.0,217075.0,3821045.0,0.519058,True,"20/210 Recursos Específicos GAM/GAIOC",98.072512,66.36451,6.916222,1.40843,1.927488,0.519058,0.0
"1258","Gobierno Autónomo Municipal de Yanacachi","La Paz","municipal","GAM",8132544.0,550000.0,1152318.0,550000.0,193680.0,6980226.0,6304351.0,657012.0,408638.0,18863.0,6.762951,True,"20/210 Recursos Específicos GAM/GAIOC",85.830781,77.520036,8.0788,5.024725,14.169219,6.762951,2.381543
"904","Gobierno Autónomo Departamental de Oruro","Oruro","departamental","GAD",717151658.0,None,165923118.0,0.0,40851301.0,364797787.0,177357.0,51883372.0,125071817.0,312737058.0,None,False,"No calculado para entidades no GAM/GAIOC",50.867593,0.024731,7.234644,17.440079,23.136406,0.0,5.696327
"3402","Gobierno Autónomo Indígena Originario Campesino de Salinas","Oruro","indigena_originario_campesino","GAIOC",20361054.0,125000.0,683853.0,125000.0,0.0,19677201.0,13223922.0,3973720.0,558853.0,2479559.0,0.613917,True,"20/210 Recursos Específicos GAM/GAIOC",96.641367,64.947139,19.516278,2.744715,3.358633,0.613917,0.0
"3401","Gobierno Autónomo Indígena Originario Campesino de la Nación Originaria Uru","Oruro","indigena_originario_campesino","GAIOC",3559849.0,0.0,0.0,0.0,0.0,3559849.0,1967044.0,591086.0,0.0,1001719.0,0.0,True,"20/210 Recursos Específicos GAM/GAIOC",100.0,55.256389,16.604244,0.0,0.0,0.0,0.0
"1424","Gobierno Autónomo Municipal de Andamarca (Santiago de Andamarca)","Oruro","municipal","GAM",7118340.0,300000.0,300000.0,300000.0,0.0,6818340.0,5237691.0,1573899.0,0.0,6750.0,4.214466,True,"20/210 Recursos Específicos GAM/GAIOC",95.785534,73.580231,22.110478,0.0,4.214466,4.214466,0.0
"1410","Gobierno Autónomo Municipal de Antequera","Oruro","municipal","GAM",10684771.0,820440.0,6762047.0,820440.0,0.0,3922724.0,3004606.0,902868.0,5941607.0,15250.0,7.678592,True,"20/210 Recursos Específicos GAM/GAIOC",36.713225,28.120453,8.450045,55.608183,63.286775,7.678592,0.0
"1425","Gobierno Autónomo Municipal de Belén de Andamarca","Oruro","municipal","GAM",3363289.0,115000.0,115000.0,115000.0,0.0,3248289.0,2490813.0,748476.0,0.0,9000.0,3.419272,True,"20/210 Recursos Específicos GAM/GAIOC",96.580728,74.058845,22.254287,0.0,3.419272,3.419272,0.0
"1402","Gobierno Autónomo Municipal de Caracollo","Oruro","municipal","GAM",32785074.0,2539388.0,3468425.0,2539388.0,0.0,29316649.0,19178262.0,5762968.0,929037.0,4375419.0,7.745561,True,"20/210 Recursos Específicos GAM/GAIOC",89.420719,58.496931,17.578023,2.833719,10.579281,7.745561,0.0
"1430","Gobierno Autónomo Municipal de Carangas","Oruro","municipal","GAM",5366864.0,1748000.0,1748000.0,1748000.0,0.0,3618864.0,939459.0,282303.0,0.0,2397102.0,32.570231,True,"20/210 Recursos Específicos GAM/GAIOC",67.429769,17.504804,5.260111,0.0,32.570231,32.570231,0.0
"1404","Gobierno Autónomo Municipal de Challapata","Oruro","municipal","GAM",47320012.0,3448105.0,3672032.0,3448105.0,200000.0,43647980.0,29380120.0,8828574.0,23927.0,5439286.0,7.28678,True,"20/210 Recursos Específicos GAM/GAIOC",92.240002,62.08815,18.657168,0.050564,7.759998,7.28678,0.422654
"1415","Gobierno Autónomo Municipal de Choquecota","Oruro","municipal","GAM",3413990.0,180000.0,180000.0,180000.0,0.0,3233990.0,2477511.0,744479.0,0.0,12000.0,5.272423,True,"20/210 Recursos Específicos GAM/GAIOC",94.727577,72.569369,21.806713,0.0,5.272423,5.272423,0.0
"1432","Gobierno Autónomo Municipal de Coipasa","Oruro","municipal","GAM",3541469.0,2000000.0,2010377.0,2000000.0,0.0,1531092.0,1168088.0,351004.0,10377.0,12000.0,56.47374,True,"20/210 Recursos Específicos GAM/GAIOC",43.233246,32.983149,9.911254,0.293014,56.766754,56.47374,0.0
"1414","Gobierno Autónomo Municipal de Corque","Oruro","municipal","GAM",17924466.0,300000.0,300000.0,300000.0,0.0,17324492.0,13318700.0,4002200.0,0.0,3592.0,1.67369,True,"20/210 Recursos Específicos GAM/GAIOC",96.652765,74.304585,22.328141,0.0,1.67369,1.67369,0.0
"1420","Gobierno Autónomo Municipal de Cruz de Machacamarca","Oruro","municipal","GAM",3013700.0,1380000.0,1380000.0,1380000.0,0.0,1633700.0,1256214.0,377486.0,0.0,0.0,45.790888,True,"20/210 Recursos Específicos GAM/GAIOC",54.209112,41.683446,12.525666,0.0,45.790888,45.790888,0.0
"1416","Gobierno Autónomo Municipal de Curahuara de Carangas","Oruro","municipal","GAM",7523030.0,300000.0,300000.0,300000.0,0.0,7223030.0,5546133.0,1666584.0,0.0,10313.0,3.987755,True,"20/210 Recursos Específicos GAM/GAIOC",96.012245,73.722064,22.153095,0.0,3.987755,3.987755,0.0
"1403","Gobierno Autónomo Municipal de El Choro","Oruro","municipal","GAM",11860727.0,600000.0,617916.0,600000.0,0.0,11242811.0,8640527.0,2596434.0,17916.0,5850.0,5.058712,True,"20/210 Recursos Específicos GAM/GAIOC",94.790235,72.849894,21.891019,0.151053,5.209765,5.058712,0.0
"1419","Gobierno Autónomo Municipal de Escara","Oruro","municipal","GAM",6934522.0,2000000.0,2000000.0,2000000.0,0.0,4934522.0,3486806.0,1047767.0,0.0,399949.0,28.841209,True,"20/210 Recursos Específicos GAM/GAIOC",71.158791,50.281851,15.109434,0.0,28.841209,28.841209,0.0
"1422","Gobierno Autónomo Municipal de Esmeralda","Oruro","municipal","GAM",4910318.0,700000.0,700000.0,700000.0,0.0,4210318.0,3228247.0,970071.0,0.0,12000.0,14.255696,True,"20/210 Recursos Específicos GAM/GAIOC",85.744304,65.744153,19.755767,0.0,14.255696,14.255696,0.0
"1411","Gobierno Autónomo Municipal de Eucaliptus","Oruro","municipal","GAM",10377993.0,180000.0,180000.0,180000.0,0.0,10197993.0,4525199.0,1359799.0,0.0,4312995.0,1.734439,True,"20/210 Recursos Específicos GAM/GAIOC",98.265561,43.603797,13.102716,0.0,1.734439,1.734439,0.0
"1418","Gobierno Autónomo Municipal de Huachacalla","Oruro","municipal","GAM",4567457.0,250000.0,250000.0,250000.0,0.0,4317457.0,3303902.0,992805.0,0.0,20750.0,5.473505,True,"20/210 Recursos Específicos GAM/GAIOC",94.526495,72.3357,21.736494,0.0,5.473505,5.473505,0.0
"1406","Gobierno Autónomo Municipal de Huanuni","Oruro","municipal","GAM",30838958.0,1929693.0,9163689.0,1929693.0,0.0,21675269.0,16650869.0,5003500.0,7233996.0,20900.0,6.257322,True,"20/210 Recursos Específicos GAM/GAIOC",70.285348,53.992969,16.224608,23.45733,29.714652,6.257322,0.0
"1434","Gobierno Autónomo Municipal de Huayllamarca (Santiago de Huayllamarca)","Oruro","municipal","GAM",11517896.0,200000.0,200000.0,200000.0,0.0,11317896.0,4971649.0,1493955.0,0.0,4852292.0,1.736428,True,"20/210 Recursos Específicos GAM/GAIOC",98.263572,43.164559,12.970728,0.0,1.736428,1.736428,0.0
"1428","Gobierno Autónomo Municipal de La Rivera","Oruro","municipal","GAM",2918255.0,1500000.0,1500000.0,1500000.0,0.0,1418255.0,1101726.0,316279.0,0.0,250.0,51.40058,True,"20/210 Recursos Específicos GAM/GAIOC",48.59942,37.752904,10.837949,0.0,51.40058,51.40058,0.0
"1407","Gobierno Autónomo Municipal de Machacamarca","Oruro","municipal","GAM",8232802.0,620828.0,783974.0,620828.0,0.0,7448828.0,5068089.0,1522935.0,163146.0,857804.0,7.540908,True,"20/210 Recursos Específicos GAM/GAIOC",90.477434,61.55971,18.49838,1.981658,9.522566,7.540908,0.0
"1401","Gobierno Autónomo Municipal de Oruro","Oruro","municipal","GAM",577774709.0,213219618.0,216475736.0,213219618.0,749744.0,333585205.0,247332908.0,74322254.0,2506374.0,11930043.0,36.903591,True,"20/210 Recursos Específicos GAM/GAIOC",57.736208,42.807846,12.863535,0.433798,37.467153,36.903591,0.129764
"1427","Gobierno Autónomo Municipal de Pampa Aullagas","Oruro","municipal","GAM",5151173.0,60000.0,60000.0,60000.0,0.0,5091173.0,2643787.0,794444.0,0.0,1652942.0,1.164783,True,"20/210 Recursos Específicos GAM/GAIOC",98.835217,51.32398,15.422584,0.0,1.164783,1.164783,0.0
"1409","Gobierno Autónomo Municipal de Pazña","Oruro","municipal","GAM",7223015.0,350000.0,505966.0,350000.0,0.0,6717049.0,3508421.0,1054262.0,155966.0,2154366.0,4.845622,True,"20/210 Recursos Específicos GAM/GAIOC",92.995086,48.572805,14.595872,2.159292,7.004914,4.845622,0.0
"1408","Gobierno Autónomo Municipal de Poopó (Villa Poopó)","Oruro","municipal","GAM",15738980.0,1826344.0,5825345.0,1826344.0,0.0,9913635.0,7608785.0,2286400.0,3999001.0,18450.0,11.603954,True,"20/210 Recursos Específicos GAM/GAIOC",62.987786,48.343571,14.52699,25.40826,37.012214,11.603954,0.0
"1431","Gobierno Autónomo Municipal de Sabaya","Oruro","municipal","GAM",17685181.0,999000.0,1047378.0,999000.0,0.0,16637803.0,12792436.0,3844061.0,48378.0,1306.0,5.648797,True,"20/210 Recursos Específicos GAM/GAIOC",94.077652,72.33421,21.736057,0.273551,5.922348,5.648797,0.0
"1412","Gobierno Autónomo Municipal de Santiago de Huari","Oruro","municipal","GAM",17800567.0,711000.0,1013603.0,711000.0,0.0,16786964.0,11172909.0,3357401.0,302603.0,2256654.0,3.994255,True,"20/210 Recursos Específicos GAM/GAIOC",94.305783,62.767152,18.861203,1.699963,5.694217,3.994255,0.0
"1405","Gobierno Autónomo Municipal de Santuario de Quillacas","Oruro","municipal","GAM",11289263.0,0.0,0.0,0.0,0.0,11289263.0,4244192.0,1275358.0,0.0,5769713.0,0.0,True,"20/210 Recursos Específicos GAM/GAIOC",100.0,37.594943,11.297088,0.0,0.0,0.0,0.0
"1435","Gobierno Autónomo Municipal de Soracachi","Oruro","municipal","GAM",27060543.0,2300000.0,2948648.0,2300000.0,0.0,24111895.0,13031874.0,3916010.0,648648.0,7164011.0,8.49946,True,"20/210 Recursos Específicos GAM/GAIOC",89.103515,48.158213,14.471291,2.397025,10.896485,8.49946,0.0
"1429","Gobierno Autónomo Municipal de Todos Santos","Oruro","municipal","GAM",1632674.0,400000.0,400000.0,400000.0,0.0,1232674.0,941122.0,282802.0,0.0,8750.0,24.499686,True,"20/210 Recursos Específicos GAM/GAIOC",75.500314,57.642983,17.3214,0.0,24.499686,24.499686,0.0
"1423","Gobierno Autónomo Municipal de Toledo","Oruro","municipal","GAM",13414809.0,300000.0,300000.0,300000.0,0.0,13114809.0,10072163.0,3026633.0,0.0,16013.0,2.236334,True,"20/210 Recursos Específicos GAM/GAIOC",97.763666,75.082418,22.561879,0.0,2.236334,2.236334,0.0
"1413","Gobierno Autónomo Municipal de Totora","Oruro","municipal","GAM",9667747.0,300000.0,300000.0,300000.0,0.0,9367747.0,5462163.0,1641352.0,0.0,2264232.0,3.103101,True,"20/210 Recursos Específicos GAM/GAIOC",96.896899,56.49882,16.977606,0.0,3.103101,3.103101,0.0
"1417","Gobierno Autónomo Municipal de Turco","Oruro","municipal","GAM",9552263.0,994000.0,994570.0,994000.0,0.0,8557693.0,4387190.0,1318328.0,570.0,2852175.0,10.405911,True,"20/210 Recursos Específicos GAM/GAIOC",89.588122,45.928279,13.801211,0.005967,10.411878,10.405911,0.0
"1421","Gobierno Autónomo Municipal de Yunguyo de Litoral","Oruro","municipal","GAM",1303623.0,350000.0,350000.0,350000.0,0.0,953623.0,733277.0,220346.0,0.0,0.0,26.848253,True,"20/210 Recursos Específicos GAM/GAIOC",73.151747,56.249161,16.902586,0.0,26.848253,26.848253,0.0
"909","Gobierno Autónomo Departamental de Pando","Pando","departamental","GAD",252228684.0,None,51994883.0,0.0,7225098.0,199706694.0,0.0,51863372.0,44769785.0,147843322.0,None,False,"No calculado para entidades no GAM/GAIOC",79.176837,0.0,20.562044,17.74968,20.614183,0.0,2.864503
"1904","Gobierno Autónomo Municipal de Bella Flor","Pando","municipal","GAM",7706692.0,404800.0,518172.0,404800.0,113372.0,7188520.0,3019570.0,3956640.0,0.0,212310.0,5.252578,True,"20/210 Recursos Específicos GAM/GAIOC",93.276337,39.181143,51.340316,0.0,6.723663,5.252578,1.471085
"1903","Gobierno Autónomo Municipal de Bolpebra","Pando","municipal","GAM",4903243.0,150000.0,197620.0,150000.0,47620.0,4705623.0,1986997.0,2603626.0,0.0,115000.0,3.0592,True,"20/210 Recursos Específicos GAM/GAIOC",95.969606,40.524139,53.100081,0.0,4.030394,3.0592,0.971194
"1901","Gobierno Autónomo Municipal de Cobija","Pando","municipal","GAM",146104616.0,31267524.0,36440454.0,31267524.0,5172930.0,109664162.0,45215406.0,59247198.0,0.0,5201558.0,21.400778,True,"20/210 Recursos Específicos GAM/GAIOC",75.058657,30.947281,40.551216,0.0,24.941343,21.400778,3.540566
"1907","Gobierno Autónomo Municipal de Filadelfia","Pando","municipal","GAM",15802755.0,106301.0,533065.0,106301.0,371523.0,15269690.0,6601985.0,8650792.0,55241.0,16913.0,0.672674,True,"20/210 Recursos Específicos GAM/GAIOC",96.626759,41.777431,54.742303,0.349566,3.373241,0.672674,2.351001
"1912","Gobierno Autónomo Municipal de Ingavi (Humaita)","Pando","municipal","GAM",5060458.0,0.0,85207.0,0.0,85207.0,4975251.0,2148285.0,2814966.0,0.0,12000.0,0.0,True,"20/210 Recursos Específicos GAM/GAIOC",98.31622,42.452383,55.626704,0.0,1.68378,0.0,1.68378
"1913","Gobierno Autónomo Municipal de Nueva Esperanza","Pando","municipal","GAM",2799727.0,0.0,15088.0,0.0,15088.0,2784639.0,1155618.0,1514243.0,0.0,114778.0,0.0,True,"20/210 Recursos Específicos GAM/GAIOC",99.46109,41.276096,54.08538,0.0,0.53891,0.0,0.53891
"1902","Gobierno Autónomo Municipal de Porvenir","Pando","municipal","GAM",19023658.0,1570404.0,1762578.0,1570404.0,192174.0,17261080.0,7457474.0,9771768.0,0.0,31838.0,8.255005,True,"20/210 Recursos Específicos GAM/GAIOC",90.73481,39.201052,51.366399,0.0,9.26519,8.255005,1.010184
"1908","Gobierno Autónomo Municipal de Puerto Gonzalo Moreno","Pando","municipal","GAM",23407860.0,255000.0,328658.0,255000.0,22008.0,23079202.0,9981542.0,13079135.0,51650.0,18525.0,1.089378,True,"20/210 Recursos Específicos GAM/GAIOC",98.59595,42.641839,55.874971,0.220652,1.40405,1.089378,0.09402
"1905","Gobierno Autónomo Municipal de Puerto Rico","Pando","municipal","GAM",14377762.0,330375.0,503992.0,330375.0,123048.0,13873770.0,6000066.0,7862079.0,50569.0,11625.0,2.297819,True,"20/210 Recursos Específicos GAM/GAIOC",96.494642,41.731571,54.682217,0.351717,3.505358,2.297819,0.855822
"1909","Gobierno Autónomo Municipal de San Lorenzo","Pando","municipal","GAM",17803025.0,0.0,105170.0,0.0,65302.0,17697855.0,7651186.0,10025594.0,39868.0,21075.0,0.0,True,"20/210 Recursos Específicos GAM/GAIOC",99.409258,42.976887,56.313992,0.223939,0.590742,0.0,0.366803
"1906","Gobierno Autónomo Municipal de San Pedro","Pando","municipal","GAM",6312128.0,0.0,84778.0,0.0,23625.0,6227350.0,2692838.0,3528512.0,61153.0,6000.0,0.0,True,"20/210 Recursos Específicos GAM/GAIOC",98.656903,42.661334,55.900514,0.968817,1.343097,0.0,0.374279
"1911","Gobierno Autónomo Municipal de Santa Rosa del Abuná","Pando","municipal","GAM",5683428.0,70000.0,157901.0,70000.0,87901.0,5525527.0,2373588.0,3110189.0,0.0,41750.0,1.231651,True,"20/210 Recursos Específicos GAM/GAIOC",97.22173,41.763316,54.723822,0.0,2.77827,1.231651,1.546619
"1915","Gobierno Autónomo Municipal de Santos Mercado","Pando","municipal","GAM",4257745.0,0.0,50799.0,0.0,50799.0,4206946.0,1815733.0,2379213.0,0.0,12000.0,0.0,True,"20/210 Recursos Específicos GAM/GAIOC",98.806904,42.645414,55.87965,0.0,1.193096,0.0,1.193096
"1910","Gobierno Autónomo Municipal de Sena","Pando","municipal","GAM",28703798.0,1800000.0,2455114.0,1800000.0,612396.0,26248684.0,8533279.0,11181430.0,42718.0,6533975.0,6.270947,True,"20/210 Recursos Específicos GAM/GAIOC",91.446728,29.728745,38.954531,0.148824,8.553272,6.270947,2.133502
"1914","Gobierno Autónomo Municipal de Villa Nueva (Loma Alta)","Pando","municipal","GAM",4971902.0,0.0,122745.0,0.0,26766.0,4849157.0,2078449.0,2723458.0,95979.0,47250.0,0.0,True,"20/210 Recursos Específicos GAM/GAIOC",97.531226,41.803901,54.776985,1.930428,2.468774,0.0,0.538345
"905","Gobierno Autónomo Departamental de Potosí","Potosí","departamental","GAD",1478318200.0,None,1002107949.0,0.0,18451501.0,459699173.0,5441757.0,51863372.0,983656448.0,402394044.0,None,False,"No calculado para entidades no GAM/GAIOC",31.096091,0.368105,3.508269,66.538885,67.787026,0.0,1.248141
"3501","Gobierno Autónomo Indígena Originario Campesino de la Autonomía Originaria del","Potosí","indigena_originario_campesino","GAIOC",6851962.0,125000.0,996347.0,125000.0,60000.0,5855615.0,4882809.0,966881.0,811347.0,5925.0,1.824295,True,"20/210 Recursos Específicos GAM/GAIOC",85.458953,71.261472,14.111009,11.84109,14.541047,1.824295,0.875662
"1534","Gobierno Autónomo Municipal de Acasio","Potosí","municipal","GAM",4636348.0,50000.0,70000.0,50000.0,20000.0,4566348.0,3736337.0,737511.0,0.0,92500.0,1.078435,True,"20/210 Recursos Específicos GAM/GAIOC",98.490191,80.587933,15.907154,0.0,1.509809,1.078435,0.431374
"1533","Gobierno Autónomo Municipal de Arampampa","Potosí","municipal","GAM",3773629.0,60000.0,74925.0,60000.0,0.0,3698704.0,3012088.0,602616.0,14925.0,84000.0,1.589981,True,"20/210 Recursos Específicos GAM/GAIOC",98.014511,79.819399,15.969137,0.395508,1.985489,1.589981,0.0
"1520","Gobierno Autónomo Municipal de Atocha","Potosí","municipal","GAM",21445708.0,617000.0,11161079.0,617000.0,0.0,10284629.0,8002369.0,1557521.0,10544079.0,724739.0,2.877033,True,"20/210 Recursos Específicos GAM/GAIOC",47.956584,37.314548,7.262623,49.166383,52.043416,2.877033,0.0
"1508","Gobierno Autónomo Municipal de Betanzos","Potosí","municipal","GAM",33608920.0,1261869.0,1372400.0,1261869.0,74400.0,32236520.0,26924590.0,5284662.0,36131.0,27268.0,3.754566,True,"20/210 Recursos Específicos GAM/GAIOC",95.91656,80.111441,15.723986,0.107504,4.08344,3.754566,0.22137
"1529","Gobierno Autónomo Municipal de Caiza ""D""","Potosí","municipal","GAM",14303070.0,400000.0,1413837.0,400000.0,25000.0,12889233.0,10717313.0,2144170.0,988837.0,27750.0,2.796602,True,"20/210 Recursos Específicos GAM/GAIOC",90.11515,74.930158,14.990977,6.91346,9.88485,2.796602,0.174788
"1527","Gobierno Autónomo Municipal de Caripuyo","Potosí","municipal","GAM",8798383.0,118000.0,228565.0,118000.0,7000.0,8569818.0,7156035.0,1401670.0,103565.0,12113.0,1.341156,True,"20/210 Recursos Específicos GAM/GAIOC",97.402193,81.333525,15.930996,1.177091,2.597807,1.341156,0.07956
"1509","Gobierno Autónomo Municipal de Chaqui","Potosí","municipal","GAM",9515621.0,124655.0,178526.0,124655.0,32500.0,9337095.0,7700237.0,1540556.0,21371.0,96302.0,1.310004,True,"20/210 Recursos Específicos GAM/GAIOC",98.123864,80.922065,16.189758,0.224589,1.876136,1.310004,0.341544
"1506","Gobierno Autónomo Municipal de Chayanta","Potosí","municipal","GAM",18383004.0,210700.0,360725.0,210700.0,0.0,18022279.0,13308723.0,2662623.0,150025.0,2050933.0,1.146167,True,"20/210 Recursos Específicos GAM/GAIOC",98.037725,72.396889,14.484156,0.816107,1.962275,1.146167,0.0
"1540","Gobierno Autónomo Municipal de Chuquihuta Ayllu Jucumani","Potosí","municipal","GAM",8518166.0,150000.0,358359.0,150000.0,0.0,8159807.0,6792371.0,1358923.0,208359.0,8513.0,1.760942,True,"20/210 Recursos Específicos GAM/GAIOC",95.793003,79.739829,15.953235,2.446055,4.206997,1.760942,0.0
"1539","Gobierno Autónomo Municipal de Ckochas","Potosí","municipal","GAM",14798435.0,45516.0,46211.0,45516.0,0.0,14752224.0,12234030.0,2378697.0,695.0,139497.0,0.307573,True,"20/210 Recursos Específicos GAM/GAIOC",99.68773,82.671107,16.073977,0.004696,0.31227,0.307573,0.0
"1521","Gobierno Autónomo Municipal de Colcha""K"" (Villa Martín)","Potosí","municipal","GAM",84434720.0,2434200.0,70806908.0,2434200.0,73350.0,13627812.0,11506974.0,2102088.0,68299358.0,18750.0,2.882937,True,"20/210 Recursos Específicos GAM/GAIOC",16.140057,13.628249,2.489601,80.890134,83.859943,2.882937,0.086872
"1511","Gobierno Autónomo Municipal de Colquechaca","Potosí","municipal","GAM",29450067.0,437120.0,3648896.0,437120.0,130000.0,25801171.0,13937587.0,2988404.0,3081776.0,8875180.0,1.484275,True,"20/210 Recursos Específicos GAM/GAIOC",87.609889,47.326164,10.147359,10.464411,12.390111,1.484275,0.441425
"1517","Gobierno Autónomo Municipal de Cotagaita","Potosí","municipal","GAM",41484146.0,1650000.0,3678488.0,1650000.0,0.0,37805658.0,31168202.0,5835236.0,2028488.0,802220.0,3.977423,True,"20/210 Recursos Específicos GAM/GAIOC",91.132786,75.132804,14.066183,4.889791,8.867214,3.977423,0.0
"1507","Gobierno Autónomo Municipal de Llallagua","Potosí","municipal","GAM",60503562.0,17225438.0,18989213.0,17225438.0,800000.0,41514349.0,34561277.0,6914537.0,963775.0,38535.0,28.470122,True,"20/210 Recursos Específicos GAM/GAIOC",68.614719,57.122715,11.428314,1.592923,31.385281,28.470122,1.322236
"1535","Gobierno Autónomo Municipal de Llica","Potosí","municipal","GAM",5316867.0,362500.0,374960.0,362500.0,0.0,4941907.0,4169135.0,700272.0,12460.0,72500.0,6.817925,True,"20/210 Recursos Específicos GAM/GAIOC",92.947727,78.413378,13.170764,0.234349,7.052273,6.817925,0.0
"1524","Gobierno Autónomo Municipal de Mojinete","Potosí","municipal","GAM",1237707.0,17000.0,172847.0,17000.0,0.0,1064860.0,876870.0,169990.0,155847.0,18000.0,1.373508,True,"20/210 Recursos Específicos GAM/GAIOC",86.034902,70.846331,13.734268,12.591591,13.965098,1.373508,0.0
"1514","Gobierno Autónomo Municipal de Ocurí","Potosí","municipal","GAM",14867447.0,70000.0,261668.0,70000.0,10000.0,14605779.0,12144429.0,2389674.0,181668.0,71676.0,0.470827,True,"20/210 Recursos Específicos GAM/GAIOC",98.239994,81.684697,16.073197,1.221918,1.760006,0.470827,0.067261
"1513","Gobierno Autónomo Municipal de Pocoata","Potosí","municipal","GAM",37323341.0,100000.0,100926.0,100000.0,0.0,37222415.0,27563898.0,5373649.0,926.0,4284868.0,0.267929,True,"20/210 Recursos Específicos GAM/GAIOC",99.72959,73.851636,14.397556,0.002481,0.27041,0.267929,0.0
"1532","Gobierno Autónomo Municipal de Porco","Potosí","municipal","GAM",29845352.0,1174290.0,14556069.0,1174290.0,0.0,15289283.0,12847079.0,2432754.0,13381779.0,9450.0,3.934583,True,"20/210 Recursos Específicos GAM/GAIOC",51.228355,43.045493,8.151199,44.837062,48.771645,3.934583,0.0
"1501","Gobierno Autónomo Municipal de Potosí","Potosí","municipal","GAM",393195227.0,113359373.0,163194235.0,113359373.0,0.0,229066992.0,189020075.0,36315997.0,49834862.0,3730920.0,28.830302,True,"20/210 Recursos Específicos GAM/GAIOC",58.257826,48.07283,9.236124,12.67433,41.504633,28.830302,0.0
"1528","Gobierno Autónomo Municipal de Puna (Villa Talavera)","Potosí","municipal","GAM",17396501.0,380000.0,560915.0,380000.0,0.0,16835586.0,14093055.0,2719508.0,180915.0,23023.0,2.184347,True,"20/210 Recursos Específicos GAM/GAIOC",96.775702,81.01086,15.6325,1.039951,3.224298,2.184347,0.0
"1512","Gobierno Autónomo Municipal de Ravelo","Potosí","municipal","GAM",18645113.0,408183.0,408183.0,408183.0,0.0,18236930.0,14217986.0,3090680.0,0.0,928264.0,2.189222,True,"20/210 Recursos Específicos GAM/GAIOC",97.810778,76.255832,16.576354,0.0,2.189222,2.189222,0.0
"1526","Gobierno Autónomo Municipal de Sacaca (Villa de Sacaca)","Potosí","municipal","GAM",18065632.0,220000.0,310619.0,220000.0,80000.0,17755013.0,14889751.0,2858894.0,10619.0,6368.0,1.217782,True,"20/210 Recursos Específicos GAM/GAIOC",98.280608,82.420316,15.825043,0.05878,1.719392,1.217782,0.44283
"1538","Gobierno Autónomo Municipal de San Agustín","Potosí","municipal","GAM",2290357.0,73000.0,157959.0,73000.0,497.0,2132398.0,1761693.0,352455.0,84462.0,18250.0,3.187276,True,"20/210 Recursos Específicos GAM/GAIOC",93.103302,76.917834,15.388649,3.687722,6.896698,3.187276,0.0217
"1525","Gobierno Autónomo Municipal de San Antonio de Esmoruco","Potosí","municipal","GAM",2254656.0,100000.0,264850.0,100000.0,0.0,1989806.0,1613708.0,322848.0,164850.0,53250.0,4.435266,True,"20/210 Recursos Específicos GAM/GAIOC",88.253197,71.572249,14.319169,7.311537,11.746803,4.435266,0.0
"1523","Gobierno Autónomo Municipal de San Pablo de Lípez","Potosí","municipal","GAM",3842453.0,182030.0,614698.0,182030.0,12000.0,3227755.0,2632206.0,565299.0,420668.0,30250.0,4.737338,True,"20/210 Recursos Específicos GAM/GAIOC",84.002459,68.503271,14.71193,10.947902,15.997541,4.737338,0.312301
"1515","Gobierno Autónomo Municipal de San Pedro de Buena Vista","Potosí","municipal","GAM",48207623.0,600000.0,831825.0,600000.0,80000.0,47375798.0,23831602.0,4650775.0,151825.0,18893421.0,1.244616,True,"20/210 Recursos Específicos GAM/GAIOC",98.274495,49.435339,9.647385,0.31494,1.725505,1.244616,0.165949
"1541","Gobierno Autónomo Municipal de San Pedro de Macha","Potosí","municipal","GAM",23743424.0,300000.0,319297.0,300000.0,0.0,23424127.0,17403267.0,3481802.0,19297.0,2539058.0,1.263508,True,"20/210 Recursos Específicos GAM/GAIOC",98.655219,73.297209,14.664279,0.081273,1.344781,1.263508,0.0
"1522","Gobierno Autónomo Municipal de San Pedro de Quemes","Potosí","municipal","GAM",5985878.0,243426.0,261426.0,243426.0,18000.0,5724452.0,1332701.0,266628.0,0.0,4125123.0,4.066672,True,"20/210 Recursos Específicos GAM/GAIOC",95.632621,22.264086,4.454284,0.0,4.367379,4.066672,0.300708
"1510","Gobierno Autónomo Municipal de Tacobamba","Potosí","municipal","GAM",16412622.0,35000.0,626056.0,35000.0,10000.0,15786566.0,12164640.0,2363228.0,581056.0,1258698.0,0.213251,True,"20/210 Recursos Específicos GAM/GAIOC",96.185521,74.117591,14.398845,3.5403,3.814479,0.213251,0.060929
"1536","Gobierno Autónomo Municipal de Tahua","Potosí","municipal","GAM",1620696.0,50000.0,51271.0,50000.0,0.0,1569425.0,1297783.0,259642.0,1271.0,12000.0,3.085094,True,"20/210 Recursos Específicos GAM/GAIOC",96.836483,80.075659,16.020401,0.078423,3.163517,3.085094,0.0
"1502","Gobierno Autónomo Municipal de Tinguipaya","Potosí","municipal","GAM",39168376.0,330700.0,2018938.0,330700.0,32000.0,37149438.0,31617349.0,4795150.0,1656238.0,736939.0,0.844304,True,"20/210 Recursos Específicos GAM/GAIOC",94.84549,80.721623,12.242402,4.228508,5.15451,0.844304,0.081699
"1531","Gobierno Autónomo Municipal de Tomave","Potosí","municipal","GAM",8885091.0,70000.0,579113.0,70000.0,80000.0,8305978.0,6993905.0,1299210.0,429113.0,12863.0,0.787837,True,"20/210 Recursos Específicos GAM/GAIOC",93.482194,78.715063,14.62236,4.829585,6.517806,0.787837,0.900385
"1516","Gobierno Autónomo Municipal de Toro Toro","Potosí","municipal","GAM",14595571.0,300000.0,551427.0,300000.0,20000.0,14044144.0,9311557.0,1782900.0,231427.0,2949687.0,2.055418,True,"20/210 Recursos Específicos GAM/GAIOC",96.221957,63.797141,12.215349,1.585597,3.778043,2.055418,0.137028
"1519","Gobierno Autónomo Municipal de Tupiza","Potosí","municipal","GAM",64026962.0,11337287.0,15796596.0,11337287.0,550000.0,48230366.0,37853540.0,7573207.0,3909309.0,2803619.0,17.707051,True,"20/210 Recursos Específicos GAM/GAIOC",75.328213,59.12125,11.828153,6.105723,24.671787,17.707051,0.859013
"1505","Gobierno Autónomo Municipal de Uncía","Potosí","municipal","GAM",42020650.0,3431653.0,4213982.0,3431653.0,0.0,37806668.0,22357737.0,5413489.0,782329.0,10035442.0,8.166587,True,"20/210 Recursos Específicos GAM/GAIOC",89.97164,53.206547,12.882925,1.861773,10.02836,8.166587,0.0
"1504","Gobierno Autónomo Municipal de Urmiri","Potosí","municipal","GAM",4488097.0,184806.0,184806.0,184806.0,0.0,4303291.0,3629374.0,655917.0,0.0,18000.0,4.117692,True,"20/210 Recursos Específicos GAM/GAIOC",95.882308,80.866657,14.614591,0.0,4.117692,4.117692,0.0
"1530","Gobierno Autónomo Municipal de Uyuni","Potosí","municipal","GAM",61108753.0,9910858.0,12503988.0,9910858.0,321451.0,48604765.0,33496385.0,6792928.0,2271679.0,8315452.0,16.218393,True,"20/210 Recursos Específicos GAM/GAIOC",79.538139,54.814382,11.116129,3.717436,20.461861,16.218393,0.526031
"1537","Gobierno Autónomo Municipal de Villazón","Potosí","municipal","GAM",72813971.0,17932192.0,19185018.0,17932192.0,955088.0,50190949.0,41949494.0,8202104.0,297738.0,39351.0,24.627406,True,"20/210 Recursos Específicos GAM/GAIOC",68.930383,57.611875,11.264465,0.408902,26.34799,24.627406,1.311682
"1518","Gobierno Autónomo Municipal de Vitichi","Potosí","municipal","GAM",10592641.0,250000.0,297458.0,250000.0,0.0,10295183.0,8398596.0,1680274.0,47458.0,216313.0,2.360129,True,"20/210 Recursos Específicos GAM/GAIOC",97.191843,79.287082,15.862654,0.448028,2.808157,2.360129,0.0
"1503","Gobierno Autónomo Municipal de Yocalla","Potosí","municipal","GAM",13179641.0,280000.0,448271.0,280000.0,30000.0,11606029.0,9744109.0,1849432.0,138271.0,12488.0,2.124489,True,"20/210 Recursos Específicos GAM/GAIOC",88.060282,73.933038,14.032491,1.049126,3.401238,2.124489,0.227624
"907","Gobierno Autónomo Departamental de Santa Cruz","Santa Cruz","departamental","GAD",2104684571.0,None,704136439.0,0.0,152316385.0,1125598535.0,0.0,52912742.0,551820054.0,1072685793.0,None,False,"No calculado para entidades no GAM/GAIOC",53.480628,0.0,2.514046,26.218658,33.455675,0.0,7.237017
"3702","Gobierno Autónomo Indígena Guaraní Kereimba Iyaambae","Santa Cruz","indigena_originario_campesino","GAIOC",19326257.0,150000.0,160411.0,150000.0,10411.0,19165846.0,12611196.0,1147086.0,0.0,5407564.0,0.776146,True,"20/210 Recursos Específicos GAM/GAIOC",99.169984,65.254208,5.935376,0.0,0.830016,0.776146,0.05387
"3701","Gobierno Autónomo Indígena Originario Campesino de Charagua Iyambae","Santa Cruz","indigena_originario_campesino","GAIOC",38611940.0,2500000.0,2678556.0,2500000.0,178556.0,35933384.0,32641622.0,2969007.0,0.0,322755.0,6.474681,True,"20/210 Recursos Específicos GAM/GAIOC",93.062882,84.537638,7.689349,0.0,6.937118,6.474681,0.462437
"1745","Gobierno Autónomo Municipal de Ascención de Guarayos","Santa Cruz","municipal","GAM",41847791.0,6000000.0,6744698.0,6000000.0,744698.0,35103093.0,28268566.0,2571244.0,0.0,4263283.0,14.337674,True,"20/210 Recursos Específicos GAM/GAIOC",83.882786,67.550916,6.144277,0.0,16.117214,14.337674,1.77954
"1724","Gobierno Autónomo Municipal de Boyuibe","Santa Cruz","municipal","GAM",5737583.0,400000.0,400000.0,400000.0,0.0,5337583.0,4848219.0,468701.0,0.0,20663.0,6.971577,True,"20/210 Recursos Específicos GAM/GAIOC",93.028423,84.499327,8.168962,0.0,6.971577,6.971577,0.0
"1710","Gobierno Autónomo Municipal de Buena Vista","Santa Cruz","municipal","GAM",26553990.0,3350215.0,3471786.0,3350215.0,121571.0,23082204.0,11295122.0,1027379.0,0.0,10759703.0,12.616616,True,"20/210 Recursos Específicos GAM/GAIOC",86.925558,42.53644,3.869019,0.0,13.074442,12.616616,0.457826
"1720","Gobierno Autónomo Municipal de Cabezas","Santa Cruz","municipal","GAM",35215475.0,6789555.0,6929357.0,6789555.0,139802.0,28286118.0,25905785.0,2356331.0,0.0,24002.0,19.280032,True,"20/210 Recursos Específicos GAM/GAIOC",80.322977,73.563639,6.691181,0.0,19.677023,19.280032,0.39699
"1723","Gobierno Autónomo Municipal de Camiri","Santa Cruz","municipal","GAM",41500000.0,11375000.0,11585158.0,11375000.0,210158.0,29914842.0,27354072.0,2519460.0,0.0,41310.0,27.409639,True,"20/210 Recursos Específicos GAM/GAIOC",72.083957,65.913427,6.070988,0.0,27.916043,27.409639,0.506405
"1756","Gobierno Autónomo Municipal de Colpa Bélgica","Santa Cruz","municipal","GAM",26049039.0,20568226.0,20568275.0,20568226.0,49.0,5480764.0,5004905.0,455234.0,0.0,20625.0,78.959635,True,"20/210 Recursos Específicos GAM/GAIOC",21.040177,19.213396,1.747604,0.0,78.959823,78.959635,0.000188
"1741","Gobierno Autónomo Municipal de Comarapa","Santa Cruz","municipal","GAM",24151388.0,3786226.0,3886942.0,3786226.0,100716.0,20264446.0,14243194.0,1295529.0,0.0,4725723.0,15.677053,True,"20/210 Recursos Específicos GAM/GAIOC",83.905927,58.974639,5.364201,0.0,16.094073,15.677053,0.41702
"1737","Gobierno Autónomo Municipal de Concepción","Santa Cruz","municipal","GAM",40278991.0,6000000.0,7546979.0,6000000.0,1496639.0,32732012.0,25032005.0,2276854.0,50340.0,5423153.0,14.896103,True,"20/210 Recursos Específicos GAM/GAIOC",81.263237,62.146554,5.652709,0.124978,18.736763,14.896103,3.715681
"1702","Gobierno Autónomo Municipal de Cotoca","Santa Cruz","municipal","GAM",175825894.0,69008285.0,69665445.0,69008285.0,657160.0,106160449.0,88368990.0,8037842.0,0.0,9753617.0,39.248079,True,"20/210 Recursos Específicos GAM/GAIOC",60.378165,50.259372,4.571478,0.0,39.621835,39.248079,0.373756
"1755","Gobierno Autónomo Municipal de Cuatro Cañadas","Santa Cruz","municipal","GAM",54863501.0,15965000.0,16610981.0,15965000.0,645981.0,38199447.0,21000646.0,1910171.0,0.0,15288630.0,29.099492,True,"20/210 Recursos Específicos GAM/GAIOC",69.626339,38.277991,3.481679,0.0,30.276925,29.099492,1.177433
"1721","Gobierno Autónomo Municipal de Cuevo","Santa Cruz","municipal","GAM",4926870.0,265000.0,300000.0,265000.0,35000.0,4626870.0,4152823.0,374547.0,0.0,99500.0,5.378668,True,"20/210 Recursos Específicos GAM/GAIOC",93.910941,84.289275,7.602129,0.0,6.089059,5.378668,0.71039
"1751","Gobierno Autónomo Municipal de El Carmen Rivero Tórrez","Santa Cruz","municipal","GAM",20922082.0,2925000.0,3387277.0,2925000.0,462277.0,11817877.0,7358774.0,680242.0,0.0,3778861.0,13.980444,True,"20/210 Recursos Específicos GAM/GAIOC",56.485186,35.172284,3.251311,0.0,16.189961,13.980444,2.209517
"1747","Gobierno Autónomo Municipal de El Puente","Santa Cruz","municipal","GAM",20523153.0,2730000.0,2734669.0,2730000.0,4669.0,17788484.0,14311367.0,1301729.0,0.0,2175388.0,13.30205,True,"20/210 Recursos Específicos GAM/GAIOC",86.6752,69.732789,6.342734,0.0,13.3248,13.30205,0.02275
"1705","Gobierno Autónomo Municipal de El Torno","Santa Cruz","municipal","GAM",91566756.0,24861411.0,27840573.0,24861411.0,2888835.0,63131303.0,46189782.0,4201318.0,90327.0,12740203.0,27.151132,True,"20/210 Recursos Específicos GAM/GAIOC",68.945659,50.443834,4.588257,0.098646,30.404673,27.151132,3.154895
"1753","Gobierno Autónomo Municipal de Fernández Alonso","Santa Cruz","municipal","GAM",19507502.0,6200000.0,6200141.0,6200000.0,141.0,13307361.0,12158925.0,1105948.0,0.0,42488.0,31.782644,True,"20/210 Recursos Específicos GAM/GAIOC",68.216633,62.329482,5.669347,0.0,31.783367,31.782644,0.000723
"1735","Gobierno Autónomo Municipal de General Agustín Saavedra","Santa Cruz","municipal","GAM",28924415.0,11670786.0,11920929.0,11670786.0,250143.0,17003486.0,13487821.0,1213178.0,0.0,2302487.0,40.349255,True,"20/210 Recursos Específicos GAM/GAIOC",58.785929,46.631266,4.194304,0.0,41.214071,40.349255,0.864816
"1704","Gobierno Autónomo Municipal de La Guardia","Santa Cruz","municipal","GAM",257239659.0,71200000.0,72706257.0,71200000.0,1505494.0,172832165.0,129229905.0,12463233.0,763.0,31139027.0,27.678469,True,"20/210 Recursos Específicos GAM/GAIOC",67.187216,50.237162,4.844989,0.000297,28.264015,27.678469,0.58525
"1718","Gobierno Autónomo Municipal de Lagunillas","Santa Cruz","municipal","GAM",9443826.0,50000.0,52767.0,50000.0,2767.0,9391059.0,4913453.0,446917.0,0.0,4030689.0,0.529446,True,"20/210 Recursos Específicos GAM/GAIOC",99.441254,52.028203,4.732372,0.0,0.558746,0.529446,0.0293
"1732","Gobierno Autónomo Municipal de Mairana","Santa Cruz","municipal","GAM",15445949.0,2500000.0,2500000.0,2500000.0,0.0,12945949.0,10585124.0,962799.0,0.0,1398026.0,16.185474,True,"20/210 Recursos Específicos GAM/GAIOC",83.814526,68.530098,6.233343,0.0,16.185474,16.185474,0.0
"1736","Gobierno Autónomo Municipal de Mineros","Santa Cruz","municipal","GAM",33974300.0,7950989.0,7951115.0,7950989.0,126.0,26023185.0,18898087.0,1718927.0,0.0,5406171.0,23.402952,True,"20/210 Recursos Específicos GAM/GAIOC",76.596677,55.624655,5.059492,0.0,23.403323,23.402952,0.000371
"1734","Gobierno Autónomo Municipal de Montero","Santa Cruz","municipal","GAM",216889857.0,78999654.0,80822945.0,78999654.0,1822001.0,135794359.0,113819267.0,10644927.0,1290.0,11330165.0,36.423858,True,"20/210 Recursos Específicos GAM/GAIOC",62.609825,52.477911,4.907987,0.000595,37.264511,36.423858,0.840058
"1727","Gobierno Autónomo Municipal de Moro Moro","Santa Cruz","municipal","GAM",4354001.0,400000.0,400000.0,400000.0,0.0,3954001.0,2337008.0,212569.0,0.0,1404424.0,9.186952,True,"20/210 Recursos Específicos GAM/GAIOC",90.813048,53.674953,4.882153,0.0,9.186952,9.186952,0.0
"1748","Gobierno Autónomo Municipal de Okinawa Uno","Santa Cruz","municipal","GAM",13560292.0,4000000.0,4005012.0,4000000.0,5012.0,9555280.0,8736136.0,794619.0,0.0,24525.0,29.49789,True,"20/210 Recursos Específicos GAM/GAIOC",70.465149,64.424394,5.859896,0.0,29.534851,29.49789,0.036961
"1714","Gobierno Autónomo Municipal de Pailón","Santa Cruz","municipal","GAM",85183116.0,18500001.0,19755658.0,18500001.0,1254543.0,65427458.0,47351992.0,4110498.0,1114.0,13964968.0,21.71792,True,"20/210 Recursos Específicos GAM/GAIOC",76.808012,55.588471,4.825484,0.001308,23.191988,21.71792,1.47276
"1731","Gobierno Autónomo Municipal de Pampa Grande","Santa Cruz","municipal","GAM",11020084.0,1400000.0,1403793.0,1400000.0,0.0,9616291.0,8022812.0,729737.0,3793.0,863742.0,12.704077,True,"20/210 Recursos Específicos GAM/GAIOC",87.261504,72.801732,6.621882,0.034419,12.738496,12.704077,0.0
"1703","Gobierno Autónomo Municipal de Porongo (Ayacucho)","Santa Cruz","municipal","GAM",159088092.0,128864213.0,128970277.0,128864213.0,106064.0,29222140.0,26825747.0,2378922.0,0.0,17471.0,81.001797,True,"20/210 Recursos Específicos GAM/GAIOC",18.368528,16.862197,1.495349,0.0,81.068467,81.001797,0.06667
"1716","Gobierno Autónomo Municipal de Portachuelo","Santa Cruz","municipal","GAM",28807102.0,10000000.0,10000366.0,10000000.0,366.0,18806736.0,17217038.0,1566022.0,0.0,23676.0,34.713662,True,"20/210 Recursos Específicos GAM/GAIOC",65.285068,59.766644,5.436236,0.0,34.714932,34.713662,0.001271
"1728","Gobierno Autónomo Municipal de Postrer Valle","Santa Cruz","municipal","GAM",1757150.0,60000.0,60928.0,60000.0,928.0,1696222.0,1493158.0,135814.0,0.0,67250.0,3.41462,True,"20/210 Recursos Específicos GAM/GAIOC",96.532567,84.976126,7.729221,0.0,3.467433,3.41462,0.052813
"1729","Gobierno Autónomo Municipal de Pucara","Santa Cruz","municipal","GAM",2055912.0,150000.0,150000.0,150000.0,0.0,1905912.0,1670241.0,151921.0,0.0,83750.0,7.296032,True,"20/210 Recursos Específicos GAM/GAIOC",92.703968,81.24088,7.38947,0.0,7.296032,7.296032,0.0
"1744","Gobierno Autónomo Municipal de Puerto Quijarro","Santa Cruz","municipal","GAM",45697585.0,12000000.0,12000000.0,12000000.0,0.0,31547320.0,14820171.0,1348009.0,0.0,15379140.0,26.259593,True,"20/210 Recursos Específicos GAM/GAIOC",69.034983,32.430972,2.949847,0.0,26.259593,26.259593,0.0
"1743","Gobierno Autónomo Municipal de Puerto Suárez","Santa Cruz","municipal","GAM",25197005.0,7956936.0,9415567.0,7956936.0,281650.0,15781438.0,14447713.0,1314131.0,1176981.0,19594.0,31.578896,True,"20/210 Recursos Específicos GAM/GAIOC",62.632198,57.339009,5.215425,4.671115,37.367802,31.578896,1.117792
"1733","Gobierno Autónomo Municipal de Quirusillas","Santa Cruz","municipal","GAM",3096414.0,250000.0,250000.0,250000.0,0.0,2846414.0,2573120.0,234044.0,0.0,39250.0,8.073856,True,"20/210 Recursos Específicos GAM/GAIOC",91.926144,83.099999,7.55855,0.0,8.073856,8.073856,0.0
"1715","Gobierno Autónomo Municipal de Roboré","Santa Cruz","municipal","GAM",20940824.0,3267920.0,3804947.0,3267920.0,537027.0,16990053.0,15547628.0,1414177.0,0.0,28248.0,15.605499,True,"20/210 Recursos Específicos GAM/GAIOC",81.133641,74.245541,6.753206,0.0,18.169997,15.605499,2.564498
"1742","Gobierno Autónomo Municipal de Saipina","Santa Cruz","municipal","GAM",7443749.0,1327700.0,1557700.0,1327700.0,230000.0,5614174.0,5090666.0,506033.0,0.0,17475.0,17.836442,True,"20/210 Recursos Específicos GAM/GAIOC",75.421323,68.388469,6.798093,0.0,20.926283,17.836442,3.089841
"1730","Gobierno Autónomo Municipal de Samaipata","Santa Cruz","municipal","GAM",19597083.0,7217818.0,7425505.0,7217818.0,200181.0,12171578.0,9821917.0,893379.0,7506.0,1456282.0,36.831083,True,"20/210 Recursos Específicos GAM/GAIOC",62.109131,50.119281,4.558735,0.038302,37.890869,36.831083,1.021484
"1749","Gobierno Autónomo Municipal de San Antonio de Lomerio","Santa Cruz","municipal","GAM",6095105.0,180000.0,223533.0,180000.0,43533.0,5871572.0,5375934.0,479888.0,0.0,15750.0,2.953189,True,"20/210 Recursos Específicos GAM/GAIOC",96.332582,88.200843,7.873334,0.0,3.667418,2.953189,0.714229
"1711","Gobierno Autónomo Municipal de San Carlos","Santa Cruz","municipal","GAM",25580506.0,5310000.0,6788783.0,5310000.0,1478783.0,17261554.0,15794548.0,1436636.0,0.0,30370.0,20.757994,True,"20/210 Recursos Específicos GAM/GAIOC",67.47933,61.744471,5.616136,0.0,26.538893,20.757994,5.780898
"1707","Gobierno Autónomo Municipal de San Ignacio (San Ignacio de Velasco)","Santa Cruz","municipal","GAM",77924456.0,10320000.0,15489334.0,10320000.0,5162300.0,62280555.0,56759568.0,5462695.0,7034.0,58292.0,13.243596,True,"20/210 Recursos Específicos GAM/GAIOC",79.924273,72.839223,7.010245,0.009027,19.877372,13.243596,6.624749
"1738","Gobierno Autónomo Municipal de San Javier","Santa Cruz","municipal","GAM",19413631.0,3724000.0,4000661.0,3724000.0,271899.0,13851552.0,12685060.0,1126517.0,4762.0,39975.0,19.182398,True,"20/210 Recursos Específicos GAM/GAIOC",71.34962,65.340997,5.802712,0.024529,20.607485,19.182398,1.400557
"1713","Gobierno Autónomo Municipal de San José","Santa Cruz","municipal","GAM",51078195.0,5948939.0,6582077.0,5948939.0,633138.0,44014038.0,34054136.0,3097487.0,0.0,6862415.0,11.646729,True,"20/210 Recursos Específicos GAM/GAIOC",86.169917,66.670594,6.064206,0.0,12.886276,11.646729,1.239547
"1752","Gobierno Autónomo Municipal de San Juan","Santa Cruz","municipal","GAM",18896749.0,2555000.0,2555165.0,2555000.0,165.0,10163982.0,8485059.0,771781.0,0.0,907142.0,13.520844,True,"20/210 Recursos Específicos GAM/GAIOC",53.786934,44.902216,4.0842,0.0,13.521717,13.520844,0.000873
"1739","Gobierno Autónomo Municipal de San Julián","Santa Cruz","municipal","GAM",105893072.0,14200000.0,15144616.0,14200000.0,944616.0,58199546.0,38008624.0,3375316.0,0.0,16815606.0,13.409754,True,"20/210 Recursos Específicos GAM/GAIOC",54.960674,35.8934,3.187476,0.0,14.301801,13.409754,0.892047
"1740","Gobierno Autónomo Municipal de San Matías","Santa Cruz","municipal","GAM",15400060.0,1202440.0,1476594.0,1202440.0,210500.0,13923466.0,12750036.0,1159713.0,63654.0,13717.0,7.808022,True,"20/210 Recursos Específicos GAM/GAIOC",90.411765,82.792119,7.530575,0.413336,9.588235,7.808022,1.366878
"1708","Gobierno Autónomo Municipal de San Miguel (San Miguel de Velasco)","Santa Cruz","municipal","GAM",21771696.0,2100000.0,2593290.0,2100000.0,491121.0,19178406.0,12617847.0,1147690.0,2169.0,5412869.0,9.645551,True,"20/210 Recursos Específicos GAM/GAIOC",88.088709,57.955278,5.271477,0.009962,11.911291,9.645551,2.255777
"1754","Gobierno Autónomo Municipal de San Pedro","Santa Cruz","municipal","GAM",20019625.0,6120000.0,6260055.0,6120000.0,140055.0,13759570.0,12602050.0,1146253.0,0.0,11267.0,30.570003,True,"20/210 Recursos Específicos GAM/GAIOC",68.730408,62.948482,5.725647,0.0,31.269592,30.570003,0.699589
"1709","Gobierno Autónomo Municipal de San Rafael","Santa Cruz","municipal","GAM",14731530.0,3761000.0,4692240.0,3761000.0,922874.0,7985176.0,7304500.0,664401.0,8366.0,16275.0,25.530274,True,"20/210 Recursos Específicos GAM/GAIOC",54.204662,49.584123,4.510061,0.05679,31.851681,25.530274,6.264617
"1750","Gobierno Autónomo Municipal de San Ramón","Santa Cruz","municipal","GAM",20231199.0,2496001.0,5677473.0,2496001.0,1516733.0,14553726.0,7006035.0,637252.0,1664739.0,6910439.0,12.337385,True,"20/210 Recursos Específicos GAM/GAIOC",71.937041,34.629856,3.149848,8.228573,28.062959,12.337385,7.497
"1701","Gobierno Autónomo Municipal de Santa Cruz de La Sierra","Santa Cruz","municipal","GAM",4791974704.0,1909259843.0,2401964767.0,1909259843.0,492651793.0,1872533980.0,1739823891.0,127497087.0,53131.0,5213002.0,39.842861,True,"20/210 Recursos Específicos GAM/GAIOC",39.076458,36.307034,2.660638,0.001109,50.124738,39.842861,10.280768
"1717","Gobierno Autónomo Municipal de Santa Rosa del Sara","Santa Cruz","municipal","GAM",20610729.0,2378735.0,2396753.0,2378735.0,18018.0,18213976.0,14951529.0,1359957.0,0.0,1902490.0,11.541246,True,"20/210 Recursos Específicos GAM/GAIOC",88.371333,72.542456,6.598296,0.0,11.628667,11.541246,0.08742
"1726","Gobierno Autónomo Municipal de Trigal","Santa Cruz","municipal","GAM",2451369.0,250000.0,250000.0,250000.0,0.0,2201369.0,1967875.0,178994.0,0.0,54500.0,10.198383,True,"20/210 Recursos Específicos GAM/GAIOC",89.801617,80.276572,7.301797,0.0,10.198383,10.198383,0.0
"1746","Gobierno Autónomo Municipal de Urubicha","Santa Cruz","municipal","GAM",6477432.0,411900.0,533286.0,411900.0,121386.0,5944146.0,5427245.0,493651.0,0.0,23250.0,6.359002,True,"20/210 Recursos Específicos GAM/GAIOC",91.767015,83.786985,7.621091,0.0,8.232985,6.359002,1.873983
"1725","Gobierno Autónomo Municipal de Vallegrande","Santa Cruz","municipal","GAM",31403432.0,6630304.0,6632016.0,6630304.0,1712.0,23571416.0,14276449.0,1298554.0,0.0,7996413.0,21.11331,True,"20/210 Recursos Específicos GAM/GAIOC",75.06,45.461429,4.13507,0.0,21.118762,21.11331,0.005452
"1706","Gobierno Autónomo Municipal de Warnes","Santa Cruz","municipal","GAM",359415375.0,174353816.0,174615840.0,174353816.0,250814.0,170767816.0,129374523.0,11403781.0,11210.0,29989512.0,48.510394,True,"20/210 Recursos Específicos GAM/GAIOC",47.512663,35.995823,3.17287,0.003119,48.583297,48.510394,0.069784
"1712","Gobierno Autónomo Municipal de Yapacaní","Santa Cruz","municipal","GAM",82374547.0,16111500.0,19652608.0,16111500.0,3541108.0,59837405.0,47956464.0,4362011.0,0.0,7518930.0,19.558833,True,"20/210 Recursos Específicos GAM/GAIOC",72.640648,58.217575,5.295338,0.0,23.857622,19.558833,4.298789
"906","Gobierno Autónomo Departamental de Tarija","Tarija","departamental","GAD",840539499.0,None,347925821.0,0.0,35464286.0,469436912.0,0.0,53859823.0,312461535.0,415577089.0,None,False,"No calculado para entidades no GAM/GAIOC",55.849477,0.0,6.407768,37.173926,41.393155,0.0,4.219229
"1603","Gobierno Autónomo Municipal de Bermejo","Tarija","municipal","GAM",92477448.0,28548154.0,28552087.0,28548154.0,3933.0,50347537.0,37860713.0,9854825.0,0.0,2631999.0,30.870396,True,"20/210 Recursos Específicos GAM/GAIOC",54.443043,40.940482,10.656463,0.0,30.874648,30.870396,0.004253
"1605","Gobierno Autónomo Municipal de Caraparí","Tarija","municipal","GAM",51198627.0,5771576.0,5983126.0,5771576.0,211550.0,19062373.0,14111089.0,4847932.0,0.0,103352.0,11.272912,True,"20/210 Recursos Específicos GAM/GAIOC",37.232196,27.56146,9.468871,0.0,11.686106,11.272912,0.413195
"1610","Gobierno Autónomo Municipal de El Puente","Tarija","municipal","GAM",22257153.0,2200000.0,2324801.0,2200000.0,0.0,16818476.0,8191431.0,2623618.0,124801.0,6003427.0,9.884463,True,"20/210 Recursos Específicos GAM/GAIOC",75.564364,36.803588,11.787752,0.560723,10.445186,9.884463,0.0
"1611","Gobierno Autónomo Municipal de Entre Ríos","Tarija","municipal","GAM",33960713.0,1516883.0,1967553.0,1516883.0,446705.0,26494360.0,19851199.0,6592054.0,3965.0,51107.0,4.466582,True,"20/210 Recursos Específicos GAM/GAIOC",78.014734,58.453422,19.410823,0.011675,5.793615,4.466582,1.315358
"1602","Gobierno Autónomo Municipal de Padcaya","Tarija","municipal","GAM",38045325.0,1000000.0,1003461.0,1000000.0,3461.0,33909738.0,14784422.0,4740670.0,0.0,14384646.0,2.628444,True,"20/210 Recursos Específicos GAM/GAIOC",89.129842,38.860023,12.460585,0.0,2.637541,2.628444,0.009097
"1609","Gobierno Autónomo Municipal de San Lorenzo","Tarija","municipal","GAM",44450081.0,6487358.0,6801295.0,6487358.0,313937.0,34179680.0,25898940.0,8202028.0,0.0,78712.0,14.594705,True,"20/210 Recursos Específicos GAM/GAIOC",76.894528,58.265226,18.452223,0.0,15.300973,14.594705,0.706269
"1601","Gobierno Autónomo Municipal de Tarija","Tarija","municipal","GAM",567296182.0,205725564.0,209725931.0,205725564.0,4000367.0,317161584.0,225082273.0,73452621.0,0.0,18626690.0,36.264225,True,"20/210 Recursos Específicos GAM/GAIOC",55.907583,39.676324,12.947843,0.0,36.969389,36.264225,0.705164
"1607","Gobierno Autónomo Municipal de Uriondo (Concepción)","Tarija","municipal","GAM",33139396.0,4860624.0,4860624.0,4860624.0,0.0,24362011.0,13470123.0,4253088.0,0.0,6638800.0,14.667208,True,"20/210 Recursos Específicos GAM/GAIOC",73.513745,40.646857,12.833933,0.0,14.667208,14.667208,0.0
"1606","Gobierno Autónomo Municipal de Villamontes","Tarija","municipal","GAM",93009878.0,13896607.0,16401481.0,13896607.0,2503886.0,51126233.0,38251771.0,12813558.0,988.0,60904.0,14.941001,True,"20/210 Recursos Específicos GAM/GAIOC",54.968606,41.126568,13.776556,0.001062,17.634128,14.941001,2.692065
"1604","Gobierno Autónomo Municipal de Yacuiba","Tarija","municipal","GAM",194028218.0,43261322.0,49012555.0,43261322.0,5751233.0,112393807.0,84923518.0,27165563.0,0.0,304726.0,22.296407,True,"20/210 Recursos Específicos GAM/GAIOC",57.926526,43.768643,14.000831,0.0,25.260529,22.296407,2.964122
"1608","Gobierno Autónomo Municipal de Yunchara","Tarija","municipal","GAM",9529971.0,313544.0,313544.0,313544.0,0.0,5793767.0,4140180.0,1423350.0,0.0,230237.0,3.290083,True,"20/210 Recursos Específicos GAM/GAIOC",60.795222,43.443784,14.935512,0.0,3.290083,3.290083,0.0
"4601","Gobierno Autónomo Regional del Gran Chaco","Tarija","regional","GAR",289805279.0,None,267551355.0,0.0,4950544.0,22253924.0,0.0,22253924.0,262600811.0,0.0,None,False,"No calculado para entidades no GAM/GAIOC",7.678923,0.0,7.678923,90.612846,92.321077,0.0,1.708231