;;;;;;;;;;;;;No Pobre;;;Pobre;;
N°;NIVEL;DEPARTAMENTO;PROVINCIA;MUNICIPIO / TIOC;ÁREA;Inadecuados Materiales de la Vivienda;Insuficientes Espacios en la Vivienda;Inadecuados Servicios de Agua y Saneamiento;Inadecuados Insumos Energéticos;Insuficiencia en educación;Inadecuada atención en salud;Total Población No Pobre;Necesidades Básicas Satisfechas;Umbral;Total Población Pobre;Moderada;Indigente;Marginal
1;Pais;;;;BOLIVIA ;2.313.427;6.994.845;3.139.999;1.948.696;3.380.491;1.756.802;70,2;30;40,1;29,8;26,1;3,6;0,1
2;Pais;;;;Urbana;628.821;4.771.000;1.248.546;202.679;1.647.283;1.115.672;84,2;39,6;44,6;15,8;15,1;0,7;0
3;Pais;;;;Rural;1.684.606;2.223.845;1.891.453;1.746.017;1.733.208;641.130;38,2;8,3;30;61,8;51,1;10,3;0,4
4;Departamento;CHUQUISACA;;;CHUQUISACA;156.371;360.988;192.835;185.712;261.980;73.821;62,4;28,3;34,1;37,6;31,2;6,3;0,2
5;Departamento;CHUQUISACA;;;Urbana;20.126;193.753;36.006;7.002;83.094;40.938;86,4;45,4;41;13,6;12,8;0,8;0
6;Departamento;CHUQUISACA;;;Rural;136.245;167.235;156.829;178.710;178.886;32.883;32,2;6,8;25,5;67,8;54,3;13,1;0,4
7;Provincia;CHUQUISACA;Oropeza;;Oropeza;30.101;187.854;54.027;30.633;87.697;43.181;80,3;43,4;36,8;19,7;16,8;2,8;0,1
8;Provincia;CHUQUISACA;Oropeza;;Urbana;12.931;158.972;28.094;3.782;60.419;36.337;87,4;48,9;38,4;12,6;11,8;0,8;0
9;Provincia;CHUQUISACA;Oropeza;;Rural;17.170;28.882;25.933;26.851;27.278;6.844;34,8;8,3;26,5;65,2;48,9;15,8;0,5
10;Municipio;CHUQUISACA;Oropeza;Sucre;Sucre;21.136;172.407;39.933;16.306;73.096;39.845;83,8;46;37,8;16,2;14,4;1,7;0
11;Municipio;CHUQUISACA;Oropeza;Sucre;Urbana;12.931;158.972;28.094;3.782;60.419;36.337;87,4;48,9;38,4;12,6;11,8;0,8;0
12;Municipio;CHUQUISACA;Oropeza;Sucre;Rural;8.205;13.435;11.839;12.524;12.677;3.508;35,9;7,1;28,8;64,1;49,3;14,5;0,3
13;Municipio;CHUQUISACA;Oropeza;Yotala;Yotala;1.265;5.497;2.820;2.370;4.570;734;66,5;20;46,5;33,5;30,9;2,6;0
14;Municipio;CHUQUISACA;Oropeza;Yotala;Urbana;0;0;0;0;0;0;0;0;0;0;0;0;0
15;Municipio;CHUQUISACA;Oropeza;Yotala;Rural;1.265;5.497;2.820;2.370;4.570;734;66,5;20;46,5;33,5;30,9;2,6;0
16;Municipio;CHUQUISACA;Oropeza;Poroma;Poroma;7.700;9.950;11.274;11.957;10.031;2.602;11,8;2,2;9,6;88,2;60,4;26,8;1
17;Municipio;CHUQUISACA;Oropeza;Poroma;Urbana;0;0;0;0;0;0;0;0;0;0;0;0;0
18;Municipio;CHUQUISACA;Oropeza;Poroma;Rural;7.700;9.950;11.274;11.957;10.031;2.602;11,8;2,2;9,6;88,2;60,4;26,8;1
19;Provincia;CHUQUISACA;Azurduy;;Azurduy;13.860;16.368;15.186;17.070;16.893;2.334;29,7;7,2;22,4;70,3;51,8;18,3;0,3
20;Provincia;CHUQUISACA;Azurduy;;Urbana;0;0;0;0;0;0;0;0;0;0;0;0;0
21;Provincia;CHUQUISACA;Azurduy;;Rural;13.860;16.368;15.186;17.070;16.893;2.334;29,7;7,2;22,4;70,3;51,8;18,3;0,3
22;Municipio;CHUQUISACA;Azurduy;Azurduy;Azurduy;4.051;4.662;4.965;5.963;5.600;995;28,3;9,9;18,4;71,7;48,8;22,5;0,5
23;Municipio;CHUQUISACA;Azurduy;Azurduy;Urbana;0;0;0;0;0;0;0;0;0;0;0;0;0
24;Municipio;CHUQUISACA;Azurduy;Azurduy;Rural;4.051;4.662;4.965;5.963;5.600;995;28,3;9,9;18,4;71,7;48,8;22,5;0,5
25;Municipio;CHUQUISACA;Azurduy;Tarvita;Tarvita;9.809;11.706;10.221;11.107;11.293;1.339;30,3;6;24,3;69,7;53,2;16,4;0,2
26;Municipio;CHUQUISACA;Azurduy;Tarvita;Urbana;0;0;0;0;0;0;0;0;0;0;0;0;0
27;Municipio;CHUQUISACA;Azurduy;Tarvita;Rural;9.809;11.706;10.221;11.107;11.293;1.339;30,3;6;24,3;69,7;53,2;16,4;0,2
28;Provincia;CHUQUISACA;Zudáñez;;Zudáñez;19.413;29.412;23.245;27.972;28.841;4.358;38,5;6,7;31,8;61,5;52;9,3;0,2
29;Provincia;CHUQUISACA;Zudáñez;;Urbana;1.304;6.192;1.148;738;4.714;527;79,3;19,2;60,1;20,7;20,3;0,4;0
30;Provincia;CHUQUISACA;Zudáñez;;Rural;18.109;23.220;22.097;27.234;24.127;3.831;27,1;3,2;23,9;72,9;60,8;11,8;0,3
31;Municipio;CHUQUISACA;Zudáñez;Zudáñez;Zudáñez;5.315;9.793;7.389;8.424;8.720;1.016;40,4;8,1;32,4;59,6;53,1;6,4;0
32;Municipio;CHUQUISACA;Zudáñez;Zudáñez;Urbana;496;3.082;574;363;2.225;225;80,8;21,3;59,5;19,2;19;0,2;0
33;Municipio;CHUQUISACA;Zudáñez;Zudáñez;Rural;4.819;6.711;6.815;8.061;6.495;791;19,1;1,1;18;80,9;71,2;9,7;0
34;Municipio;CHUQUISACA;Zudáñez;Presto;Presto;6.534;8.890;7.195;8.318;8.581;1.584;30,6;4,7;25,8;69,4;53,6;15,3;0,5
35;Municipio;CHUQUISACA;Zudáñez;Presto;Urbana;297;1.458;303;281;1.212;125;73,3;16,8;56,5;26,7;25,8;0,9;0
36;Municipio;CHUQUISACA;Zudáñez;Presto;Rural;6.237;7.432;6.892;8.037;7.369;1.459;21,4;2,1;19,3;78,6;59,5;18,4;0,6
37;Municipio;CHUQUISACA;Zudáñez;Mojocoya;Mojocoya;3.758;5.679;4.519;4.632;5.168;690;45,9;7,8;38,1;54,1;49,3;4,8;0
38;Municipio;CHUQUISACA;Zudáñez;Mojocoya;Urbana;511;1.652;271;94;1.277;177;81,5;17,6;63,9;18,5;18,2;0,3;0
39;Municipio;CHUQUISACA;Zudáñez;Mojocoya;Rural;3.247;4.027;4.248;4.538;3.891;513;30,7;3,7;27;69,3;62,6;6,7;0
40;Municipio;CHUQUISACA;Zudáñez;Icla;Icla;3.806;5.050;4.142;6.598;6.372;1.068;38,8;6,1;32,6;61,2;50,8;10;0,4
41;Municipio;CHUQUISACA;Zudáñez;Icla;Urbana;0;0;0;0;0;0;0;0;0;0;0;0;0
42;Municipio;CHUQUISACA;Zudáñez;Icla;Rural;3.806;5.050;4.142;6.598;6.372;1.068;38,8;6,1;32,6;61,2;50,8;10;0,4
43;Provincia;CHUQUISACA;Tomina;;Tomina;13.614;19.574;15.530;21.106;22.073;2.160;44,5;13,7;30,8;55,5;49,7;5,7;0,1
44;Provincia;CHUQUISACA;Tomina;;Urbana;549;3.389;765;448;2.642;336;84,9;30,1;54,8;15,1;14,9;0,2;0
45;Provincia;CHUQUISACA;Tomina;;Rural;13.065;16.185;14.765;20.658;19.431;1.824;35,6;10,1;25,4;64,4;57,5;6,9;0,1
46;Municipio;CHUQUISACA;Tomina;Padilla;Padilla;3.270;4.643;3.978;4.511;5.785;632;50,5;17,2;33,3;49,5;44;5,4;0
47;Municipio;CHUQUISACA;Tomina;Padilla;Urbana;275;2.096;492;178;1.745;225;87;34,1;52,9;13;12,7;0,3;0
48;Municipio;CHUQUISACA;Tomina;Padilla;Rural;2.995;2.547;3.486;4.333;4.040;407;19,9;3;17;80,1;70,3;9,7;0,1
49;Municipio;CHUQUISACA;Tomina;Tomina;Tomina;3.373;4.979;3.321;5.622;5.952;571;44,1;8,2;35,9;55,9;53,2;2,7;0
50;Municipio;CHUQUISACA;Tomina;Tomina;Urbana;274;1.293;273;270;897;111;80,5;21,7;58,8;19,5;19,4;0,1;0
51;Municipio;CHUQUISACA;Tomina;Tomina;Rural;3.099;3.686;3.048;5.352;5.055;460;32,8;4,1;28,8;67,2;63,6;3,5;0
52;Municipio;CHUQUISACA;Tomina;Sopachuy;Sopachuy;3.427;3.794;3.888;4.617;5.106;574;35,2;13,5;21,7;64,8;53,8;10,9;0,1
53;Municipio;CHUQUISACA;Tomina;Sopachuy;Urbana;0;0;0;0;0;0;0;0;0;0;0;0;0
54;Municipio;CHUQUISACA;Tomina;Sopachuy;Rural;3.427;3.794;3.888;4.617;5.106;574;35,2;13,5;21,7;64,8;53,8;10,9;0,1
55;Municipio;CHUQUISACA;Tomina;Alcalá;Alcalá;1.442;2.026;1.413;2.064;1.942;140;58,2;24,7;33,4;41,8;38,9;2,9;0
56;Municipio;CHUQUISACA;Tomina;Alcalá;Urbana;0;0;0;0;0;0;0;0;0;0;0;0;0
57;Municipio;CHUQUISACA;Tomina;Alcalá;Rural;1.442;2.026;1.413;2.064;1.942;140;58,2;24,7;33,4;41,8;38,9;2,9;0
58;Municipio;CHUQUISACA;Tomina;El Villar;El Villar;2.102;4.132;2.930;4.292;3.288;243;38;9,6;28,4;62;55,8;6;0,2
59;Municipio;CHUQUISACA;Tomina;El Villar;Urbana;0;0;0;0;0;0;0;0;0;0;0;0;0
60;Municipio;CHUQUISACA;Tomina;El Villar;Rural;2.102;4.132;2.930;4.292;3.288;243;38;9,6;28,4;62;55,8;6;0,2
61;Provincia;CHUQUISACA;Hernando Siles;;Hernando Siles;7.809;19.429;9.778;11.747;15.355;2.033;60,1;19,3;40,7;39,9;35,9;3,9;0,1
62;Provincia;CHUQUISACA;Hernando Siles;;Urbana;793;7.872;1.132;309;4.191;844;87;33,3;53,7;13;12,5;0,4;0,1
63;Provincia;CHUQUISACA;Hernando Siles;;Rural;7.016;11.557;8.646;11.438;11.164;1.189;40,9;9,4;31,4;59,1;52,7;6,4;0,1
64;Municipio;CHUQUISACA;Hernando Siles;Monteagudo;Monteagudo;4.918;15.147;6.417;7.728;11.686;1.600;64;20;44;36;32,3;3,7;0,1
65;Municipio;CHUQUISACA;Hernando Siles;Monteagudo;Urbana;793;7.872;1.132;309;4.191;844;87;33,3;53,7;13;12,5;0,4;0,1
66;Municipio;CHUQUISACA;Hernando Siles;Monteagudo;Rural;4.125;7.275;5.285;7.419;7.495;756;37,7;4,8;32,8;62,3;54,9;7,4;0,1
67;Municipio;CHUQUISACA;Hernando Siles;Huacareta;Huacareta;2.891;4.282;3.361;4.019;3.669;433;46,1;17;29,2;53,9;49;4,9;0
68;Municipio;CHUQUISACA;Hernando Siles;Huacareta;Urbana;0;0;0;0;0;0;0;0;0;0;0;0;0
69;Municipio;CHUQUISACA;Hernando Siles;Huacareta;Rural;2.891;4.282;3.361;4.019;3.669;433;46,1;17;29,2;53,9;49;4,9;0
70;Provincia;CHUQUISACA;Yamparáez;;Yamparáez;8.432;10.672;10.943;10.869;15.127;4.190;40,4;8,2;32,3;59,6;50,6;8,7;0,3
71;Provincia;CHUQUISACA;Yamparáez;;Urbana;859;1.533;883;239;1.878;668;55,1;10,8;44,3;44,9;40,8;4,1;0
72;Provincia;CHUQUISACA;Yamparáez;;Rural;7.573;9.139;10.060;10.630;13.249;3.522;38,2;7,8;30,4;61,8;52,1;9,5;0,3
73;Municipio;CHUQUISACA;Yamparáez;Tarabuco;Tarabuco;5.512;6.002;6.644;7.045;9.555;3.107;38,5;7,5;31,1;61,5;51,8;9,3;0,3
74;Municipio;CHUQUISACA;Yamparáez;Tarabuco;Urbana;859;1.533;883;239;1.878;668;55,1;10,8;44,3;44,9;40,8;4,1;0
75;Municipio;CHUQUISACA;Yamparáez;Tarabuco;Rural;4.653;4.469;5.761;6.806;7.677;2.439;33,9;6,5;27,4;66,1;54,9;10,8;0,4
76;Municipio;CHUQUISACA;Yamparáez;Yamparáez;Yamparáez;2.920;4.670;4.299;3.824;5.572;1.083;43,4;9,3;34,1;56,6;48,6;7,8;0,2
77;Municipio;CHUQUISACA;Yamparáez;Yamparáez;Urbana;0;0;0;0;0;0;0;0;0;0;0;0;0
78;Municipio;CHUQUISACA;Yamparáez;Yamparáez;Rural;2.920;4.670;4.299;3.824;5.572;1.083;43,4;9,3;34,1;56,6;48,6;7,8;0,2
79;Provincia;CHUQUISACA;Nor Cinti;;Nor Cinti;39.960;43.401;41.984;37.822;44.855;9.795;36,7;10;26,7;63,3;47,8;14,8;0,7
80;Provincia;CHUQUISACA;Nor Cinti;;Urbana;1.826;7.752;1.896;742;4.506;1.154;82,7;32,3;50,4;17,3;16;1,2;0
81;Provincia;CHUQUISACA;Nor Cinti;;Rural;38.134;35.649;40.088;37.080;40.349;8.641;25,9;4,7;21,1;74,1;55,3;18;0,9
82;Municipio;CHUQUISACA;Nor Cinti;Camargo;Camargo;4.940;7.849;5.619;5.597;7.253;1.440;55,8;19,6;36,2;44,2;38,7;5,3;0,2
83;Municipio;CHUQUISACA;Nor Cinti;Camargo;Urbana;232;2.750;450;70;1.156;389;92,6;43,9;48,6;7,4;7,3;0,1;0
84;Municipio;CHUQUISACA;Nor Cinti;Camargo;Rural;4.708;5.099;5.169;5.527;6.097;1.051;34,6;5,5;29;65,4;56,8;8,4;0,2
85;Municipio;CHUQUISACA;Nor Cinti;San Lucas;San Lucas;16.482;14.530;16.731;14.848;16.364;3.981;34,5;9,4;25,2;65,5;51;14,1;0,4
86;Municipio;CHUQUISACA;Nor Cinti;San Lucas;Urbana;587;1.542;690;271;875;282;75,9;32,3;43,6;24,1;23,3;0,9;0
87;Municipio;CHUQUISACA;Nor Cinti;San Lucas;Rural;15.895;12.988;16.041;14.577;15.489;3.699;29,6;6,6;23;70,4;54,3;15,7;0,4
88;Municipio;CHUQUISACA;Nor Cinti;Incahuasi;Incahuasi;9.824;11.690;10.792;10.127;11.266;2.196;26,9;5,1;21,9;73,1;48,7;23;1,4
89;Municipio;CHUQUISACA;Nor Cinti;Incahuasi;Urbana;558;1.873;560;330;1.299;174;72;20,2;51,8;28;23,8;4,1;0,1
90;Municipio;CHUQUISACA;Nor Cinti;Incahuasi;Rural;9.266;9.817;10.232;9.797;9.967;2.022;17,2;1,8;15,4;82,8;54;27,1;1,7
91;Municipio;CHUQUISACA;Nor Cinti;Villa Charcas;Villa Charcas;8.714;9.332;8.842;7.250;9.972;2.178;32,5;7,1;25,5;67,5;50;16,2;1,3
92;Municipio;CHUQUISACA;Nor Cinti;Villa Charcas;Urbana;449;1.587;196;71;1.176;309;82,1;22,3;59,8;17,9;17,2;0,7;0
93;Municipio;CHUQUISACA;Nor Cinti;Villa Charcas;Rural;8.265;7.745;8.646;7.179;8.796;1.869;21,3;3,6;17,7;78,7;57,4;19,7;1,5
94;Provincia;CHUQUISACA;Belisario Boeto;;Belisario Boeto;3.461;4.147;3.374;4.922;5.847;997;52,8;17,4;35,3;47,2;43;4,1;0,1
95;Provincia;CHUQUISACA;Belisario Boeto;;Urbana;306;1.655;236;210;1.319;291;85,5;39,4;46,1;14,5;14,2;0,3;0
96;Provincia;CHUQUISACA;Belisario Boeto;;Rural;3.155;2.492;3.138;4.712;4.528;706;33,1;4,2;28,9;66,9;60,4;6,4;0,1
97;Municipio;CHUQUISACA;Belisario Boeto;Villa Serrano;Villa Serrano;3.461;4.147;3.374;4.922;5.847;997;52,8;17,4;35,3;47,2;43;4,1;0,1
98;Municipio;CHUQUISACA;Belisario Boeto;Villa Serrano;Urbana;306;1.655;236;210;1.319;291;85,5;39,4;46,1;14,5;14,2;0,3;0
99;Municipio;CHUQUISACA;Belisario Boeto;Villa Serrano;Rural;3.155;2.492;3.138;4.712;4.528;706;33,1;4,2;28,9;66,9;60,4;6,4;0,1
100;Provincia;CHUQUISACA;Sud Cinti;;Sud Cinti;13.311;15.898;11.930;13.165;16.115;3.150;40,5;9,9;30,6;59,5;48,5;10,7;0,3
101;Provincia;CHUQUISACA;Sud Cinti;;Urbana;1.233;3.507;1.245;442;2.453;493;75,9;26,8;49;24,1;21,6;2,5;0,1
102;Provincia;CHUQUISACA;Sud Cinti;;Rural;12.078;12.391;10.685;12.723;13.662;2.657;30,1;5;25,1;69,9;56,3;13,2;0,4
103;Municipio;CHUQUISACA;Sud Cinti;Villa Abecia;Villa Abecia;2.140;3.694;2.136;2.584;2.747;505;50,9;11,7;39,2;49,1;43,1;5,9;0,1
104;Municipio;CHUQUISACA;Sud Cinti;Villa Abecia;Urbana;325;1.676;464;167;789;138;80,4;23,4;57;19,6;18,5;1,1;0
105;Municipio;CHUQUISACA;Sud Cinti;Villa Abecia;Rural;1.815;2.018;1.672;2.417;1.958;367;28;2,6;25,4;72;62,2;9,7;0,1
106;Municipio;CHUQUISACA;Sud Cinti;Culpina;Culpina;9.424;8.694;7.874;7.642;10.603;2.186;34,3;8,6;25,7;65,7;50,7;14,6;0,5
107;Municipio;CHUQUISACA;Sud Cinti;Culpina;Urbana;908;1.831;781;275;1.664;355;72,8;29,2;43,6;27,2;23,7;3,4;0,1
108;Municipio;CHUQUISACA;Sud Cinti;Culpina;Rural;8.516;6.863;7.093;7.367;8.939;1.831;22,9;2,5;20,4;77,1;58,6;17,9;0,6
109;Municipio;CHUQUISACA;Sud Cinti;Las Carreras;Las Carreras;1.747;3.510;1.920;2.939;2.765;459;47,8;11,9;35,8;52,2;47,6;4,5;0,1
110;Municipio;CHUQUISACA;Sud Cinti;Las Carreras;Urbana;0;0;0;0;0;0;0;0;0;0;0;0;0
111;Municipio;CHUQUISACA;Sud Cinti;Las Carreras;Rural;1.747;3.510;1.920;2.939;2.765;459;47,8;11,9;35,8;52,2;47,6;4,5;0,1
112;Provincia;CHUQUISACA;Luis Calvo;;Luis Calvo;6.410;14.233;6.838;10.406;9.177;1.623;51,6;14,4;37,2;48,4;42,2;6,1;0,1
113;Provincia;CHUQUISACA;Luis Calvo;;Urbana;325;2.881;607;92;972;288;86,6;32,3;54,3;13,4;12,2;1,2;0
114;Provincia;CHUQUISACA;Luis Calvo;;Rural;6.085;11.352;6.231;10.314;8.205;1.335;42,8;9,9;33;57,2;49,8;7,4;0,1
115;Municipio;CHUQUISACA;Luis Calvo;Villa Vaca Guzmán;Villa Vaca Guzmán;3.031;8.250;4.135;5.562;5.122;861;50,4;14,3;36,2;49,6;41,7;7,8;0,1
116;Municipio;CHUQUISACA;Luis Calvo;Villa Vaca Guzmán;Urbana;325;2.881;607;92;972;288;86,6;32,3;54,3;13,4;12,2;1,2;0
117;Municipio;CHUQUISACA;Luis Calvo;Villa Vaca Guzmán;Rural;2.706;5.369;3.528;5.470;4.150;573;29,3;3,7;25,6;70,7;59;11,6;0,1
118;Municipio;CHUQUISACA;Luis Calvo;Huacaya (Autonomía Guaraní Chaqueño de Huacaya);Huacaya (Autonomía Guaraní Chaqueño de Huacaya);784;1.836;805;1.690;1.103;154;54,6;12,9;41,7;45,4;43,8;1,5;0,2
119;Municipio;CHUQUISACA;Luis Calvo;Huacaya (Autonomía Guaraní Chaqueño de Huacaya);Urbana;0;0;0;0;0;0;0;0;0;0;0;0;0
120;Municipio;CHUQUISACA;Luis Calvo;Huacaya (Autonomía Guaraní Chaqueño de Huacaya);Rural;784;1.836;805;1.690;1.103;154;54,6;12,9;41,7;45,4;43,8;1,5;0,2
121;Municipio;CHUQUISACA;Luis Calvo;Macharetí;Macharetí;2.595;4.147;1.898;3.154;2.952;608;52,3;15,1;37,2;47,7;42,4;5,2;0
122;Municipio;CHUQUISACA;Luis Calvo;Macharetí;Urbana;0;0;0;0;0;0;0;0;0;0;0;0;0
123;Municipio;CHUQUISACA;Luis Calvo;Macharetí;Rural;2.595;4.147;1.898;3.154;2.952;608;52,3;15,1;37,2;47,7;42,4;5,2;0
124;Departamento;LA PAZ;;;LA PAZ;704.366;1.595.586;830.566;554.459;768.996;638.684;68,2;30,3;37,9;31,8;27,8;3,9;0,1
125;Departamento;LA PAZ;;;Urbana;145.528;956.098;209.809;51.961;331.353;390.067;84,8;42,7;42,1;15,2;14,4;0,8;0
126;Departamento;LA PAZ;;;Rural;558.838;639.488;620.757;502.498;437.643;248.617;37,3;7,3;30;62,7;52,9;9,6;0,2
127;Provincia;LA PAZ;Murillo;;Murillo;115.489;829.537;154.635;41.074;281.298;347.987;85,7;45,2;40,5;14,3;13,5;0,8;0
128;Provincia;LA PAZ;Murillo;;Urbana;96.305;795.486;122.228;23.906;257.849;331.994;87,1;46,2;40,8;12,9;12,4;0,5;0
129;Provincia;LA PAZ;Murillo;;Rural;19.184;34.051;32.407;17.168;23.449;15.993;43,9;13,2;30,7;56,1;46,3;9,6;0,2
130;Municipio;LA PAZ;Murillo;Nuestra Señora de La Paz;Nuestra Señora de La Paz;24.726;323.130;34.873;7.475;76.735;98.253;92,8;60,7;32;7,2;6,9;0,3;0
131;Municipio;LA PAZ;Murillo;Nuestra Señora de La Paz;Urbana;21.575;318.692;30.756;4.131;73.874;96.141;93,3;61,2;32,1;6,7;6,5;0,2;0
132;Municipio;LA PAZ;Murillo;Nuestra Señora de La Paz;Rural;3.151;4.438;4.117;3.344;2.861;2.112;38,3;9,1;29,1;61,7;46,9;14,4;0,4
133;Municipio;LA PAZ;Murillo;Palca;Palca;8.503;13.439;14.639;7.359;10.357;6.636;34,7;5,8;28,8;65,3;54,6;10,5;0,2
134;Municipio;LA PAZ;Murillo;Palca;Urbana;0;0;0;0;0;0;0;0;0;0;0;0;0
135;Municipio;LA PAZ;Murillo;Palca;Rural;8.503;13.439;14.639;7.359;10.357;6.636;34,7;5,8;28,8;65,3;54,6;10,5;0,2
136;Municipio;LA PAZ;Murillo;Mecapaca;Mecapaca;5.090;11.441;9.348;4.580;7.450;4.797;57,9;25,2;32,7;42,1;35,4;6,7;0,1
137;Municipio;LA PAZ;Murillo;Mecapaca;Urbana;0;0;0;0;0;0;0;0;0;0;0;0;0
138;Municipio;LA PAZ;Murillo;Mecapaca;Rural;5.090;11.441;9.348;4.580;7.450;4.797;57,9;25,2;32,7;42,1;35,4;6,7;0,1
139;Municipio;LA PAZ;Murillo;Achocalla;Achocalla;7.710;25.918;27.093;5.801;13.105;11.727;56,8;12,2;44,5;43,2;38,7;4,4;0,1
140;Municipio;LA PAZ;Murillo;Achocalla;Urbana;5.573;21.695;23.321;4.272;10.486;9.590;59,7;13,5;46,2;40,3;36,8;3,5;0,1
141;Municipio;LA PAZ;Murillo;Achocalla;Rural;2.137;4.223;3.772;1.529;2.619;2.137;38,6;4,6;34;61,4;50,9;10,3;0,2
142;Municipio;LA PAZ;Murillo;El Alto;El Alto;69.460;455.609;68.682;15.859;173.651;226.574;83,1;35,3;47,8;16,9;16,2;0,7;0
143;Municipio;LA PAZ;Murillo;El Alto;Urbana;69.157;455.099;68.151;15.503;173.489;226.263;83,2;35,3;47,9;16,8;16,1;0,7;0
144;Municipio;LA PAZ;Murillo;El Alto;Rural;303;510;531;356;162;311;18,3;1,3;16,9;81,7;68,5;12,4;0,8
145;Provincia;LA PAZ;Omasuyos;;Omasuyos;41.479;46.469;39.339;33.298;35.393;23.929;51,5;15,2;36,3;48,5;41,9;6,4;0,1
146;Provincia;LA PAZ;Omasuyos;;Urbana;1.602;4.039;1.315;379;2.177;2.310;78,1;33,6;44,6;21,9;20,4;1,5;0
147;Provincia;LA PAZ;Omasuyos;;Rural;39.877;42.430;38.024;32.919;33.216;21.619;48,6;13,2;35,4;51,4;44,3;7;0,2
148;Municipio;LA PAZ;Omasuyos;Achacachi;Achacachi;19.592;22.620;17.278;12.053;17.484;13.150;54,5;15,3;39,2;45,5;39,6;5,8;0,1
149;Municipio;LA PAZ;Omasuyos;Achacachi;Urbana;1.602;4.039;1.315;379;2.177;2.310;78,1;33,6;44,6;21,9;20,4;1,5;0
150;Municipio;LA PAZ;Omasuyos;Achacachi;Rural;17.990;18.581;15.963;11.674;15.307;10.840;48,7;10,9;37,8;51,3;44,3;6,9;0,1
151;Municipio;LA PAZ;Omasuyos;Villa Ancoraimes;Villa Ancoraimes;11.147;9.617;9.853;10.158;8.153;5.307;28,9;5,1;23,8;71,1;59;11,7;0,3
152;Municipio;LA PAZ;Omasuyos;Villa Ancoraimes;Urbana;0;0;0;0;0;0;0;0;0;0;0;0;0
153;Municipio;LA PAZ;Omasuyos;Villa Ancoraimes;Rural;11.147;9.617;9.853;10.158;8.153;5.307;28,9;5,1;23,8;71,1;59;11,7;0,3
154;Municipio;LA PAZ;Omasuyos;Huarina;Huarina;3.218;4.182;4.074;2.609;3.479;1.640;53,3;13,1;40,2;46,7;41,5;5,1;0,1
155;Municipio;LA PAZ;Omasuyos;Huarina;Urbana;0;0;0;0;0;0;0;0;0;0;0;0;0
156;Municipio;LA PAZ;Omasuyos;Huarina;Rural;3.218;4.182;4.074;2.609;3.479;1.640;53,3;13,1;40,2;46,7;41,5;5,1;0,1
157;Municipio;LA PAZ;Omasuyos;Santiago de Huata;Santiago de Huata;4.146;3.895;3.846;5.002;2.991;2.004;54,9;19,2;35,7;45,1;40,2;4,7;0,2
158;Municipio;LA PAZ;Omasuyos;Santiago de Huata;Urbana;0;0;0;0;0;0;0;0;0;0;0;0;0
159;Municipio;LA PAZ;Omasuyos;Santiago de Huata;Rural;4.146;3.895;3.846;5.002;2.991;2.004;54,9;19,2;35,7;45,1;40,2;4,7;0,2
160;Municipio;LA PAZ;Omasuyos;Huatajata;Huatajata;845;2.082;1.323;1.079;1.030;532;79,7;42,7;37;20,3;18,1;2,2;0
161;Municipio;LA PAZ;Omasuyos;Huatajata;Urbana;0;0;0;0;0;0;0;0;0;0;0;0;0
162;Municipio;LA PAZ;Omasuyos;Huatajata;Rural;845;2.082;1.323;1.079;1.030;532;79,7;42,7;37;20,3;18,1;2,2;0
163;Municipio;LA PAZ;Omasuyos;Chua Cocani;Chua Cocani;2.531;4.073;2.965;2.397;2.256;1.296;58,9;16,7;42,2;41,1;36,3;4,7;0,1
164;Municipio;LA PAZ;Omasuyos;Chua Cocani;Urbana;0;0;0;0;0;0;0;0;0;0;0;0;0
165;Municipio;LA PAZ;Omasuyos;Chua Cocani;Rural;2.531;4.073;2.965;2.397;2.256;1.296;58,9;16,7;42,2;41,1;36,3;4,7;0,1
166;Provincia;LA PAZ;Pacajes;;Pacajes;44.998;43.805;51.746;44.543;23.588;16.664;25,9;5,1;20,8;74,1;62;11,9;0,2
167;Provincia;LA PAZ;Pacajes;;Urbana;1.325;2.349;1.861;680;725;519;66,7;25,9;40,8;33,3;30,3;2,9;0
168;Provincia;LA PAZ;Pacajes;;Rural;43.673;41.456;49.885;43.863;22.863;16.145;23,4;3,8;19,6;76,6;63,9;12,4;0,2
169;Municipio;LA PAZ;Pacajes;Corocoro;Corocoro;7.930;7.861;10.046;7.208;4.578;2.971;32,4;10,2;22,2;67,6;56,2;11,1;0,3
170;Municipio;LA PAZ;Pacajes;Corocoro;Urbana;383;987;752;225;397;222;83,7;43,2;40,5;16,3;15,4;1;0
171;Municipio;LA PAZ;Pacajes;Corocoro;Rural;7.547;6.874;9.294;6.983;4.181;2.749;22,3;3,7;18,6;77,7;64,2;13,1;0,4
172;Municipio;LA PAZ;Pacajes;Caquiaviri;Caquiaviri;10.584;10.636;11.807;10.561;5.052;4.049;24,8;4,1;20,8;75,2;66,3;8,6;0,2
173;Municipio;LA PAZ;Pacajes;Caquiaviri;Urbana;0;0;0;0;0;0;0;0;0;0;0;0;0
174;Municipio;LA PAZ;Pacajes;Caquiaviri;Rural;10.584;10.636;11.807;10.561;5.052;4.049;24,8;4,1;20,8;75,2;66,3;8,6;0,2
175;Municipio;LA PAZ;Pacajes;Calacoto;Calacoto;8.065;7.669;10.065;9.980;4.094;3.013;19;2,6;16,3;81;66;14,8;0,2
176;Municipio;LA PAZ;Pacajes;Calacoto;Urbana;0;0;0;0;0;0;0;0;0;0;0;0;0
177;Municipio;LA PAZ;Pacajes;Calacoto;Rural;8.065;7.669;10.065;9.980;4.094;3.013;19;2,6;16,3;81;66;14,8;0,2
178;Municipio;LA PAZ;Pacajes;Comanche;Comanche;3.881;3.159;3.324;3.267;2.222;1.413;27,3;5;22,3;72,7;63,8;8,8;0
179;Municipio;LA PAZ;Pacajes;Comanche;Urbana;0;0;0;0;0;0;0;0;0;0;0;0;0
180;Municipio;LA PAZ;Pacajes;Comanche;Rural;3.881;3.159;3.324;3.267;2.222;1.413;27,3;5;22,3;72,7;63,8;8,8;0
181;Municipio;LA PAZ;Pacajes;Charaña;Charaña;2.458;2.292;2.699;2.646;1.328;1.230;30,8;10,9;19,9;69,2;51,2;17,7;0,3
182;Municipio;LA PAZ;Pacajes;Charaña;Urbana;0;0;0;0;0;0;0;0;0;0;0;0;0
183;Municipio;LA PAZ;Pacajes;Charaña;Rural;2.458;2.292;2.699;2.646;1.328;1.230;30,8;10,9;19,9;69,2;51,2;17,7;0,3
184;Municipio;LA PAZ;Pacajes;Waldo Ballivián;Waldo Ballivián;3.423;4.370;3.995;1.852;1.147;782;44,1;2,7;41,4;55,9;52,2;3,6;0,1
185;Municipio;LA PAZ;Pacajes;Waldo Ballivián;Urbana;942;1.362;1.109;455;328;297;45,4;4,1;41,3;54,6;49,2;5,4;0
186;Municipio;LA PAZ;Pacajes;Waldo Ballivián;Rural;2.481;3.008;2.886;1.397;819;485;43,6;2,2;41,4;56,4;53,5;2,8;0,1
187;Municipio;LA PAZ;Pacajes;Nazacara de Pacajes;Nazacara de Pacajes;2.807;2.834;2.775;2.537;1.467;937;26,3;4,9;21,4;73,7;64,6;9,1;0,1
188;Municipio;LA PAZ;Pacajes;Nazacara de Pacajes;Urbana;0;0;0;0;0;0;0;0;0;0;0;0;0
189;Municipio;LA PAZ;Pacajes;Nazacara de Pacajes;Rural;2.807;2.834;2.775;2.537;1.467;937;26,3;4,9;21,4;73,7;64,6;9,1;0,1
190;Municipio;LA PAZ;Pacajes;Santiago de Callapa;Santiago de Callapa;5.850;4.984;7.035;6.492;3.700;2.269;10,2;1,1;9,1;89,8;67,2;22,2;0,5
191;Municipio;LA PAZ;Pacajes;Santiago de Callapa;Urbana;0;0;0;0;0;0;0;0;0;0;0;0;0
192;Municipio;LA PAZ;Pacajes;Santiago de Callapa;Rural;5.850;4.984;7.035;6.492;3.700;2.269;10,2;1,1;9,1;89,8;67,2;22,2;0,5
193;Provincia;LA PAZ;Camacho;;Camacho;44.279;31.930;41.529;42.783;32.121;20.218;25,8;5,6;20,1;74,2;58,1;15,7;0,5
194;Provincia;LA PAZ;Camacho;;Urbana;0;0;0;0;0;0;0;0;0;0;0;0;0
195;Provincia;LA PAZ;Camacho;;Rural;44.279;31.930;41.529;42.783;32.121;20.218;25,8;5,6;20,1;74,2;58,1;15,7;0,5
196;Municipio;LA PAZ;Camacho;Puerto Acosta;Puerto Acosta;9.597;7.248;10.640;9.595;7.153;5.307;23,9;5,4;18,5;76,1;55;20,5;0,6
197;Municipio;LA PAZ;Camacho;Puerto Acosta;Urbana;0;0;0;0;0;0;0;0;0;0;0;0;0
198;Municipio;LA PAZ;Camacho;Puerto Acosta;Rural;9.597;7.248;10.640;9.595;7.153;5.307;23,9;5,4;18,5;76,1;55;20,5;0,6
199;Municipio;LA PAZ;Camacho;Mocomoco;Mocomoco;13.391;8.736;9.877;13.038;9.758;5.274;23;4;19;77;62,1;14,6;0,4
200;Municipio;LA PAZ;Camacho;Mocomoco;Urbana;0;0;0;0;0;0;0;0;0;0;0;0;0
201;Municipio;LA PAZ;Camacho;Mocomoco;Rural;13.391;8.736;9.877;13.038;9.758;5.274;23;4;19;77;62,1;14,6;0,4
202;Municipio;LA PAZ;Camacho;Puerto Mayor de Carabuco;Puerto Mayor de Carabuco;11.218;8.445;10.773;11.197;8.089;5.111;31,1;7,1;23,9;68,9;56,2;12,5;0,3
203;Municipio;LA PAZ;Camacho;Puerto Mayor de Carabuco;Urbana;0;0;0;0;0;0;0;0;0;0;0;0;0
204;Municipio;LA PAZ;Camacho;Puerto Mayor de Carabuco;Rural;11.218;8.445;10.773;11.197;8.089;5.111;31,1;7,1;23,9;68,9;56,2;12,5;0,3
205;Municipio;LA PAZ;Camacho;Humanata;Humanata;4.587;3.154;4.249;4.025;3.197;2.104;13,9;1,5;12,4;86,1;63,3;22;0,8
206;Municipio;LA PAZ;Camacho;Humanata;Urbana;0;0;0;0;0;0;0;0;0;0;0;0;0
207;Municipio;LA PAZ;Camacho;Humanata;Rural;4.587;3.154;4.249;4.025;3.197;2.104;13,9;1,5;12,4;86,1;63,3;22;0,8
208;Municipio;LA PAZ;Camacho;Escoma;Escoma;5.486;4.347;5.990;4.928;3.924;2.422;31,5;8,9;22,6;68,5;55,9;12,1;0,6
209;Municipio;LA PAZ;Camacho;Escoma;Urbana;0;0;0;0;0;0;0;0;0;0;0;0;0
210;Municipio;LA PAZ;Camacho;Escoma;Rural;5.486;4.347;5.990;4.928;3.924;2.422;31,5;8,9;22,6;68,5;55,9;12,1;0,6
211;Provincia;LA PAZ;Muñecas;;Muñecas;23.264;19.660;18.325;24.631;16.366;6.868;28,4;5,5;23;71,6;60,1;11,1;0,3
212;Provincia;LA PAZ;Muñecas;;Urbana;0;0;0;0;0;0;0;0;0;0;0;0;0
213;Provincia;LA PAZ;Muñecas;;Rural;23.264;19.660;18.325;24.631;16.366;6.868;28,4;5,5;23;71,6;60,1;11,1;0,3
214;Municipio;LA PAZ;Muñecas;Chuma;Chuma;11.639;10.580;9.254;13.971;8.478;3.604;29,8;6,2;23,6;70,2;59,5;10,4;0,3
215;Municipio;LA PAZ;Muñecas;Chuma;Urbana;0;0;0;0;0;0;0;0;0;0;0;0;0
216;Municipio;LA PAZ;Muñecas;Chuma;Rural;11.639;10.580;9.254;13.971;8.478;3.604;29,8;6,2;23,6;70,2;59,5;10,4;0,3
217;Municipio;LA PAZ;Muñecas;Ayata;Ayata;7.255;5.017;5.235;7.013;4.537;1.950;24;3,2;20,8;76;63,6;12,1;0,4
218;Municipio;LA PAZ;Muñecas;Ayata;Urbana;0;0;0;0;0;0;0;0;0;0;0;0;0
219;Municipio;LA PAZ;Muñecas;Ayata;Rural;7.255;5.017;5.235;7.013;4.537;1.950;24;3,2;20,8;76;63,6;12,1;0,4
220;Municipio;LA PAZ;Muñecas;Aucapata;Aucapata;4.370;4.063;3.836;3.647;3.351;1.314;30,9;6,5;24,4;69,1;57,2;11,5;0,3
221;Municipio;LA PAZ;Muñecas;Aucapata;Urbana;0;0;0;0;0;0;0;0;0;0;0;0;0
222;Municipio;LA PAZ;Muñecas;Aucapata;Rural;4.370;4.063;3.836;3.647;3.351;1.314;30,9;6,5;24,4;69,1;57,2;11,5;0,3
223;Provincia;LA PAZ;Larecaja;;Larecaja;41.291;66.166;50.612;37.282;38.297;21.252;49;9,1;39,8;51;43,2;7,5;0,3
224;Provincia;LA PAZ;Larecaja;;Urbana;3.186;15.101;7.006;1.065;6.689;4.378;71,7;14,8;56,9;28,3;26,8;1,4;0,1
225;Provincia;LA PAZ;Larecaja;;Rural;38.105;51.065;43.606;36.217;31.608;16.874;42,2;7,5;34,7;57,8;48,1;9,4;0,3
226;Municipio;LA PAZ;Larecaja;Sorata;Sorata;15.437;17.809;16.600;15.984;12.693;7.458;38,8;8,5;30,3;61,2;51,2;9,7;0,3
227;Municipio;LA PAZ;Larecaja;Sorata;Urbana;704;1.684;919;442;1.106;379;79;29,5;49,5;21;19,1;1,8;0,1
228;Municipio;LA PAZ;Larecaja;Sorata;Rural;14.733;16.125;15.681;15.542;11.587;7.079;32,7;5,3;27,4;67,3;56,1;10,9;0,3
229;Municipio;LA PAZ;Larecaja;Guanay;Guanay;4.318;10.536;5.729;3.277;5.379;3.032;61,9;11;50,9;38,1;30,7;7;0,3
230;Municipio;LA PAZ;Larecaja;Guanay;Urbana;416;3.173;805;103;1.173;733;79,1;16,2;62,9;20,9;20,3;0,5;0
231;Municipio;LA PAZ;Larecaja;Guanay;Rural;3.902;7.363;4.924;3.174;4.206;2.299;55,2;9;46,2;44,8;34,8;9,6;0,4
232;Municipio;LA PAZ;Larecaja;Tacacoma;Tacacoma;5.293;5.458;6.069;4.979;3.558;1.583;37,9;6,2;31,7;62,1;52,8;9;0,3
233;Municipio;LA PAZ;Larecaja;Tacacoma;Urbana;0;0;0;0;0;0;0;0;0;0;0;0;0
234;Municipio;LA PAZ;Larecaja;Tacacoma;Rural;5.293;5.458;6.069;4.979;3.558;1.583;37,9;6,2;31,7;62,1;52,8;9;0,3
235;Municipio;LA PAZ;Larecaja;Quiabaya;Quiabaya;3.165;2.927;2.679;3.277;1.997;829;22,2;5;17,2;77,8;63,5;14;0,3
236;Municipio;LA PAZ;Larecaja;Quiabaya;Urbana;0;0;0;0;0;0;0;0;0;0;0;0;0
237;Municipio;LA PAZ;Larecaja;Quiabaya;Rural;3.165;2.927;2.679;3.277;1.997;829;22,2;5;17,2;77,8;63,5;14;0,3
238;Municipio;LA PAZ;Larecaja;Combaya;Combaya;2.042;1.842;2.040;2.475;1.592;945;37,1;12,2;24,9;62,9;51,2;11,5;0,2
239;Municipio;LA PAZ;Larecaja;Combaya;Urbana;0;0;0;0;0;0;0;0;0;0;0;0;0
240;Municipio;LA PAZ;Larecaja;Combaya;Rural;2.042;1.842;2.040;2.475;1.592;945;37,1;12,2;24,9;62,9;51,2;11,5;0,2
241;Municipio;LA PAZ;Larecaja;Tipuani;Tipuani;1.339;4.751;3.535;481;2.182;1.122;64,9;12,9;52;35,1;33;2;0,1
242;Municipio;LA PAZ;Larecaja;Tipuani;Urbana;347;1.435;1.245;107;550;412;68,4;11,9;56,4;31,6;29,9;1,5;0,2
243;Municipio;LA PAZ;Larecaja;Tipuani;Rural;992;3.316;2.290;374;1.632;710;63,4;13,3;50,1;36,6;34,4;2,2;0
244;Municipio;LA PAZ;Larecaja;Mapiri;Mapiri;3.712;13.677;6.861;1.473;6.184;3.846;63,9;10;53,9;36,1;33,3;2,7;0,1
245;Municipio;LA PAZ;Larecaja;Mapiri;Urbana;1.083;6.786;2.434;161;2.944;2.210;70,7;11,7;59;29,3;27,9;1,3;0
246;Municipio;LA PAZ;Larecaja;Mapiri;Rural;2.629;6.891;4.427;1.312;3.240;1.636;57,1;8,3;48,8;42,9;38,8;4,1;0,1
247;Municipio;LA PAZ;Larecaja;Teoponte;Teoponte;5.985;9.166;7.099;5.336;4.712;2.437;43,3;7,6;35,7;56,7;46,4;9,9;0,5
248;Municipio;LA PAZ;Larecaja;Teoponte;Urbana;636;2.023;1.603;252;916;644;56,5;6,2;50,3;43,5;41;2,5;0,1
249;Municipio;LA PAZ;Larecaja;Teoponte;Rural;5.349;7.143;5.496;5.084;3.796;1.793;39,4;8;31,5;60,6;47,9;12;0,6
250;Provincia;LA PAZ;Franz Tamayo;;Franz Tamayo;14.489;17.634;16.103;12.241;11.099;7.139;36,6;6,2;30,3;63,4;52,7;10,3;0,4
251;Provincia;LA PAZ;Franz Tamayo;;Urbana;1.131;3.216;1.850;560;1.538;1.119;63,4;16,2;47,3;36,6;34,7;1,8;0
252;Provincia;LA PAZ;Franz Tamayo;;Rural;13.358;14.418;14.253;11.681;9.561;6.020;30,1;3,8;26,3;69,9;57,1;12,3;0,5
253;Municipio;LA PAZ;Franz Tamayo;Apolo;Apolo;9.992;13.108;10.830;10.208;7.582;5.692;33,2;5,7;27,5;66,8;53,6;12,7;0,5
254;Municipio;LA PAZ;Franz Tamayo;Apolo;Urbana;1.131;3.216;1.850;560;1.538;1.119;63,4;16,2;47,3;36,6;34,7;1,8;0
255;Municipio;LA PAZ;Franz Tamayo;Apolo;Rural;8.861;9.892;8.980;9.648;6.044;4.573;21,3;1,6;19,7;78,7;61,1;16,9;0,7
256;Municipio;LA PAZ;Franz Tamayo;Pelechuco;Pelechuco;4.497;4.526;5.273;2.033;3.517;1.447;43,9;7,3;36,6;56,1;50,8;5,1;0,2
257;Municipio;LA PAZ;Franz Tamayo;Pelechuco;Urbana;0;0;0;0;0;0;0;0;0;0;0;0;0
258;Municipio;LA PAZ;Franz Tamayo;Pelechuco;Rural;4.497;4.526;5.273;2.033;3.517;1.447;43,9;7,3;36,6;56,1;50,8;5,1;0,2
259;Provincia;LA PAZ;Ingavi;;Ingavi;49.939;95.361;59.345;35.450;53.450;39.665;62,2;19,1;43,1;37,8;34;3,8;0,1
260;Provincia;LA PAZ;Ingavi;;Urbana;9.476;49.949;18.210;4.855;20.371;20.523;79,3;29,4;49,9;20,7;19,3;1,3;0
261;Provincia;LA PAZ;Ingavi;;Rural;40.463;45.412;41.135;30.595;33.079;19.142;41,5;6,7;34,8;58,5;51,8;6,7;0,1
262;Municipio;LA PAZ;Ingavi;Viacha;Viacha;18.533;58.637;28.206;11.557;28.794;25.216;72,5;25,5;47;27,5;25;2,5;0
263;Municipio;LA PAZ;Ingavi;Viacha;Urbana;9.083;47.059;17.281;4.740;18.941;19.433;79,3;29,9;49,4;20,7;19,3;1,4;0
264;Municipio;LA PAZ;Ingavi;Viacha;Rural;9.450;11.578;10.925;6.817;9.853;5.783;44;6,9;37;56;48,7;7,2;0,1
265;Municipio;LA PAZ;Ingavi;Puerto Mayor de Guaqui;Puerto Mayor de Guaqui;2.753;4.115;2.796;1.675;3.594;2.122;55,4;14;41,4;44,6;40,7;3,9;0
266;Municipio;LA PAZ;Ingavi;Puerto Mayor de Guaqui;Urbana;0;0;0;0;0;0;0;0;0;0;0;0;0
267;Municipio;LA PAZ;Ingavi;Puerto Mayor de Guaqui;Rural;2.753;4.115;2.796;1.675;3.594;2.122;55,4;14;41,4;44,6;40,7;3,9;0
268;Municipio;LA PAZ;Ingavi;Tiahuanacu;Tiahuanacu;6.064;8.037;7.324;5.281;5.638;3.228;41,8;6,9;34,9;58,2;49,2;9;0
269;Municipio;LA PAZ;Ingavi;Tiahuanacu;Urbana;0;0;0;0;0;0;0;0;0;0;0;0;0
270;Municipio;LA PAZ;Ingavi;Tiahuanacu;Rural;6.064;8.037;7.324;5.281;5.638;3.228;41,8;6,9;34,9;58,2;49,2;9;0
271;Municipio;LA PAZ;Ingavi;Desaguadero;Desaguadero;2.061;4.507;2.336;908;2.993;2.014;64,7;13,6;51,1;35,3;33,3;2;0
272;Municipio;LA PAZ;Ingavi;Desaguadero;Urbana;393;2.890;929;115;1.430;1.090;79,6;18,8;60,8;20,4;20;0,4;0
273;Municipio;LA PAZ;Ingavi;Desaguadero;Rural;1.668;1.617;1.407;793;1.563;924;40,6;5,2;35,4;59,4;54,9;4,5;0
274;Municipio;LA PAZ;Ingavi;La (Marka) San Andrés de Machaca;La (Marka) San Andrés de Machaca;5.352;4.951;6.635;5.111;2.922;1.667;25,3;3,1;22,2;74,7;65,9;8,6;0,3
275;Municipio;LA PAZ;Ingavi;La (Marka) San Andrés de Machaca;Urbana;0;0;0;0;0;0;0;0;0;0;0;0;0
276;Municipio;LA PAZ;Ingavi;La (Marka) San Andrés de Machaca;Rural;5.352;4.951;6.635;5.111;2.922;1.667;25,3;3,1;22,2;74,7;65,9;8,6;0,3
277;Municipio;LA PAZ;Ingavi;Jesús de Machaka;Jesús de Machaka;11.623;10.264;8.055;9.551;5.866;3.443;39,2;5;34,2;60,8;55,6;5,2;0,1
278;Municipio;LA PAZ;Ingavi;Jesús de Machaka;Urbana;0;0;0;0;0;0;0;0;0;0;0;0;0
279;Municipio;LA PAZ;Ingavi;Jesús de Machaka;Rural;11.623;10.264;8.055;9.551;5.866;3.443;39,2;5;34,2;60,8;55,6;5,2;0,1
280;Municipio;LA PAZ;Ingavi;Taraco;Taraco;3.553;4.850;3.993;1.367;3.643;1.975;40,8;5,8;35;59,2;52,8;6,3;0,1
281;Municipio;LA PAZ;Ingavi;Taraco;Urbana;0;0;0;0;0;0;0;0;0;0;0;0;0
282;Municipio;LA PAZ;Ingavi;Taraco;Rural;3.553;4.850;3.993;1.367;3.643;1.975;40,8;5,8;35;59,2;52,8;6,3;0,1
283;Provincia;LA PAZ;Loayza;;Loayza;28.523;36.103;39.672;28.408;24.989;12.871;34,2;4,7;29,6;65,8;55,5;9,9;0,4
284;Provincia;LA PAZ;Loayza;;Urbana;1.095;1.804;1.016;685;1.137;281;48,1;6,8;41,3;51,9;46,6;5,3;0
285;Provincia;LA PAZ;Loayza;;Rural;27.428;34.299;38.656;27.723;23.852;12.590;33,7;4,6;29,1;66,3;55,9;10;0,4
286;Municipio;LA PAZ;Loayza;Luribay;Luribay;3.805;5.405;5.117;5.085;4.758;1.812;46;6,1;39,9;54;46,2;7,3;0,5
287;Municipio;LA PAZ;Loayza;Luribay;Urbana;0;0;0;0;0;0;0;0;0;0;0;0;0
288;Municipio;LA PAZ;Loayza;Luribay;Rural;3.805;5.405;5.117;5.085;4.758;1.812;46;6,1;39,9;54;46,2;7,3;0,5
289;Municipio;LA PAZ;Loayza;Sapahaqui;Sapahaqui;7.253;9.354;11.974;8.761;7.476;4.409;29,7;4,1;25,6;70,3;58,9;11,1;0,3
290;Municipio;LA PAZ;Loayza;Sapahaqui;Urbana;0;0;0;0;0;0;0;0;0;0;0;0;0
291;Municipio;LA PAZ;Loayza;Sapahaqui;Rural;7.253;9.354;11.974;8.761;7.476;4.409;29,7;4,1;25,6;70,3;58,9;11,1;0,3
292;Municipio;LA PAZ;Loayza;Yaco;Yaco;8.379;8.523;8.788;6.524;5.191;2.728;27,2;2,9;24,4;72,8;60,6;11,8;0,4
293;Municipio;LA PAZ;Loayza;Yaco;Urbana;1.095;1.804;1.016;685;1.137;281;48,1;6,8;41,3;51,9;46,6;5,3;0
294;Municipio;LA PAZ;Loayza;Yaco;Rural;7.284;6.719;7.772;5.839;4.054;2.447;22,6;2;20,6;77,4;63,7;13,2;0,5
295;Municipio;LA PAZ;Loayza;Malla;Malla;3.251;3.859;3.692;2.740;2.108;1.306;29,5;3,6;25,9;70,5;58,7;11,7;0,2
296;Municipio;LA PAZ;Loayza;Malla;Urbana;0;0;0;0;0;0;0;0;0;0;0;0;0
297;Municipio;LA PAZ;Loayza;Malla;Rural;3.251;3.859;3.692;2.740;2.108;1.306;29,5;3,6;25,9;70,5;58,7;11,7;0,2
298;Municipio;LA PAZ;Loayza;Cairoma;Cairoma;5.835;8.962;10.101;5.298;5.456;2.616;38,7;6,3;32,5;61,3;53,1;7,9;0,3
299;Municipio;LA PAZ;Loayza;Cairoma;Urbana;0;0;0;0;0;0;0;0;0;0;0;0;0
300;Municipio;LA PAZ;Loayza;Cairoma;Rural;5.835;8.962;10.101;5.298;5.456;2.616;38,7;6,3;32,5;61,3;53,1;7,9;0,3
301;Provincia;LA PAZ;Inquisivi;;Inquisivi;45.701;55.654;53.053;43.168;36.964;17.598;38,3;9,9;28,5;61,7;49,7;11,7;0,3
302;Provincia;LA PAZ;Inquisivi;;Urbana;3.366;11.141;6.640;1.961;5.433;2.719;72,1;23,9;48,2;27,9;25,2;2,6;0,1
303;Provincia;LA PAZ;Inquisivi;;Rural;42.335;44.513;46.413;41.207;31.531;14.879;29;6;23;71;56,4;14,3;0,3
304;Municipio;LA PAZ;Inquisivi;Inquisivi;Inquisivi;13.538;11.791;13.838;14.240;9.022;4.750;20,2;3,9;16,3;79,8;63,6;15,8;0,4
305;Municipio;LA PAZ;Inquisivi;Inquisivi;Urbana;0;0;0;0;0;0;0;0;0;0;0;0;0
306;Municipio;LA PAZ;Inquisivi;Inquisivi;Rural;13.538;11.791;13.838;14.240;9.022;4.750;20,2;3,9;16,3;79,8;63,6;15,8;0,4
307;Municipio;LA PAZ;Inquisivi;Quime;Quime;3.324;5.922;5.083;3.261;3.947;1.552;58,8;18,3;40,4;41,2;32,9;8,1;0,2
308;Municipio;LA PAZ;Inquisivi;Quime;Urbana;705;2.514;1.165;505;1.445;668;75,6;22,9;52,7;24,4;21,3;2,9;0,1
309;Municipio;LA PAZ;Inquisivi;Quime;Rural;2.619;3.408;3.918;2.756;2.502;884;45,7;14,8;30,9;54,3;41,9;12,2;0,3
310;Municipio;LA PAZ;Inquisivi;Cajuata;Cajuata;5.095;9.922;7.060;3.085;6.564;2.231;55;10,8;44,1;45;41,3;3,8;0
311;Municipio;LA PAZ;Inquisivi;Cajuata;Urbana;355;1.450;1.558;79;842;531;45,9;3,7;42,2;54,1;51;3;0
312;Municipio;LA PAZ;Inquisivi;Cajuata;Rural;4.740;8.472;5.502;3.006;5.722;1.700;56,4;11,9;44,4;43,6;39,7;3,9;0
313;Municipio;LA PAZ;Inquisivi;Colquiri;Colquiri;13.223;15.198;15.857;12.642;10.616;5.211;36,5;15,4;21,1;63,5;50,6;12,5;0,4
314;Municipio;LA PAZ;Inquisivi;Colquiri;Urbana;394;2.982;1.995;50;1.311;621;87,2;48,6;38,6;12,8;12,4;0,4;0
315;Municipio;LA PAZ;Inquisivi;Colquiri;Rural;12.829;12.216;13.862;12.592;9.305;4.590;17,5;3;14,5;82,5;64,9;17,1;0,5
316;Municipio;LA PAZ;Inquisivi;Ichoca;Ichoca;7.183;6.599;7.811;6.492;3.778;3.130;18,5;2,1;16,4;81,5;58,3;22,7;0,5
317;Municipio;LA PAZ;Inquisivi;Ichoca;Urbana;1.189;1.581;1.244;835;655;566;39,4;2,8;36,6;60,6;52,7;7,5;0,4
318;Municipio;LA PAZ;Inquisivi;Ichoca;Rural;5.994;5.018;6.567;5.657;3.123;2.564;12,7;1,9;10,8;87,3;59,8;26,9;0,5
319;Municipio;LA PAZ;Inquisivi;Villa Libertad Licoma;Villa Libertad Licoma;3.338;6.222;3.404;3.448;3.037;724;51,5;4,6;46,9;48,5;41,5;6,9;0
320;Municipio;LA PAZ;Inquisivi;Villa Libertad Licoma;Urbana;723;2.614;678;492;1.180;333;76;6,1;69,8;24;21;3,1;0
321;Municipio;LA PAZ;Inquisivi;Villa Libertad Licoma;Rural;2.615;3.608;2.726;2.956;1.857;391;31,8;3,4;28,4;68,2;58,2;10;0
322;Provincia;LA PAZ;Sur Yungas;;Sur Yungas;57.866;73.811;63.530;43.876;46.454;19.182;46,1;10,2;36;53,9;47;6,7;0,1
323;Provincia;LA PAZ;Sur Yungas;;Urbana;2.838;9.000;5.124;1.899;4.485;2.920;67,8;19,7;48,1;32,2;29,8;2,4;0
324;Provincia;LA PAZ;Sur Yungas;;Rural;55.028;64.811;58.406;41.977;41.969;16.262;42,8;8,7;34,1;57,2;49,6;7,4;0,2
325;Municipio;LA PAZ;Sur Yungas;Chulumani;Chulumani;5.027;10.107;7.542;3.592;6.680;2.567;62,9;13,9;49;37,1;34,9;2,2;0
326;Municipio;LA PAZ;Sur Yungas;Chulumani;Urbana;201;1.398;323;70;593;399;83,3;31,5;51,8;16,7;16,1;0,6;0
327;Municipio;LA PAZ;Sur Yungas;Chulumani;Rural;4.826;8.709;7.219;3.522;6.087;2.168;59,6;11,1;48,6;40,4;38;2,4;0
328;Municipio;LA PAZ;Sur Yungas;Irupana;Irupana;10.104;13.243;12.727;7.827;8.560;3.508;45,2;9,3;35,9;54,8;48,8;5,9;0,1
329;Municipio;LA PAZ;Sur Yungas;Irupana;Urbana;399;1.319;715;227;977;316;74,4;23,4;51;25,6;23;2,5;0
330;Municipio;LA PAZ;Sur Yungas;Irupana;Rural;9.705;11.924;12.012;7.600;7.583;3.192;41,1;7,4;33,8;58,9;52,4;6,4;0,1
331;Municipio;LA PAZ;Sur Yungas;Yanacachi;Yanacachi;1.989;4.526;2.560;2.121;2.544;882;66;21,8;44,2;34;30,5;3,5;0
332;Municipio;LA PAZ;Sur Yungas;Yanacachi;Urbana;0;0;0;0;0;0;0;0;0;0;0;0;0
333;Municipio;LA PAZ;Sur Yungas;Yanacachi;Rural;1.989;4.526;2.560;2.121;2.544;882;66;21,8;44,2;34;30,5;3,5;0
334;Municipio;LA PAZ;Sur Yungas;Palos Blancos;Palos Blancos;13.591;17.654;13.101;11.120;9.276;3.944;45,1;9,7;35,4;54,9;47,4;7,3;0,3
335;Municipio;LA PAZ;Sur Yungas;Palos Blancos;Urbana;1.923;4.817;3.666;1.495;2.053;1.750;55,8;13,5;42,4;44,2;40,8;3,4;0
336;Municipio;LA PAZ;Sur Yungas;Palos Blancos;Rural;11.668;12.837;9.435;9.625;7.223;2.194;40,8;8,2;32,7;59,2;50;8,8;0,4
337;Municipio;LA PAZ;Sur Yungas;La Asunta;La Asunta;27.155;28.281;27.600;19.216;19.394;8.281;37,1;7,4;29,7;62,9;53,5;9,2;0,2
338;Municipio;LA PAZ;Sur Yungas;La Asunta;Urbana;315;1.466;420;107;862;455;79,8;22,2;57,6;20,2;19,1;1,1;0
339;Municipio;LA PAZ;Sur Yungas;La Asunta;Rural;26.840;26.815;27.180;19.109;18.532;7.826;34,3;6,4;27,9;65,7;55,8;9,8;0,2
340;Provincia;LA PAZ;Los Andes;;Los Andes;44.484;64.987;61.279;33.749;44.318;35.700;43,6;8,9;34,7;56,4;48,1;8,2;0,2
341;Provincia;LA PAZ;Los Andes;;Urbana;5.961;15.930;12.760;4.632;8.070;8.519;60;14,9;45,1;40;35,5;4,4;0,1
342;Provincia;LA PAZ;Los Andes;;Rural;38.523;49.057;48.519;29.117;36.248;27.181;37,9;6,8;31,1;62,1;52,4;9,5;0,2
343;Municipio;LA PAZ;Los Andes;Pucarani;Pucarani;18.168;25.797;28.294;12.862;18.355;14.770;43,9;8,2;35,7;56,1;47,7;8,2;0,2
344;Municipio;LA PAZ;Los Andes;Pucarani;Urbana;3.971;8.278;9.681;3.244;4.947;5.045;48,9;9;39,9;51,1;44,6;6,5;0,1
345;Municipio;LA PAZ;Los Andes;Pucarani;Rural;14.197;17.519;18.613;9.618;13.408;9.725;41,6;7,9;33,7;58,4;49,2;9;0,2
346;Municipio;LA PAZ;Los Andes;Laja;Laja;16.136;24.582;17.496;13.382;14.624;12.743;42,2;8,9;33,3;57,8;48,9;8,8;0,2
347;Municipio;LA PAZ;Los Andes;Laja;Urbana;1.683;6.344;2.714;1.222;2.361;2.827;70,4;19,8;50,6;29,6;27,4;2,1;0,1
348;Municipio;LA PAZ;Los Andes;Laja;Rural;14.453;18.238;14.782;12.160;12.263;9.916;30,9;4,6;26,4;69,1;57,4;11,5;0,2
349;Municipio;LA PAZ;Los Andes;Batallas;Batallas;7.430;10.221;9.482;5.242;7.822;6.300;49,7;11,6;38,1;50,3;43,2;7;0,1
350;Municipio;LA PAZ;Los Andes;Batallas;Urbana;307;1.308;365;166;762;647;80,6;28,5;52,1;19,4;17,8;1,5;0
351;Municipio;LA PAZ;Los Andes;Batallas;Rural;7.123;8.913;9.117;5.076;7.060;5.653;44,5;8,7;35,8;55,5;47,5;7,9;0,2
352;Municipio;LA PAZ;Los Andes;Puerto Pérez;Puerto Pérez;2.750;4.387;6.007;2.263;3.517;1.887;32,5;5,6;26,9;67,5;59,4;7,9;0,2
353;Municipio;LA PAZ;Los Andes;Puerto Pérez;Urbana;0;0;0;0;0;0;0;0;0;0;0;0;0
354;Municipio;LA PAZ;Los Andes;Puerto Pérez;Rural;2.750;4.387;6.007;2.263;3.517;1.887;32,5;5,6;26,9;67,5;59,4;7,9;0,2
355;Provincia;LA PAZ;Aroma;;Aroma;45.794;64.709;64.707;31.596;38.938;25.095;46,3;7,6;38,7;53,7;47,1;6,4;0,2
356;Provincia;LA PAZ;Aroma;;Urbana;7.764;17.852;17.241;3.612;8.896;6.824;64,8;13,1;51,7;35,2;32,2;2,9;0,1
357;Provincia;LA PAZ;Aroma;;Rural;38.030;46.857;47.466;27.984;30.042;18.271;38,2;5,1;33;61,8;53,6;8;0,2
358;Municipio;LA PAZ;Aroma;Sicasica;Sicasica;15.225;20.658;21.232;11.828;12.372;6.942;41;7,1;33,9;59;51,5;7,2;0,2
359;Municipio;LA PAZ;Aroma;Sicasica;Urbana;2.196;4.954;4.927;1.238;2.732;1.583;63,5;14,9;48,7;36,5;33,7;2,7;0,1
360;Municipio;LA PAZ;Aroma;Sicasica;Rural;13.029;15.704;16.305;10.590;9.640;5.359;32;4;27,9;68;58,7;9,1;0,3
361;Municipio;LA PAZ;Aroma;Umala;Umala;3.581;4.968;5.046;3.607;3.337;2.102;39,5;6,8;32,7;60,5;54;6,5;0,1
362;Municipio;LA PAZ;Aroma;Umala;Urbana;0;0;0;0;0;0;0;0;0;0;0;0;0
363;Municipio;LA PAZ;Aroma;Umala;Rural;3.581;4.968;5.046;3.607;3.337;2.102;39,5;6,8;32,7;60,5;54;6,5;0,1
364;Municipio;LA PAZ;Aroma;Ayo Ayo;Ayo Ayo;6.236;6.145;8.466;4.546;4.285;2.684;30,9;4,2;26,7;69,1;58,5;10,3;0,2
365;Municipio;LA PAZ;Aroma;Ayo Ayo;Urbana;0;0;0;0;0;0;0;0;0;0;0;0;0
366;Municipio;LA PAZ;Aroma;Ayo Ayo;Rural;6.236;6.145;8.466;4.546;4.285;2.684;30,9;4,2;26,7;69,1;58,5;10,3;0,2
367;Municipio;LA PAZ;Aroma;Calamarca;Calamarca;6.915;8.881;8.042;3.886;5.714;3.735;46;7,4;38,6;54;47,2;6,7;0,1
368;Municipio;LA PAZ;Aroma;Calamarca;Urbana;0;0;0;0;0;0;0;0;0;0;0;0;0
369;Municipio;LA PAZ;Aroma;Calamarca;Rural;6.915;8.881;8.042;3.886;5.714;3.735;46;7,4;38,6;54;47,2;6,7;0,1
370;Municipio;LA PAZ;Aroma;Patacamaya;Patacamaya;7.653;13.529;10.645;4.534;8.484;7.131;54,3;11,5;42,8;45,7;39,9;5,7;0,1
371;Municipio;LA PAZ;Aroma;Patacamaya;Urbana;2.533;6.524;4.478;1.062;3.429;3.696;67,2;18,7;48,5;32,8;29,3;3,5;0
372;Municipio;LA PAZ;Aroma;Patacamaya;Rural;5.120;7.005;6.167;3.472;5.055;3.435;39,9;3,4;36,5;60,1;51,8;8,1;0,2
373;Municipio;LA PAZ;Aroma;Colquencha;Colquencha;4.412;6.554;8.142;2.342;3.501;1.602;57,1;4,7;52,4;42,9;39,3;3,3;0,2
374;Municipio;LA PAZ;Aroma;Colquencha;Urbana;2.009;3.684;5.649;920;1.957;974;62,9;4,4;58,5;37,1;34,4;2,5;0,3
375;Municipio;LA PAZ;Aroma;Colquencha;Rural;2.403;2.870;2.493;1.422;1.544;628;47,9;5,1;42,8;52,1;47,2;4,7;0,2
376;Municipio;LA PAZ;Aroma;Collana;Collana;1.772;3.974;3.134;853;1.245;899;60,9;7,5;53,4;39,1;35,3;3,5;0,3
377;Municipio;LA PAZ;Aroma;Collana;Urbana;1.026;2.690;2.187;392;778;571;63,7;6,6;57;36,3;34,2;2,1;0
378;Municipio;LA PAZ;Aroma;Collana;Rural;746;1.284;947;461;467;328;55,4;9,3;46,1;44,6;37,5;6,3;0,8
379;Provincia;LA PAZ;Nor Yungas;;Nor Yungas;15.750;30.607;20.867;13.258;17.954;8.450;58,2;14,7;43,5;41,8;37,3;4,3;0,1
380;Provincia;LA PAZ;Nor Yungas;;Urbana;491;3.213;837;369;1.505;690;83,1;27,7;55,4;16,9;16,1;0,8;0,1
381;Provincia;LA PAZ;Nor Yungas;;Rural;15.259;27.394;20.030;12.889;16.449;7.760;55,1;13;42;44,9;40;4,8;0,1
382;Municipio;LA PAZ;Nor Yungas;Coroico;Coroico;10.403;17.788;12.730;9.515;9.062;4.178;51,9;13,5;38,4;48,1;42,5;5,4;0,2
383;Municipio;LA PAZ;Nor Yungas;Coroico;Urbana;202;1.502;569;202;549;275;83,8;36,2;47,7;16,2;15,5;0,6;0,1
384;Municipio;LA PAZ;Nor Yungas;Coroico;Rural;10.201;16.286;12.161;9.313;8.513;3.903;48,4;11;37,4;51,6;45,5;6;0,2
385;Municipio;LA PAZ;Nor Yungas;Coripata;Coripata;5.347;12.819;8.137;3.743;8.892;4.272;65,6;16,1;49,4;34,4;31,2;3,1;0,1
386;Municipio;LA PAZ;Nor Yungas;Coripata;Urbana;289;1.711;268;167;956;415;82,4;20,1;62,2;17,6;16,7;0,9;0
387;Municipio;LA PAZ;Nor Yungas;Coripata;Rural;5.058;11.108;7.869;3.576;7.936;3.857;63,1;15,6;47,6;36,9;33,4;3,4;0,1
388;Provincia;LA PAZ;Abel Iturralde;;Abel Iturralde;8.485;15.985;8.848;8.232;7.515;3.194;52,7;11;41,7;47,3;41,1;6,1;0,1
389;Provincia;LA PAZ;Abel Iturralde;;Urbana;2.323;6.339;3.029;1.139;2.623;1.049;68,6;14,2;54,4;31,4;29,9;1,4;0
390;Provincia;LA PAZ;Abel Iturralde;;Rural;6.162;9.646;5.819;7.093;4.892;2.145;41,2;8,7;32,5;58,8;49,1;9,5;0,2
391;Municipio;LA PAZ;Abel Iturralde;Ixiamas;Ixiamas;5.084;8.386;6.431;5.388;4.265;2.196;39,9;8,9;31;60,1;51,1;8,7;0,3
392;Municipio;LA PAZ;Abel Iturralde;Ixiamas;Urbana;1.145;2.981;1.827;502;1.262;619;66,4;13;53,4;33,6;32,2;1,4;0
393;Municipio;LA PAZ;Abel Iturralde;Ixiamas;Rural;3.939;5.405;4.604;4.886;3.003;1.577;23,2;6,3;16,9;76,8;63;13,4;0,4
394;Municipio;LA PAZ;Abel Iturralde;San Buenaventura;San Buenaventura;3.401;7.599;2.417;2.844;3.250;998;67;13,4;53,7;33;29,8;3,2;0
395;Municipio;LA PAZ;Abel Iturralde;San Buenaventura;Urbana;1.178;3.358;1.202;637;1.361;430;70,8;15,4;55,4;29,2;27,7;1,5;0
396;Municipio;LA PAZ;Abel Iturralde;San Buenaventura;Rural;2.223;4.241;1.215;2.207;1.889;568;63,9;11,7;52,2;36,1;31,5;4,6;0
397;Provincia;LA PAZ;Bautista Saavedra;;Bautista Saavedra;15.986;14.836;13.026;14.895;11.153;6.268;26;3,8;22,2;74;59,5;14,1;0,3
398;Provincia;LA PAZ;Bautista Saavedra;;Urbana;2.363;2.064;1.120;2.233;1.692;989;16,7;1,2;15,5;83,3;67;15,9;0,4
399;Provincia;LA PAZ;Bautista Saavedra;;Rural;13.623;12.772;11.906;12.662;9.461;5.279;27,3;4,2;23,1;72,7;58,5;13,8;0,3
400;Municipio;LA PAZ;Bautista Saavedra;Charazani;Charazani;11.236;10.067;9.285;10.924;7.720;3.812;26,3;4,5;21,8;73,7;61,2;12,1;0,3
401;Municipio;LA PAZ;Bautista Saavedra;Charazani;Urbana;2.363;2.064;1.120;2.233;1.692;989;16,7;1,2;15,5;83,3;67;15,9;0,4
402;Municipio;LA PAZ;Bautista Saavedra;Charazani;Rural;8.873;8.003;8.165;8.691;6.028;2.823;28,3;5,2;23,1;71,7;60;11,4;0,3
403;Municipio;LA PAZ;Bautista Saavedra;Curva;Curva;4.750;4.769;3.741;3.971;3.433;2.456;25,4;2,3;23,1;74,6;55,5;18,7;0,4
404;Municipio;LA PAZ;Bautista Saavedra;Curva;Urbana;0;0;0;0;0;0;0;0;0;0;0;0;0
405;Municipio;LA PAZ;Bautista Saavedra;Curva;Rural;4.750;4.769;3.741;3.971;3.433;2.456;25,4;2,3;23,1;74,6;55,5;18,7;0,4
406;Provincia;LA PAZ;Manco Kapac;;Manco Kapac;11.912;19.130;17.289;14.877;14.843;9.696;45,4;8,9;36,5;54,6;46;8,5;0,2
407;Provincia;LA PAZ;Manco Kapac;;Urbana;2.237;5.808;4.252;1.942;3.122;1.868;60,6;14,3;46,3;39,4;35,5;3,8;0,1
408;Provincia;LA PAZ;Manco Kapac;;Rural;9.675;13.322;13.037;12.935;11.721;7.828;39,4;6,7;32,7;60,6;50,1;10,3;0,2
409;Municipio;LA PAZ;Manco Kapac;Copacabana;Copacabana;5.514;8.568;7.004;6.849;7.791;6.266;49,3;11;38,3;50,7;42,1;8,5;0,1
410;Municipio;LA PAZ;Manco Kapac;Copacabana;Urbana;958;2.755;1.641;724;1.899;1.383;72,6;22,3;50,4;27,4;23,6;3,7;0,1
411;Municipio;LA PAZ;Manco Kapac;Copacabana;Rural;4.556;5.813;5.363;6.125;5.892;4.883;37,2;5,2;32;62,8;51,7;10,9;0,2
412;Municipio;LA PAZ;Manco Kapac;San Pedro de Tiquina;San Pedro de Tiquina;2.649;4.604;4.869;3.898;3.622;1.683;51;11,1;39,8;49;43,4;5,5;0,1
413;Municipio;LA PAZ;Manco Kapac;San Pedro de Tiquina;Urbana;0;0;0;0;0;0;0;0;0;0;0;0;0
414;Municipio;LA PAZ;Manco Kapac;San Pedro de Tiquina;Rural;2.649;4.604;4.869;3.898;3.622;1.683;51;11,1;39,8;49;43,4;5,5;0,1
415;Municipio;LA PAZ;Manco Kapac;Tito Yupanqui;Tito Yupanqui;3.749;5.958;5.416;4.130;3.430;1.747;29,6;1,1;28,5;70,4;58;12,2;0,2
416;Municipio;LA PAZ;Manco Kapac;Tito Yupanqui;Urbana;1.279;3.053;2.611;1.218;1.223;485;40,4;0,9;39,5;59,6;55,6;4,1;0
417;Municipio;LA PAZ;Manco Kapac;Tito Yupanqui;Rural;2.470;2.905;2.805;2.912;2.207;1.262;20;1,3;18,7;80;60,2;19,4;0,4
418;Provincia;LA PAZ;Gualberto Villarroel;;Gualberto Villarroel;11.158;12.338;14.803;10.573;6.301;2.795;22;2;20,1;78;68,2;9,6;0,1
419;Provincia;LA PAZ;Gualberto Villarroel;;Urbana;0;0;0;0;0;0;0;0;0;0;0;0;0
420;Provincia;LA PAZ;Gualberto Villarroel;;Rural;11.158;12.338;14.803;10.573;6.301;2.795;22;2;20,1;78;68,2;9,6;0,1
421;Municipio;LA PAZ;Gualberto Villarroel;San Pedro de Curahuara;San Pedro de Curahuara;6.024;6.548;7.236;5.157;2.908;1.591;22,1;2,1;20;77,9;68,6;9,2;0,1
422;Municipio;LA PAZ;Gualberto Villarroel;San Pedro de Curahuara;Urbana;0;0;0;0;0;0;0;0;0;0;0;0;0
423;Municipio;LA PAZ;Gualberto Villarroel;San Pedro de Curahuara;Rural;6.024;6.548;7.236;5.157;2.908;1.591;22,1;2,1;20;77,9;68,6;9,2;0,1
424;Municipio;LA PAZ;Gualberto Villarroel;Papel Pampa;Papel Pampa;3.883;4.399;5.678;3.932;2.613;809;24,7;1,7;22,9;75,3;66,5;8,7;0,1
425;Municipio;LA PAZ;Gualberto Villarroel;Papel Pampa;Urbana;0;0;0;0;0;0;0;0;0;0;0;0;0
426;Municipio;LA PAZ;Gualberto Villarroel;Papel Pampa;Rural;3.883;4.399;5.678;3.932;2.613;809;24,7;1,7;22,9;75,3;66,5;8,7;0,1
427;Municipio;LA PAZ;Gualberto Villarroel;Chacarilla;Chacarilla;1.251;1.391;1.889;1.484;780;395;13,1;1,9;11,3;86,9;72,1;14,6;0,2
428;Municipio;LA PAZ;Gualberto Villarroel;Chacarilla;Urbana;0;0;0;0;0;0;0;0;0;0;0;0;0
429;Municipio;LA PAZ;Gualberto Villarroel;Chacarilla;Rural;1.251;1.391;1.889;1.484;780;395;13,1;1,9;11,3;86,9;72,1;14,6;0,2
430;Provincia;LA PAZ;General José Manuel Pando;;General José Manuel Pando;7.764;8.372;8.005;6.967;4.225;2.341;30;5,2;24,8;70;62,3;7,4;0,2
431;Provincia;LA PAZ;General José Manuel Pando;;Urbana;0;0;0;0;0;0;0;0;0;0;0;0;0
432;Provincia;LA PAZ;General José Manuel Pando;;Rural;7.764;8.372;8.005;6.967;4.225;2.341;30;5,2;24,8;70;62,3;7,4;0,2
433;Municipio;LA PAZ;General José Manuel Pando;Santiago de Machaca;Santiago de Machaca;4.126;4.134;4.447;4.511;2.520;1.567;31,3;6,9;24,4;68,7;60,2;8,5;0
434;Municipio;LA PAZ;General José Manuel Pando;Santiago de Machaca;Urbana;0;0;0;0;0;0;0;0;0;0;0;0;0
435;Municipio;LA PAZ;General José Manuel Pando;Santiago de Machaca;Rural;4.126;4.134;4.447;4.511;2.520;1.567;31,3;6,9;24,4;68,7;60,2;8,5;0
436;Municipio;LA PAZ;General José Manuel Pando;Catacora;Catacora;3.638;4.238;3.558;2.456;1.705;774;28,5;3,1;25,4;71,5;65;6,1;0,5
437;Municipio;LA PAZ;General José Manuel Pando;Catacora;Urbana;0;0;0;0;0;0;0;0;0;0;0;0;0
438;Municipio;LA PAZ;General José Manuel Pando;Catacora;Rural;3.638;4.238;3.558;2.456;1.705;774;28,5;3,1;25,4;71,5;65;6,1;0,5
439;Provincia;LA PAZ;Caranavi;;Caranavi;35.715;48.492;33.853;33.558;23.730;11.772;42,8;9,5;33,3;57,2;50,1;7;0,2
440;Provincia;LA PAZ;Caranavi;;Urbana;4.065;12.807;5.320;2.044;5.041;3.365;71,9;21;51;28,1;25,6;2,5;0,1
441;Provincia;LA PAZ;Caranavi;;Rural;31.650;35.685;28.533;31.514;18.689;8.407;30,9;4,9;26;69,1;60,1;8,8;0,2
442;Municipio;LA PAZ;Caranavi;Caranavi;Caranavi;29.360;41.403;27.517;27.960;19.886;10.444;44,2;9,9;34,2;55,8;49,3;6,4;0,2
443;Municipio;LA PAZ;Caranavi;Caranavi;Urbana;4.065;12.807;5.320;2.044;5.041;3.365;71,9;21;51;28,1;25,6;2,5;0,1
444;Municipio;LA PAZ;Caranavi;Caranavi;Rural;25.295;28.596;22.197;25.916;14.845;7.079;29,7;4,2;25,5;70,3;61,7;8,4;0,2
445;Municipio;LA PAZ;Caranavi;Alto Beni;Alto Beni;6.355;7.089;6.336;5.598;3.844;1.328;35,2;7,2;28;64,8;54,3;10,2;0,2
446;Municipio;LA PAZ;Caranavi;Alto Beni;Urbana;0;0;0;0;0;0;0;0;0;0;0;0;0
447;Municipio;LA PAZ;Caranavi;Alto Beni;Rural;6.355;7.089;6.336;5.598;3.844;1.328;35,2;7,2;28;64,8;54,3;10,2;0,2
448;Departamento;COCHABAMBA;;;COCHABAMBA;373.690;1.205.878;613.861;315.370;656.006;303.776;70,1;31,2;38,9;29,9;25,7;4,1;0,1
449;Departamento;COCHABAMBA;;;Urbana;74.515;843.505;311.463;34.648;326.477;197.871;82,8;40,5;42,4;17,2;16,2;0,9;0
450;Departamento;COCHABAMBA;;;Rural;299.175;362.373;302.398;280.722;329.529;105.905;39,2;8,8;30,3;60,8;48,6;11,8;0,4
451;Provincia;COCHABAMBA;Cercado;;Cercado;26.836;377.401;158.098;11.145;125.354;97.503;83;45,8;37,2;17;16;1;0
452;Provincia;COCHABAMBA;Cercado;;Urbana;26.813;377.390;158.076;11.122;125.339;97.494;83;45,8;37,2;17;16;1;0
453;Provincia;COCHABAMBA;Cercado;;Rural;23;11;22;23;15;9;0;0;0;100;52,2;47,8;0
454;Municipio;COCHABAMBA;Cercado;Cochabamba;Cochabamba;26.836;377.401;158.098;11.145;125.354;97.503;83;45,8;37,2;17;16;1;0
455;Municipio;COCHABAMBA;Cercado;Cochabamba;Urbana;26.813;377.390;158.076;11.122;125.339;97.494;83;45,8;37,2;17;16;1;0
456;Municipio;COCHABAMBA;Cercado;Cochabamba;Rural;23;11;22;23;15;9;0;0;0;100;52,2;47,8;0
457;Provincia;COCHABAMBA;Campero;;Campero;14.664;22.659;15.146;16.138;18.648;4.917;49,8;13;36,8;50,2;41,9;8,1;0,2
458;Provincia;COCHABAMBA;Campero;;Urbana;1.255;7.031;1.104;616;3.663;1.111;84;29,7;54,3;16;15,4;0,5;0
459;Provincia;COCHABAMBA;Campero;;Rural;13.409;15.628;14.042;15.522;14.985;3.806;33,6;5;28,6;66,4;54,4;11,7;0,3
460;Municipio;COCHABAMBA;Campero;Aiquile;Aiquile;9.552;13.773;9.781;10.022;12.094;3.893;49;14,6;34,4;51;40,7;10;0,3
461;Municipio;COCHABAMBA;Campero;Aiquile;Urbana;827;5.205;889;196;2.947;958;83,1;32,2;50,9;16,9;16,3;0,6;0
462;Municipio;COCHABAMBA;Campero;Aiquile;Rural;8.725;8.568;8.892;9.826;9.147;2.935;27,7;3,6;24;72,3;56;15,8;0,5
463;Municipio;COCHABAMBA;Campero;Pasorapa;Pasorapa;3.101;4.206;3.098;3.756;2.619;443;47;10,2;36,8;53;46,9;6;0,1
464;Municipio;COCHABAMBA;Campero;Pasorapa;Urbana;428;1.826;215;420;716;153;87,1;22,2;64,9;12,9;12,7;0,2;0
465;Municipio;COCHABAMBA;Campero;Pasorapa;Rural;2.673;2.380;2.883;3.336;1.903;290;16,2;1;15,2;83,8;73,2;10,5;0,1
466;Municipio;COCHABAMBA;Campero;Omereque;Omereque;2.011;4.680;2.267;2.360;3.935;581;55,3;10,1;45,1;44,7;40,9;3,9;0
467;Municipio;COCHABAMBA;Campero;Omereque;Urbana;0;0;0;0;0;0;0;0;0;0;0;0;0
468;Municipio;COCHABAMBA;Campero;Omereque;Rural;2.011;4.680;2.267;2.360;3.935;581;55,3;10,1;45,1;44,7;40,9;3,9;0
469;Provincia;COCHABAMBA;Ayopaya;;Ayopaya;42.961;33.634;38.420;39.695;35.989;13.108;18,1;3,2;15;81,9;61,2;19,8;0,9
470;Provincia;COCHABAMBA;Ayopaya;;Urbana;0;0;0;0;0;0;0;0;0;0;0;0;0
471;Provincia;COCHABAMBA;Ayopaya;;Rural;42.961;33.634;38.420;39.695;35.989;13.108;18,1;3,2;15;81,9;61,2;19,8;0,9
472;Municipio;COCHABAMBA;Ayopaya;Ayopaya;Ayopaya;15.694;12.929;14.572;14.579;13.478;4.916;25,8;5,9;19,9;74,2;55,3;18;0,8
473;Municipio;COCHABAMBA;Ayopaya;Ayopaya;Urbana;0;0;0;0;0;0;0;0;0;0;0;0;0
474;Municipio;COCHABAMBA;Ayopaya;Ayopaya;Rural;15.694;12.929;14.572;14.579;13.478;4.916;25,8;5,9;19,9;74,2;55,3;18;0,8
475;Municipio;COCHABAMBA;Ayopaya;Morochata;Morochata;11.394;8.966;9.365;11.526;10.367;3.325;15;2;13;85;63,9;20,5;0,7
476;Municipio;COCHABAMBA;Ayopaya;Morochata;Urbana;0;0;0;0;0;0;0;0;0;0;0;0;0
477;Municipio;COCHABAMBA;Ayopaya;Morochata;Rural;11.394;8.966;9.365;11.526;10.367;3.325;15;2;13;85;63,9;20,5;0,7
478;Municipio;COCHABAMBA;Ayopaya;Cocapata;Cocapata;15.873;11.739;14.483;13.590;12.144;4.867;11,8;1;10,9;88,2;65,9;21,2;1,1
479;Municipio;COCHABAMBA;Ayopaya;Cocapata;Urbana;0;0;0;0;0;0;0;0;0;0;0;0;0
480;Municipio;COCHABAMBA;Ayopaya;Cocapata;Rural;15.873;11.739;14.483;13.590;12.144;4.867;11,8;1;10,9;88,2;65,9;21,2;1,1
481;Provincia;COCHABAMBA;Esteban Arze;;Esteban Arze;17.930;32.779;31.513;20.321;25.182;8.885;43,2;11,7;31,5;56,8;46,9;9,6;0,3
482;Provincia;COCHABAMBA;Esteban Arze;;Urbana;5.007;16.526;17.961;5.960;10.107;4.888;42,7;11,3;31,4;57,3;48,6;8,3;0,3
483;Provincia;COCHABAMBA;Esteban Arze;;Rural;12.923;16.253;13.552;14.361;15.075;3.997;43,7;12,1;31,6;56,3;45,3;10,7;0,3
484;Municipio;COCHABAMBA;Esteban Arze;Tarata;Tarata;3.803;6.088;3.774;3.859;4.926;1.507;58,5;22,6;35,8;41,5;33,5;7,9;0,2
485;Municipio;COCHABAMBA;Esteban Arze;Tarata;Urbana;462;2.112;494;144;1.029;430;87,5;42,6;44,9;12,5;11,5;1;0
486;Municipio;COCHABAMBA;Esteban Arze;Tarata;Rural;3.341;3.976;3.280;3.715;3.897;1.077;40,8;10,5;30,3;59,2;46,9;12;0,2
487;Municipio;COCHABAMBA;Esteban Arze;Anzaldo;Anzaldo;4.171;3.865;4.996;5.012;4.145;1.294;26,4;8,4;18,1;73,6;56,4;16,6;0,5
488;Municipio;COCHABAMBA;Esteban Arze;Anzaldo;Urbana;0;0;0;0;0;0;0;0;0;0;0;0;0
489;Municipio;COCHABAMBA;Esteban Arze;Anzaldo;Rural;4.171;3.865;4.996;5.012;4.145;1.294;26,4;8,4;18,1;73,6;56,4;16,6;0,5
490;Municipio;COCHABAMBA;Esteban Arze;Arbieto;Arbieto;6.454;19.722;19.461;7.841;13.370;5.489;44,5;9,8;34,7;55,5;47,2;8;0,3
491;Municipio;COCHABAMBA;Esteban Arze;Arbieto;Urbana;4.545;14.414;17.467;5.816;9.078;4.458;33,8;5;28,7;66,2;56;9,8;0,4
492;Municipio;COCHABAMBA;Esteban Arze;Arbieto;Rural;1.909;5.308;1.994;2.025;4.292;1.031;68,8;20,5;48,3;31,2;27,3;3,8;0,1
493;Municipio;COCHABAMBA;Esteban Arze;Sacabamba;Sacabamba;3.502;3.104;3.282;3.609;2.741;595;26,4;4,1;22,3;73,6;60,3;13;0,2
494;Municipio;COCHABAMBA;Esteban Arze;Sacabamba;Urbana;0;0;0;0;0;0;0;0;0;0;0;0;0
495;Municipio;COCHABAMBA;Esteban Arze;Sacabamba;Rural;3.502;3.104;3.282;3.609;2.741;595;26,4;4,1;22,3;73,6;60,3;13;0,2
496;Provincia;COCHABAMBA;Arani;;Arani;8.864;8.874;6.912;6.982;9.798;2.763;55,4;18,5;36,9;44,6;39,7;4,7;0,1
497;Provincia;COCHABAMBA;Arani;;Urbana;539;1.932;484;130;1.166;388;86,7;37,1;49,6;13,3;12,9;0,4;0
498;Provincia;COCHABAMBA;Arani;;Rural;8.325;6.942;6.428;6.852;8.632;2.375;46,7;13,4;33,4;53,3;47,2;6;0,1
499;Municipio;COCHABAMBA;Arani;Arani;Arani;3.272;5.318;2.644;1.895;4.836;1.399;69,5;25,2;44,3;30,5;27,8;2,7;0,1
500;Municipio;COCHABAMBA;Arani;Arani;Urbana;539;1.932;484;130;1.166;388;86,7;37,1;49,6;13,3;12,9;0,4;0
501;Municipio;COCHABAMBA;Arani;Arani;Rural;2.733;3.386;2.160;1.765;3.670;1.011;59,1;18,1;41;40,9;36,8;4;0,1
502;Municipio;COCHABAMBA;Arani;Vacas;Vacas;5.592;3.556;4.268;5.087;4.962;1.364;36,1;9,3;26,8;63,9;56,1;7,6;0,1
503;Municipio;COCHABAMBA;Arani;Vacas;Urbana;0;0;0;0;0;0;0;0;0;0;0;0;0
504;Municipio;COCHABAMBA;Arani;Vacas;Rural;5.592;3.556;4.268;5.087;4.962;1.364;36,1;9,3;26,8;63,9;56,1;7,6;0,1
505;Provincia;COCHABAMBA;Arque;;Arque;14.956;12.603;13.915;17.408;13.839;4.258;16,4;2,2;14,2;83,6;65,1;17,9;0,5
506;Provincia;COCHABAMBA;Arque;;Urbana;0;0;0;0;0;0;0;0;0;0;0;0;0
507;Provincia;COCHABAMBA;Arque;;Rural;14.956;12.603;13.915;17.408;13.839;4.258;16,4;2,2;14,2;83,6;65,1;17,9;0,5
508;Municipio;COCHABAMBA;Arque;Arque;Arque;7.231;6.505;7.911;8.417;6.652;1.782;15,5;2,6;12,8;84,5;65,4;18,7;0,4
509;Municipio;COCHABAMBA;Arque;Arque;Urbana;0;0;0;0;0;0;0;0;0;0;0;0;0
510;Municipio;COCHABAMBA;Arque;Arque;Rural;7.231;6.505;7.911;8.417;6.652;1.782;15,5;2,6;12,8;84,5;65,4;18,7;0,4
511;Municipio;COCHABAMBA;Arque;Tacopaya;Tacopaya;7.725;6.098;6.004;8.991;7.187;2.476;17,4;1,8;15,6;82,6;64,9;17,1;0,6
512;Municipio;COCHABAMBA;Arque;Tacopaya;Urbana;0;0;0;0;0;0;0;0;0;0;0;0;0
513;Municipio;COCHABAMBA;Arque;Tacopaya;Rural;7.725;6.098;6.004;8.991;7.187;2.476;17,4;1,8;15,6;82,6;64,9;17,1;0,6
514;Provincia;COCHABAMBA;Capinota;;Capinota;7.195;18.419;10.227;8.354;14.963;4.671;61,7;20,3;41,4;38,3;31,9;6,2;0,2
515;Provincia;COCHABAMBA;Capinota;;Urbana;786;4.969;1.415;248;2.792;956;82,8;36;46,7;17,2;16,6;0,6;0
516;Provincia;COCHABAMBA;Capinota;;Rural;6.409;13.450;8.812;8.106;12.171;3.715;53,3;14,1;39,2;46,7;38,1;8,4;0,2
517;Municipio;COCHABAMBA;Capinota;Capinota;Capinota;4.522;11.119;6.248;4.513;8.919;3.238;62,1;21,6;40,5;37,9;31,1;6,7;0,1
518;Municipio;COCHABAMBA;Capinota;Capinota;Urbana;786;4.969;1.415;248;2.792;956;82,8;36;46,7;17,2;16,6;0,6;0
519;Municipio;COCHABAMBA;Capinota;Capinota;Rural;3.736;6.150;4.833;4.265;6.127;2.282;44,7;9,5;35,2;55,3;43,4;11,7;0,2
520;Municipio;COCHABAMBA;Capinota;Santiváñez;Santiváñez;1.445;4.586;2.222;2.012;3.624;903;67,6;23,3;44,2;32,4;28,3;3,9;0,3
521;Municipio;COCHABAMBA;Capinota;Santiváñez;Urbana;0;0;0;0;0;0;0;0;0;0;0;0;0
522;Municipio;COCHABAMBA;Capinota;Santiváñez;Rural;1.445;4.586;2.222;2.012;3.624;903;67,6;23,3;44,2;32,4;28,3;3,9;0,3
523;Municipio;COCHABAMBA;Capinota;Sicaya;Sicaya;1.228;2.714;1.757;1.829;2.420;530;48,5;8,3;40,1;51,5;42,9;8,4;0,2
524;Municipio;COCHABAMBA;Capinota;Sicaya;Urbana;0;0;0;0;0;0;0;0;0;0;0;0;0
525;Municipio;COCHABAMBA;Capinota;Sicaya;Rural;1.228;2.714;1.757;1.829;2.420;530;48,5;8,3;40,1;51,5;42,9;8,4;0,2
526;Provincia;COCHABAMBA;Germán Jordán;;Germán Jordán;7.927;21.906;6.621;4.535;14.339;3.657;76,2;26,3;49,8;23,8;21,5;2,3;0
527;Provincia;COCHABAMBA;Germán Jordán;;Urbana;1.306;7.641;1.205;206;3.694;999;88,2;34,9;53,3;11,8;11,6;0,2;0
528;Provincia;COCHABAMBA;Germán Jordán;;Rural;6.621;14.265;5.416;4.329;10.645;2.658;69,4;21,5;47,9;30,6;27,1;3,4;0,1
529;Municipio;COCHABAMBA;Germán Jordán;Cliza;Cliza;3.383;12.648;1.997;781;7.479;2.032;84,4;31,7;52,7;15,6;15,2;0,4;0
530;Municipio;COCHABAMBA;Germán Jordán;Cliza;Urbana;1.104;6.414;831;154;2.955;843;88,7;36,1;52,6;11,3;11,2;0,2;0
531;Municipio;COCHABAMBA;Germán Jordán;Cliza;Rural;2.279;6.234;1.166;627;4.524;1.189;79,7;26,9;52,8;20,3;19,7;0,6;0
532;Municipio;COCHABAMBA;Germán Jordán;Toco;Toco;3.138;4.266;2.216;2.135;3.809;747;60,3;14,8;45,5;39,7;36;3,7;0,1
533;Municipio;COCHABAMBA;Germán Jordán;Toco;Urbana;0;0;0;0;0;0;0;0;0;0;0;0;0
534;Municipio;COCHABAMBA;Germán Jordán;Toco;Rural;3.138;4.266;2.216;2.135;3.809;747;60,3;14,8;45,5;39,7;36;3,7;0,1
535;Municipio;COCHABAMBA;Germán Jordán;Tolata;Tolata;1.406;4.992;2.408;1.619;3.051;878;69;22,7;46,3;31;24,8;6,1;0,1
536;Municipio;COCHABAMBA;Germán Jordán;Tolata;Urbana;202;1.227;374;52;739;156;85,7;28,5;57,2;14,3;13,9;0,4;0
537;Municipio;COCHABAMBA;Germán Jordán;Tolata;Rural;1.204;3.765;2.034;1.567;2.312;722;63,2;20,7;42,5;36,8;28,6;8,1;0,1
538;Provincia;COCHABAMBA;Quillacollo;;Quillacollo;26.438;254.006;72.972;15.710;106.671;54.386;83,8;38,1;45,7;16,2;15,1;1,1;0
539;Provincia;COCHABAMBA;Quillacollo;;Urbana;15.344;229.766;59.905;5.797;87.265;46.924;86,6;40,2;46,3;13,4;12,9;0,5;0
540;Provincia;COCHABAMBA;Quillacollo;;Rural;11.094;24.240;13.067;9.913;19.406;7.462;56,3;16,7;39,5;43,7;36;7,5;0,3
541;Municipio;COCHABAMBA;Quillacollo;Quillacollo;Quillacollo;9.251;103.312;25.684;4.551;41.688;22.423;85,4;39,7;45,7;14,6;13,7;0,9;0
542;Municipio;COCHABAMBA;Quillacollo;Quillacollo;Urbana;6.537;98.106;22.596;2.336;37.528;20.813;87,1;41,1;46,1;12,9;12,4;0,5;0
543;Municipio;COCHABAMBA;Quillacollo;Quillacollo;Rural;2.714;5.206;3.088;2.215;4.160;1.610;48,6;10,5;38,1;51,4;41,9;9,1;0,4
544;Municipio;COCHABAMBA;Quillacollo;Sipesipe;Sipesipe;6.634;36.509;18.421;4.891;24.065;8.953;70,4;19,6;50,7;29,6;26,9;2,7;0,1
545;Municipio;COCHABAMBA;Quillacollo;Sipesipe;Urbana;2.710;24.969;12.832;1.315;14.971;5.684;74,2;20,2;54,1;25,8;24,6;1,1;0
546;Municipio;COCHABAMBA;Quillacollo;Sipesipe;Rural;3.924;11.540;5.589;3.576;9.094;3.269;62,3;18,6;43,7;37,7;31,5;6;0,1
547;Municipio;COCHABAMBA;Quillacollo;Tiquipaya;Tiquipaya;4.913;37.970;9.241;3.470;13.165;7.507;85,8;41,6;44,2;14,2;13,1;1,1;0
548;Municipio;COCHABAMBA;Quillacollo;Tiquipaya;Urbana;2.027;36.069;7.505;824;10.878;6.485;89,7;43,9;45,7;10,3;10,1;0,3;0
549;Municipio;COCHABAMBA;Quillacollo;Tiquipaya;Rural;2.886;1.901;1.736;2.646;2.287;1.022;20,2;2;18,2;79,8;64,5;14,9;0,4
550;Municipio;COCHABAMBA;Quillacollo;Vinto;Vinto;3.383;35.281;15.111;2.284;17.008;8.558;79,1;31,1;48;20,9;19,4;1,5;0,1
551;Municipio;COCHABAMBA;Quillacollo;Vinto;Urbana;1.813;29.688;12.457;808;13.143;6.997;81,7;32,4;49,3;18,3;17,7;0,6;0
552;Municipio;COCHABAMBA;Quillacollo;Vinto;Rural;1.570;5.593;2.654;1.476;3.865;1.561;64,6;24,1;40,5;35,4;28,7;6,3;0,4
553;Municipio;COCHABAMBA;Quillacollo;Colcapirhua;Colcapirhua;2.257;40.934;4.515;514;10.745;6.945;93;52,1;41;7;6,8;0,2;0
554;Municipio;COCHABAMBA;Quillacollo;Colcapirhua;Urbana;2.257;40.934;4.515;514;10.745;6.945;93;52,1;41;7;6,8;0,2;0
555;Municipio;COCHABAMBA;Quillacollo;Colcapirhua;Rural;0;0;0;0;0;0;0;0;0;0;0;0;0
556;Provincia;COCHABAMBA;Chapare;;Chapare;72.760;201.657;100.881;55.154;114.385;49.819;67,9;27,1;40,7;32,1;28;4;0,1
557;Provincia;COCHABAMBA;Chapare;;Urbana;13.173;123.602;40.728;6.287;49.511;29.115;83,4;38,5;44,9;16,6;15,8;0,8;0
558;Provincia;COCHABAMBA;Chapare;;Rural;59.587;78.055;60.153;48.867;64.874;20.704;42;8,3;33,8;58;48,3;9,3;0,4
559;Municipio;COCHABAMBA;Chapare;Sacaba;Sacaba;22.582;130.230;48.915;16.170;58.649;31.735;79,7;36,4;43,2;20,3;18,6;1,7;0
560;Municipio;COCHABAMBA;Chapare;Sacaba;Urbana;11.667;113.689;36.989;5.816;44.144;26.433;84,2;40;44,2;15,8;15,1;0,7;0
561;Municipio;COCHABAMBA;Chapare;Sacaba;Rural;10.915;16.541;11.926;10.354;14.505;5.302;47,7;11,3;36,3;52,3;43,9;8,2;0,3
562;Municipio;COCHABAMBA;Chapare;Colomi;Colomi;8.254;12.590;7.055;7.362;11.491;5.140;49,1;10;39,1;50,9;41,8;8,7;0,4
563;Municipio;COCHABAMBA;Chapare;Colomi;Urbana;739;2.375;436;176;1.708;908;74,5;18,8;55,7;25,5;25,1;0,4;0
564;Municipio;COCHABAMBA;Chapare;Colomi;Rural;7.515;10.215;6.619;7.186;9.783;4.232;43,2;8;35,2;56,8;45,7;10,7;0,5
565;Municipio;COCHABAMBA;Chapare;Villa Tunari;Villa Tunari;41.924;58.837;44.911;31.622;44.245;12.944;43,9;8,8;35,1;56,1;47,4;8,4;0,3
566;Municipio;COCHABAMBA;Chapare;Villa Tunari;Urbana;767;7.538;3.303;295;3.659;1.774;72,9;19,6;53,3;27,1;25,9;1,2;0
567;Municipio;COCHABAMBA;Chapare;Villa Tunari;Rural;41.157;51.299;41.608;31.327;40.586;11.170;39,9;7,3;32,6;60,1;50,4;9,4;0,4
568;Provincia;COCHABAMBA;Tapacarí;;Tapacarí;18.322;15.548;19.320;18.585;15.377;6.632;13,5;1,7;11,8;86,5;58,5;26,6;1,4
569;Provincia;COCHABAMBA;Tapacarí;;Urbana;0;0;0;0;0;0;0;0;0;0;0;0;0
570;Provincia;COCHABAMBA;Tapacarí;;Rural;18.322;15.548;19.320;18.585;15.377;6.632;13,5;1,7;11,8;86,5;58,5;26,6;1,4
571;Municipio;COCHABAMBA;Tapacarí;Tapacarí;Tapacarí;18.322;15.548;19.320;18.585;15.377;6.632;13,5;1,7;11,8;86,5;58,5;26,6;1,4
572;Municipio;COCHABAMBA;Tapacarí;Tapacarí;Urbana;0;0;0;0;0;0;0;0;0;0;0;0;0
573;Municipio;COCHABAMBA;Tapacarí;Tapacarí;Rural;18.322;15.548;19.320;18.585;15.377;6.632;13,5;1,7;11,8;86,5;58,5;26,6;1,4
574;Provincia;COCHABAMBA;Carrasco;;Carrasco;57.919;114.024;79.758;52.894;85.514;26.413;51;11,5;39,5;49;41,7;7,2;0,2
575;Provincia;COCHABAMBA;Carrasco;;Urbana;3.966;41.644;18.687;2.302;22.903;8.940;74;19;55,1;26;24,9;1;0
576;Provincia;COCHABAMBA;Carrasco;;Rural;53.953;72.380;61.071;50.592;62.611;17.473;38,7;7,5;31,2;61,3;50,6;10,5;0,2
577;Municipio;COCHABAMBA;Carrasco;Totora;Totora;7.859;9.032;10.218;8.016;9.144;3.620;26,7;6,5;20,1;73,3;57,9;15;0,5
578;Municipio;COCHABAMBA;Carrasco;Totora;Urbana;0;0;0;0;0;0;0;0;0;0;0;0;0
579;Municipio;COCHABAMBA;Carrasco;Totora;Rural;7.859;9.032;10.218;8.016;9.144;3.620;26,7;6,5;20,1;73,3;57,9;15;0,5
580;Municipio;COCHABAMBA;Carrasco;Pojo;Pojo;6.218;8.344;7.603;5.436;7.362;2.133;31;4,9;26,1;69;52,8;15,7;0,5
581;Municipio;COCHABAMBA;Carrasco;Pojo;Urbana;0;0;0;0;0;0;0;0;0;0;0;0;0
582;Municipio;COCHABAMBA;Carrasco;Pojo;Rural;6.218;8.344;7.603;5.436;7.362;2.133;31;4,9;26,1;69;52,8;15,7;0,5
583;Municipio;COCHABAMBA;Carrasco;Pocona;Pocona;6.772;6.346;6.725;5.625;7.533;1.749;35,5;4,6;30,9;64,5;56,1;8,1;0,2
584;Municipio;COCHABAMBA;Carrasco;Pocona;Urbana;0;0;0;0;0;0;0;0;0;0;0;0;0
585;Municipio;COCHABAMBA;Carrasco;Pocona;Rural;6.772;6.346;6.725;5.625;7.533;1.749;35,5;4,6;30,9;64,5;56,1;8,1;0,2
586;Municipio;COCHABAMBA;Carrasco;Chimoré;Chimoré;7.466;18.014;11.313;7.347;11.312;3.237;55,3;12,7;42,6;44,7;39,2;5,4;0,1
587;Municipio;COCHABAMBA;Carrasco;Chimoré;Urbana;581;7.030;3.117;305;3.195;1.300;75,4;19,8;55,5;24,6;23,8;0,8;0
588;Municipio;COCHABAMBA;Carrasco;Chimoré;Rural;6.885;10.984;8.196;7.042;8.117;1.937;43;8,3;34,7;57;48,6;8,3;0,2
589;Municipio;COCHABAMBA;Carrasco;Puerto Villarroel;Puerto Villarroel;18.320;43.610;25.714;16.136;29.381;9.115;55,9;13;42,9;44,1;38,9;5,2;0,1
590;Municipio;COCHABAMBA;Carrasco;Puerto Villarroel;Urbana;1.492;15.534;6.921;1.014;8.113;3.547;73,7;19,8;53,9;26,3;25;1,2;0
591;Municipio;COCHABAMBA;Carrasco;Puerto Villarroel;Rural;16.828;28.076;18.793;15.122;21.268;5.568;46,3;9,3;37;53,7;46,3;7,3;0,1
592;Municipio;COCHABAMBA;Carrasco;Entre Ríos;Entre Ríos;11.284;28.678;18.185;10.334;20.782;6.559;58,7;13,8;44,8;41,3;35,1;6,1;0,1
593;Municipio;COCHABAMBA;Carrasco;Entre Ríos;Urbana;1.893;19.080;8.649;983;11.595;4.093;73,8;18,1;55,8;26,2;25,2;1;0
594;Municipio;COCHABAMBA;Carrasco;Entre Ríos;Rural;9.391;9.598;9.536;9.351;9.187;2.466;33,2;6,7;26,5;66,8;51,9;14,7;0,3
595;Provincia;COCHABAMBA;Mizque;;Mizque;19.755;23.931;23.523;21.860;23.202;8.257;31,8;7,5;24,3;68,2;47,7;19,4;1,1
596;Provincia;COCHABAMBA;Mizque;;Urbana;581;4.013;1.275;392;2.602;642;76,2;23,9;52,3;23,8;22,8;1;0
597;Provincia;COCHABAMBA;Mizque;;Rural;19.174;19.918;22.248;21.468;20.600;7.615;22,9;4,2;18,7;77,1;52,7;23,1;1,4
598;Municipio;COCHABAMBA;Mizque;Mizque;Mizque;6.269;12.417;9.863;7.647;11.550;3.415;48,1;11,7;36,4;51,9;42,7;8,9;0,3
599;Municipio;COCHABAMBA;Mizque;Mizque;Urbana;581;4.013;1.275;392;2.602;642;76,2;23,9;52,3;23,8;22,8;1;0
600;Municipio;COCHABAMBA;Mizque;Mizque;Rural;5.688;8.404;8.588;7.255;8.948;2.773;35,5;6,3;29,2;64,5;51,6;12,4;0,5
601;Municipio;COCHABAMBA;Mizque;Vila Vila;Vila Vila;3.838;3.495;4.079;4.318;3.228;1.339;17,4;4,2;13,3;82,6;52,5;27,3;2,8
602;Municipio;COCHABAMBA;Mizque;Vila Vila;Urbana;0;0;0;0;0;0;0;0;0;0;0;0;0
603;Municipio;COCHABAMBA;Mizque;Vila Vila;Rural;3.838;3.495;4.079;4.318;3.228;1.339;17,4;4,2;13,3;82,6;52,5;27,3;2,8
604;Municipio;COCHABAMBA;Mizque;Alalay;Alalay;2.767;2.454;2.668;2.935;2.234;867;13,9;1,4;12,5;86,1;65;20,2;0,9
605;Municipio;COCHABAMBA;Mizque;Alalay;Urbana;0;0;0;0;0;0;0;0;0;0;0;0;0
606;Municipio;COCHABAMBA;Mizque;Alalay;Rural;2.767;2.454;2.668;2.935;2.234;867;13,9;1,4;12,5;86,1;65;20,2;0,9
607;Municipio;COCHABAMBA;Mizque;TIOCaRaqaypampa;TIOC-Raqaypampa;6.881;5.565;6.913;6.960;6.190;2.636;8,8;1,8;7;91,2;49,3;39,8;2,1
608;Municipio;COCHABAMBA;Mizque;TIOCaRaqaypampa;Urbana;0;0;0;0;0;0;0;0;0;0;0;0;0
609;Municipio;COCHABAMBA;Mizque;TIOCaRaqaypampa;Rural;6.881;5.565;6.913;6.960;6.190;2.636;8,8;1,8;7;91,2;49,3;39,8;2,1
610;Provincia;COCHABAMBA;Punata;;Punata;12.893;35.425;14.602;6.373;24.376;7.664;74,6;25,3;49,4;25,4;23,5;1,9;0
611;Provincia;COCHABAMBA;Punata;;Urbana;4.764;21.418;8.696;1.307;13.280;4.539;79,2;28;51,3;20,8;19,9;0,9;0
612;Provincia;COCHABAMBA;Punata;;Rural;8.129;14.007;5.906;5.066;11.096;3.125;67,6;21,2;46,4;32,4;29;3,4;0,1
613;Municipio;COCHABAMBA;Punata;Punata;Punata;5.234;19.749;6.515;1.460;13.634;4.649;78;27;51;22;20,8;1,2;0
614;Municipio;COCHABAMBA;Punata;Punata;Urbana;3.262;14.951;5.015;629;8.997;3.308;81;29,5;51,4;19;18,3;0,7;0
615;Municipio;COCHABAMBA;Punata;Punata;Rural;1.972;4.798;1.500;831;4.637;1.341;68,9;19,2;49,7;31,1;28,4;2,7;0
616;Municipio;COCHABAMBA;Punata;Villa Rivero;Villa Rivero;3.330;4.818;3.026;1.617;3.689;1.013;62,9;19,6;43,3;37,1;33,7;3,2;0,1
617;Municipio;COCHABAMBA;Punata;Villa Rivero;Urbana;799;1.690;1.701;323;1.189;388;53,9;7,3;46,6;46,1;42,3;3,8;0
618;Municipio;COCHABAMBA;Punata;Villa Rivero;Rural;2.531;3.128;1.325;1.294;2.500;625;67;25,2;41,8;33;29,8;3;0,2
619;Municipio;COCHABAMBA;Punata;San Benito;San Benito;1.786;7.441;2.930;1.074;5.327;1.474;79,1;27,7;51,4;20,9;19,3;1,6;0
620;Municipio;COCHABAMBA;Punata;San Benito;Urbana;703;4.777;1.980;355;3.094;843;81,8;29,5;52,2;18,2;17,6;0,6;0
621;Municipio;COCHABAMBA;Punata;San Benito;Rural;1.083;2.664;950;719;2.233;631;74,5;24,4;50,1;25,5;22,2;3,3;0
622;Municipio;COCHABAMBA;Punata;Tacachi;Tacachi;438;745;465;404;367;98;70,4;28,6;41,8;29,6;27,5;2,1;0
623;Municipio;COCHABAMBA;Punata;Tacachi;Urbana;0;0;0;0;0;0;0;0;0;0;0;0;0
624;Municipio;COCHABAMBA;Punata;Tacachi;Rural;438;745;465;404;367;98;70,4;28,6;41,8;29,6;27,5;2,1;0
625;Municipio;COCHABAMBA;Punata;Villa Gualberto Villarroel;Villa Gualberto Villarroel;2.105;2.672;1.666;1.818;1.359;430;55,7;12,7;43;44,3;38,1;6,1;0
626;Municipio;COCHABAMBA;Punata;Villa Gualberto Villarroel;Urbana;0;0;0;0;0;0;0;0;0;0;0;0;0
627;Municipio;COCHABAMBA;Punata;Villa Gualberto Villarroel;Rural;2.105;2.672;1.666;1.818;1.359;430;55,7;12,7;43;44,3;38,1;6,1;0
628;Provincia;COCHABAMBA;Bolívar;;Bolívar;6.007;4.761;6.605;6.329;5.072;2.556;14,1;2;12,1;85,9;63,7;21,6;0,6
629;Provincia;COCHABAMBA;Bolívar;;Urbana;0;0;0;0;0;0;0;0;0;0;0;0;0
630;Provincia;COCHABAMBA;Bolívar;;Rural;6.007;4.761;6.605;6.329;5.072;2.556;14,1;2;12,1;85,9;63,7;21,6;0,6
631;Municipio;COCHABAMBA;Bolívar;Bolívar;Bolívar;6.007;4.761;6.605;6.329;5.072;2.556;14,1;2;12,1;85,9;63,7;21,6;0,6
632;Municipio;COCHABAMBA;Bolívar;Bolívar;Urbana;0;0;0;0;0;0;0;0;0;0;0;0;0
633;Municipio;COCHABAMBA;Bolívar;Bolívar;Rural;6.007;4.761;6.605;6.329;5.072;2.556;14,1;2;12,1;85,9;63,7;21,6;0,6
634;Provincia;COCHABAMBA;Tiraque;;Tiraque;18.263;28.251;15.348;13.887;23.297;8.287;51,9;10;41,9;48,1;41,4;6,6;0,1
635;Provincia;COCHABAMBA;Tiraque;;Urbana;981;7.573;1.927;281;4.155;1.875;76,9;18,8;58,2;23,1;22;1;0
636;Provincia;COCHABAMBA;Tiraque;;Rural;17.282;20.678;13.421;13.606;19.142;6.412;43,7;7,2;36,5;56,3;47,8;8,4;0,2
637;Municipio;COCHABAMBA;Tiraque;Tiraque;Tiraque;10.798;9.658;7.221;7.766;11.161;4.246;41,7;6,2;35,5;58,3;50;8,1;0,2
638;Municipio;COCHABAMBA;Tiraque;Tiraque;Urbana;555;1.483;232;71;940;369;81,4;23,1;58,3;18,6;17,8;0,8;0
639;Municipio;COCHABAMBA;Tiraque;Tiraque;Rural;10.243;8.175;6.989;7.695;10.221;3.877;35,2;3,4;31,8;64,8;55,3;9,3;0,2
640;Municipio;COCHABAMBA;Tiraque;Shinahota;Shinahota;7.465;18.593;8.127;6.121;12.136;4.041;58,9;12,7;46,2;41,1;35,5;5,5;0,1
641;Municipio;COCHABAMBA;Tiraque;Shinahota;Urbana;426;6.090;1.695;210;3.215;1.506;75,6;17,4;58,2;24,4;23,3;1,1;0
642;Municipio;COCHABAMBA;Tiraque;Shinahota;Rural;7.039;12.503;6.432;5.911;8.921;2.535;51;10,5;40,6;49;41,2;7,6;0,1
643;Departamento;ORURO;;;ORURO;119.875;333.417;208.229;113.249;136.958;87.472;66,9;31;35,9;33,1;28,5;4,4;0,1
644;Departamento;ORURO;;;Urbana;19.390;187.280;53.426;6.506;59.253;49.730;86,9;44,7;42,3;13,1;12,3;0,7;0
645;Departamento;ORURO;;;Rural;100.485;146.137;154.803;106.743;77.705;37.742;33,1;7,8;25,2;66,9;56;10,7;0,2
646;Provincia;ORURO;Cercado;;Cercado;35.675;186.760;74.653;24.176;64.505;51.279;80,7;41,5;39,2;19,3;17,1;2,1;0,1
647;Provincia;ORURO;Cercado;;Urbana;15.208;158.776;43.195;5.066;47.655;43.227;87,4;46,3;41,1;12,6;11,8;0,7;0
648;Provincia;ORURO;Cercado;;Rural;20.467;27.984;31.458;19.110;16.850;8.052;30,5;5,4;25,1;69,5;56,8;12,3;0,4
649;Municipio;ORURO;Cercado;Oruro;Oruro;14.163;154.512;40.453;4.622;46.240;42.105;87,7;46,8;40,9;12,3;11,6;0,7;0
650;Municipio;ORURO;Cercado;Oruro;Urbana;14.131;154.449;40.368;4.588;46.193;42.091;87,7;46,8;40,9;12,3;11,5;0,7;0
651;Municipio;ORURO;Cercado;Oruro;Rural;32;63;85;34;47;14;19,6;3,3;16,3;80,4;70,7;9,8;0
652;Municipio;ORURO;Cercado;Caracollo;Caracollo;8.365;14.547;14.041;7.223;6.963;4.335;48,6;14,1;34,5;51,4;45,1;6,3;0,1
653;Municipio;ORURO;Cercado;Caracollo;Urbana;1.077;4.327;2.827;478;1.462;1.136;75,3;28;47,4;24,7;23,3;1,4;0
654;Municipio;ORURO;Cercado;Caracollo;Rural;7.288;10.220;11.214;6.745;5.501;3.199;35,6;7,3;28,2;64,4;55,6;8,7;0,1
655;Municipio;ORURO;Cercado;El Choro;El Choro;7.714;7.353;9.163;7.569;3.813;1.325;7;0,9;6,1;93;66,9;25,1;1
656;Municipio;ORURO;Cercado;El Choro;Urbana;0;0;0;0;0;0;0;0;0;0;0;0;0
657;Municipio;ORURO;Cercado;El Choro;Rural;7.714;7.353;9.163;7.569;3.813;1.325;7;0,9;6,1;93;66,9;25,1;1
658;Municipio;ORURO;Cercado;Paria;Paria;5.433;10.348;10.996;4.762;7.489;3.514;40,2;6,4;33,8;59,8;51,8;7,8;0,2
659;Municipio;ORURO;Cercado;Paria;Urbana;0;0;0;0;0;0;0;0;0;0;0;0;0
660;Municipio;ORURO;Cercado;Paria;Rural;5.433;10.348;10.996;4.762;7.489;3.514;40,2;6,4;33,8;59,8;51,8;7,8;0,2
661;Provincia;ORURO;Abaroa;;Abaroa;16.604;24.544;23.913;16.174;17.567;9.444;40,3;11,3;28,9;59,7;48;11,3;0,4
662;Provincia;ORURO;Abaroa;;Urbana;1.167;6.725;2.626;262;3.463;2.770;75,9;24,4;51,6;24,1;22,9;1,2;0
663;Provincia;ORURO;Abaroa;;Rural;15.437;17.819;21.287;15.912;14.104;6.674;23,8;5,3;18,5;76,2;59,6;16;0,6
664;Municipio;ORURO;Abaroa;Challapata;Challapata;14.568;21.526;20.629;13.994;16.020;8.806;40;10,6;29,3;60;47,8;11,8;0,4
665;Municipio;ORURO;Abaroa;Challapata;Urbana;1.167;6.725;2.626;262;3.463;2.770;75,9;24,4;51,6;24,1;22,9;1,2;0
666;Municipio;ORURO;Abaroa;Challapata;Rural;13.401;14.801;18.003;13.732;12.557;6.036;19,6;2,9;16,7;80,4;61,9;17,8;0,7
667;Municipio;ORURO;Abaroa;Santuario de Quillacas;Santuario de Quillacas;2.036;3.018;3.284;2.180;1.547;638;42,5;16,2;26,3;57,5;49,6;7,8;0,1
668;Municipio;ORURO;Abaroa;Santuario de Quillacas;Urbana;0;0;0;0;0;0;0;0;0;0;0;0;0
669;Municipio;ORURO;Abaroa;Santuario de Quillacas;Rural;2.036;3.018;3.284;2.180;1.547;638;42,5;16,2;26,3;57,5;49,6;7,8;0,1
670;Provincia;ORURO;Carangas;;Carangas;9.521;14.941;15.857;12.514;5.251;2.489;20,6;4,5;16,1;79,4;69,8;9,5;0,1
671;Provincia;ORURO;Carangas;;Urbana;0;0;0;0;0;0;0;0;0;0;0;0;0
672;Provincia;ORURO;Carangas;;Rural;9.521;14.941;15.857;12.514;5.251;2.489;20,6;4,5;16,1;79,4;69,8;9,5;0,1
673;Municipio;ORURO;Carangas;Corque;Corque;8.332;12.911;13.841;10.748;4.603;2.285;20,2;4,2;16;79,8;69,2;10,4;0,1
674;Municipio;ORURO;Carangas;Corque;Urbana;0;0;0;0;0;0;0;0;0;0;0;0;0
675;Municipio;ORURO;Carangas;Corque;Rural;8.332;12.911;13.841;10.748;4.603;2.285;20,2;4,2;16;79,8;69,2;10,4;0,1
676;Municipio;ORURO;Carangas;Choquecota;Choquecota;1.189;2.030;2.016;1.766;648;204;22,8;6,4;16,4;77,2;73,6;3,5;0,1
677;Municipio;ORURO;Carangas;Choquecota;Urbana;0;0;0;0;0;0;0;0;0;0;0;0;0
678;Municipio;ORURO;Carangas;Choquecota;Rural;1.189;2.030;2.016;1.766;648;204;22,8;6,4;16,4;77,2;73,6;3,5;0,1
679;Provincia;ORURO;Sajama;;Sajama;7.086;8.726;8.787;8.015;4.430;2.017;27;8,7;18,3;73;61,2;11,6;0,1
680;Provincia;ORURO;Sajama;;Urbana;0;0;0;0;0;0;0;0;0;0;0;0;0
681;Provincia;ORURO;Sajama;;Rural;7.086;8.726;8.787;8.015;4.430;2.017;27;8,7;18,3;73;61,2;11,6;0,1
682;Municipio;ORURO;Sajama;Curahuara de Carangas;Curahuara de Carangas;4.039;4.584;4.713;4.152;2.573;1.161;27,1;8,4;18,6;72,9;61;11,8;0,1
683;Municipio;ORURO;Sajama;Curahuara de Carangas;Urbana;0;0;0;0;0;0;0;0;0;0;0;0;0
684;Municipio;ORURO;Sajama;Curahuara de Carangas;Rural;4.039;4.584;4.713;4.152;2.573;1.161;27,1;8,4;18,6;72,9;61;11,8;0,1
685;Municipio;ORURO;Sajama;Turco;Turco;3.047;4.142;4.074;3.863;1.857;856;27;9,1;17,9;73;61,5;11,3;0,1
686;Municipio;ORURO;Sajama;Turco;Urbana;0;0;0;0;0;0;0;0;0;0;0;0;0
687;Municipio;ORURO;Sajama;Turco;Rural;3.047;4.142;4.074;3.863;1.857;856;27;9,1;17,9;73;61,5;11,3;0,1
688;Provincia;ORURO;Litoral;;Litoral;2.266;11.309;5.249;3.170;3.031;2.700;62,6;10,1;52,5;37,4;32,7;4,6;0,1
689;Provincia;ORURO;Litoral;;Urbana;606;4.695;1.601;676;1.206;912;75,9;12,7;63,2;24,1;22,8;1,3;0
690;Provincia;ORURO;Litoral;;Rural;1.660;6.614;3.648;2.494;1.825;1.788;52,2;8,1;44,1;47,8;40,5;7,2;0,1
691;Municipio;ORURO;Litoral;Huachacalla;Huachacalla;283;2.675;805;189;842;622;77,8;14,3;63,4;22,2;21,5;0,8;0
692;Municipio;ORURO;Litoral;Huachacalla;Urbana;234;2.572;691;164;823;592;79,1;14,7;64,5;20,9;20,1;0,8;0
693;Municipio;ORURO;Litoral;Huachacalla;Rural;49;103;114;25;19;30;39,2;4,8;34,4;60,8;60;0,8;0
694;Municipio;ORURO;Litoral;Escara;Escara;1.010;3.477;2.074;1.426;685;1.009;53,1;7,3;45,8;46,9;38,1;8,8;0,1
695;Municipio;ORURO;Litoral;Escara;Urbana;372;2.123;910;512;383;320;71,4;10;61,4;28,6;26,6;2,1;0
696;Municipio;ORURO;Litoral;Escara;Rural;638;1.354;1.164;914;302;689;24,2;3;21,1;75,8;56,4;19,3;0,2
697;Municipio;ORURO;Litoral;Cruz de Machacamarca;Cruz de Machacamarca;262;1.222;625;314;294;341;56,5;10,8;45,7;43,5;35,9;7,6;0,1
698;Municipio;ORURO;Litoral;Cruz de Machacamarca;Urbana;0;0;0;0;0;0;0;0;0;0;0;0;0
699;Municipio;ORURO;Litoral;Cruz de Machacamarca;Rural;262;1.222;625;314;294;341;56,5;10,8;45,7;43,5;35,9;7,6;0,1
700;Municipio;ORURO;Litoral;Yunguyo del Litoral;Yunguyo del Litoral;142;752;94;250;240;88;72,3;8,3;64;27,7;26;1,7;0
701;Municipio;ORURO;Litoral;Yunguyo del Litoral;Urbana;0;0;0;0;0;0;0;0;0;0;0;0;0
702;Municipio;ORURO;Litoral;Yunguyo del Litoral;Rural;142;752;94;250;240;88;72,3;8,3;64;27,7;26;1,7;0
703;Municipio;ORURO;Litoral;Esmeralda;Esmeralda;569;3.183;1.651;991;970;640;58,2;9,3;48,9;41,8;38,3;3,4;0,1
704;Municipio;ORURO;Litoral;Esmeralda;Urbana;0;0;0;0;0;0;0;0;0;0;0;0;0
705;Municipio;ORURO;Litoral;Esmeralda;Rural;569;3.183;1.651;991;970;640;58,2;9,3;48,9;41,8;38,3;3,4;0,1
706;Provincia;ORURO;Poopó;;Poopó;4.981;9.750;8.773;4.040;5.431;1.645;64,2;26;38,2;35,8;31,5;4,2;0,1
707;Provincia;ORURO;Poopó;;Urbana;267;2.867;700;126;1.038;286;91,4;43,8;47,6;8,6;7,7;0,9;0
708;Provincia;ORURO;Poopó;;Rural;4.714;6.883;8.073;3.914;4.393;1.359;53,6;19,1;34,6;46,4;40,8;5,5;0,1
709;Municipio;ORURO;Poopó;Poopó;Poopó;2.706;5.489;3.982;2.475;2.829;850;66,9;27,5;39,4;33,1;28,6;4,5;0,1
710;Municipio;ORURO;Poopó;Poopó;Urbana;267;2.867;700;126;1.038;286;91,4;43,8;47,6;8,6;7,7;0,9;0
711;Municipio;ORURO;Poopó;Poopó;Rural;2.439;2.622;3.282;2.349;1.791;564;40,8;10,1;30,6;59,2;50,7;8,4;0,1
712;Municipio;ORURO;Poopó;Pazña;Pazña;1.368;2.240;2.769;884;1.504;473;56,8;18,5;38,3;43,2;39;4,1;0,1
713;Municipio;ORURO;Poopó;Pazña;Urbana;0;0;0;0;0;0;0;0;0;0;0;0;0
714;Municipio;ORURO;Poopó;Pazña;Rural;1.368;2.240;2.769;884;1.504;473;56,8;18,5;38,3;43,2;39;4,1;0,1
715;Municipio;ORURO;Poopó;Antequera;Antequera;907;2.021;2.022;681;1.098;322;65,9;30,8;35,1;34,1;30,4;3,7;0
716;Municipio;ORURO;Poopó;Antequera;Urbana;0;0;0;0;0;0;0;0;0;0;0;0;0
717;Municipio;ORURO;Poopó;Antequera;Rural;907;2.021;2.022;681;1.098;322;65,9;30,8;35,1;34,1;30,4;3,7;0
718;Provincia;ORURO;Pantaleón Dalence;;Pantaleón Dalence;3.587;12.082;7.913;2.155;6.560;2.390;83,3;45,4;37,8;16,7;15,2;1,5;0
719;Provincia;ORURO;Pantaleón Dalence;;Urbana;1.150;8.527;3.235;112;3.570;1.463;92,5;53,9;38,6;7,5;7,3;0,2;0
720;Provincia;ORURO;Pantaleón Dalence;;Rural;2.437;3.555;4.678;2.043;2.990;927;57,4;21,6;35,8;42,6;37,2;5,2;0,2
721;Municipio;ORURO;Pantaleón Dalence;Huanuni;Huanuni;2.188;8.746;5.375;1.324;4.778;1.711;86,5;50,4;36,1;13,5;12,2;1,3;0
722;Municipio;ORURO;Pantaleón Dalence;Huanuni;Urbana;766;6.934;2.773;46;2.928;1.202;93,3;56,5;36,8;6,7;6,6;0,1;0
723;Municipio;ORURO;Pantaleón Dalence;Huanuni;Rural;1.422;1.812;2.602;1.278;1.850;509;58,2;25,1;33,1;41,8;35,3;6,4;0,1
724;Municipio;ORURO;Pantaleón Dalence;Machacamarca;Machacamarca;1.399;3.336;2.538;831;1.782;679;73;29,6;43,4;27;24,7;2,1;0,1
725;Municipio;ORURO;Pantaleón Dalence;Machacamarca;Urbana;384;1.593;462;66;642;261;88,4;41,2;47,2;11,6;11;0,6;0
726;Municipio;ORURO;Pantaleón Dalence;Machacamarca;Rural;1.015;1.743;2.076;765;1.140;418;56,4;17,1;39,3;43,6;39,6;3,8;0,2
727;Provincia;ORURO;Ladislao Cabrera;;Ladislao Cabrera;6.145;12.614;12.503;7.664;6.094;3.066;44,1;11,2;32,8;55,9;50,4;5,4;0,1
728;Provincia;ORURO;Ladislao Cabrera;;Urbana;0;0;0;0;0;0;0;0;0;0;0;0;0
729;Provincia;ORURO;Ladislao Cabrera;;Rural;6.145;12.614;12.503;7.664;6.094;3.066;44,1;11,2;32,8;55,9;50,4;5,4;0,1
730;Municipio;ORURO;Ladislao Cabrera;Salinas de Garci Mendoza (Autonomía Indígena Originario Campesina de Salinas);Salinas de Garci Mendoza (Autonomía Indígena Originario Campesina de Salinas);5.170;10.565;10.546;6.383;4.693;2.462;44,6;11,4;33,2;55,4;50,1;5,2;0,1
731;Municipio;ORURO;Ladislao Cabrera;Salinas de Garci Mendoza (Autonomía Indígena Originario Campesina de Salinas);Urbana;0;0;0;0;0;0;0;0;0;0;0;0;0
732;Municipio;ORURO;Ladislao Cabrera;Salinas de Garci Mendoza (Autonomía Indígena Originario Campesina de Salinas);Rural;5.170;10.565;10.546;6.383;4.693;2.462;44,6;11,4;33,2;55,4;50,1;5,2;0,1
733;Municipio;ORURO;Ladislao Cabrera;Pampa Aullagas;Pampa Aullagas;975;2.049;1.957;1.281;1.401;604;41,6;10,5;31,1;58,4;51,9;6,4;0,1
734;Municipio;ORURO;Ladislao Cabrera;Pampa Aullagas;Urbana;0;0;0;0;0;0;0;0;0;0;0;0;0
735;Municipio;ORURO;Ladislao Cabrera;Pampa Aullagas;Rural;975;2.049;1.957;1.281;1.401;604;41,6;10,5;31,1;58,4;51,9;6,4;0,1
736;Provincia;ORURO;Sabaya;;Sabaya;4.348;13.745;11.376;5.435;4.185;3.896;46,2;7,3;38,9;53,8;48,7;5;0,1
737;Provincia;ORURO;Sabaya;;Urbana;134;2.002;743;98;612;391;68,7;6,7;62;31,3;29,9;1,2;0,2
738;Provincia;ORURO;Sabaya;;Rural;4.214;11.743;10.633;5.337;3.573;3.505;43;7,4;35,6;57;51,4;5,6;0
739;Municipio;ORURO;Sabaya;Sabaya;Sabaya;2.909;11.480;8.962;3.964;3.220;3.359;47;6,9;40,1;53;47,9;5,1;0,1
740;Municipio;ORURO;Sabaya;Sabaya;Urbana;134;2.002;743;98;612;391;68,7;6,7;62;31,3;29,9;1,2;0,2
741;Municipio;ORURO;Sabaya;Sabaya;Rural;2.775;9.478;8.219;3.866;2.608;2.968;42,9;6,9;36;57,1;51,3;5,8;0
742;Municipio;ORURO;Sabaya;Coipasa;Coipasa;171;972;759;252;166;179;60,5;14,8;45,7;39,5;38,8;0,8;0
743;Municipio;ORURO;Sabaya;Coipasa;Urbana;0;0;0;0;0;0;0;0;0;0;0;0;0
744;Municipio;ORURO;Sabaya;Coipasa;Rural;171;972;759;252;166;179;60,5;14,8;45,7;39,5;38,8;0,8;0
745;Municipio;ORURO;Sabaya;Uru Chipaya (Nación Originaria Uru Chipaya);Uru Chipaya (Nación Originaria Uru Chipaya);1.268;1.293;1.655;1.219;799;358;32,9;5,4;27,5;67,1;59,6;7,5;0
746;Municipio;ORURO;Sabaya;Uru Chipaya (Nación Originaria Uru Chipaya);Urbana;0;0;0;0;0;0;0;0;0;0;0;0;0
747;Municipio;ORURO;Sabaya;Uru Chipaya (Nación Originaria Uru Chipaya);Rural;1.268;1.293;1.655;1.219;799;358;32,9;5,4;27,5;67,1;59,6;7,5;0
748;Provincia;ORURO;Saucarí;;Saucarí;8.216;9.073;10.200;8.089;4.477;1.858;18,6;4,3;14,3;81,4;64,4;16,8;0,3
749;Provincia;ORURO;Saucarí;;Urbana;0;0;0;0;0;0;0;0;0;0;0;0;0
750;Provincia;ORURO;Saucarí;;Rural;8.216;9.073;10.200;8.089;4.477;1.858;18,6;4,3;14,3;81,4;64,4;16,8;0,3
751;Municipio;ORURO;Saucarí;Toledo;Toledo;8.216;9.073;10.200;8.089;4.477;1.858;18,6;4,3;14,3;81,4;64,4;16,8;0,3
752;Municipio;ORURO;Saucarí;Toledo;Urbana;0;0;0;0;0;0;0;0;0;0;0;0;0
753;Municipio;ORURO;Saucarí;Toledo;Rural;8.216;9.073;10.200;8.089;4.477;1.858;18,6;4,3;14,3;81,4;64,4;16,8;0,3
754;Provincia;ORURO;Tomás Barrón;;Tomás Barrón;1.673;3.213;3.256;1.095;2.027;793;50,3;10,6;39,7;49,7;45,1;4,6;0
755;Provincia;ORURO;Tomás Barrón;;Urbana;322;1.013;939;63;547;292;79,6;21,2;58,4;20,4;19,8;0,6;0
756;Provincia;ORURO;Tomás Barrón;;Rural;1.351;2.200;2.317;1.032;1.480;501;29,6;3,1;26,5;70,4;63;7,4;0,1
757;Municipio;ORURO;Tomás Barrón;Eucaliptus;Eucaliptus;1.673;3.213;3.256;1.095;2.027;793;50,3;10,6;39,7;49,7;45,1;4,6;0
758;Municipio;ORURO;Tomás Barrón;Eucaliptus;Urbana;322;1.013;939;63;547;292;79,6;21,2;58,4;20,4;19,8;0,6;0
759;Municipio;ORURO;Tomás Barrón;Eucaliptus;Rural;1.351;2.200;2.317;1.032;1.480;501;29,6;3,1;26,5;70,4;63;7,4;0,1
760;Provincia;ORURO;Sur Carangas;;Sur Carangas;4.866;6.874;6.331;5.643;2.751;1.247;34,9;9,2;25,6;65,1;55,3;9,8;0,1
761;Provincia;ORURO;Sur Carangas;;Urbana;0;0;0;0;0;0;0;0;0;0;0;0;0
762;Provincia;ORURO;Sur Carangas;;Rural;4.866;6.874;6.331;5.643;2.751;1.247;34,9;9,2;25,6;65,1;55,3;9,8;0,1
763;Municipio;ORURO;Sur Carangas;Andamarca;Andamarca;3.443;4.656;4.561;4.067;1.968;927;30;9,6;20,4;70;58;11,9;0,1
764;Municipio;ORURO;Sur Carangas;Andamarca;Urbana;0;0;0;0;0;0;0;0;0;0;0;0;0
765;Municipio;ORURO;Sur Carangas;Andamarca;Rural;3.443;4.656;4.561;4.067;1.968;927;30;9,6;20,4;70;58;11,9;0,1
766;Municipio;ORURO;Sur Carangas;Belén de Andamarca;Belén de Andamarca;1.423;2.218;1.770;1.576;783;320;45,2;8,6;36,7;54,8;49,5;5,3;0
767;Municipio;ORURO;Sur Carangas;Belén de Andamarca;Urbana;0;0;0;0;0;0;0;0;0;0;0;0;0
768;Municipio;ORURO;Sur Carangas;Belén de Andamarca;Rural;1.423;2.218;1.770;1.576;783;320;45,2;8,6;36,7;54,8;49,5;5,3;0
769;Provincia;ORURO;San Pedro de Totora;;San Pedro de Totora;4.122;4.329;5.351;4.686;2.093;1.004;21,5;3,9;17,6;78,5;65,1;13,3;0,1
770;Provincia;ORURO;San Pedro de Totora;;Urbana;0;0;0;0;0;0;0;0;0;0;0;0;0
771;Provincia;ORURO;San Pedro de Totora;;Rural;4.122;4.329;5.351;4.686;2.093;1.004;21,5;3,9;17,6;78,5;65,1;13,3;0,1
772;Municipio;ORURO;San Pedro de Totora;Totora;Totora;4.122;4.329;5.351;4.686;2.093;1.004;21,5;3,9;17,6;78,5;65,1;13,3;0,1
773;Municipio;ORURO;San Pedro de Totora;Totora;Urbana;0;0;0;0;0;0;0;0;0;0;0;0;0
774;Municipio;ORURO;San Pedro de Totora;Totora;Rural;4.122;4.329;5.351;4.686;2.093;1.004;21,5;3,9;17,6;78,5;65,1;13,3;0,1
775;Provincia;ORURO;Sebastián Pagador;;Sebastián Pagador;5.976;8.780;7.883;5.001;5.856;2.170;44,4;12,6;31,8;55,6;44,4;11;0,2
776;Provincia;ORURO;Sebastián Pagador;;Urbana;536;2.675;387;103;1.162;389;86,4;27,7;58,7;13,6;13,2;0,4;0
777;Provincia;ORURO;Sebastián Pagador;;Rural;5.440;6.105;7.496;4.898;4.694;1.781;24,6;5,4;19,1;75,4;59,1;16;0,4
778;Municipio;ORURO;Sebastián Pagador;Santiago de Huari;Santiago de Huari;5.976;8.780;7.883;5.001;5.856;2.170;44,4;12,6;31,8;55,6;44,4;11;0,2
779;Municipio;ORURO;Sebastián Pagador;Santiago de Huari;Urbana;536;2.675;387;103;1.162;389;86,4;27,7;58,7;13,6;13,2;0,4;0
780;Municipio;ORURO;Sebastián Pagador;Santiago de Huari;Rural;5.440;6.105;7.496;4.898;4.694;1.781;24,6;5,4;19,1;75,4;59,1;16;0,4
781;Provincia;ORURO;Mejillones;;Mejillones;1.465;2.848;1.877;1.477;777;652;45,4;14;31,3;54,6;47,2;7,4;0
782;Provincia;ORURO;Mejillones;;Urbana;0;0;0;0;0;0;0;0;0;0;0;0;0
783;Provincia;ORURO;Mejillones;;Rural;1.465;2.848;1.877;1.477;777;652;45,4;14;31,3;54,6;47,2;7,4;0
784;Municipio;ORURO;Mejillones;La Rivera;La Rivera;620;1.115;764;575;312;281;36,7;9,2;27,6;63,3;53,4;9,9;0
785;Municipio;ORURO;Mejillones;La Rivera;Urbana;0;0;0;0;0;0;0;0;0;0;0;0;0
786;Municipio;ORURO;Mejillones;La Rivera;Rural;620;1.115;764;575;312;281;36,7;9,2;27,6;63,3;53,4;9,9;0
787;Municipio;ORURO;Mejillones;Todos Santos;Todos Santos;329;796;446;372;190;134;63,7;20,7;43;36,3;33,4;2,9;0
788;Municipio;ORURO;Mejillones;Todos Santos;Urbana;0;0;0;0;0;0;0;0;0;0;0;0;0
789;Municipio;ORURO;Mejillones;Todos Santos;Rural;329;796;446;372;190;134;63,7;20,7;43;36,3;33,4;2,9;0
790;Municipio;ORURO;Mejillones;Carangas;Carangas;516;937;667;530;275;237;37,1;13;24,1;62,9;53,8;9,1;0
791;Municipio;ORURO;Mejillones;Carangas;Urbana;0;0;0;0;0;0;0;0;0;0;0;0;0
792;Municipio;ORURO;Mejillones;Carangas;Rural;516;937;667;530;275;237;37,1;13;24,1;62,9;53,8;9,1;0
793;Provincia;ORURO;Nor Carangas;;Nor Carangas;3.344;3.829;4.307;3.915;1.923;822;31,9;7,6;24,3;68,1;56,2;11,7;0,2
794;Provincia;ORURO;Nor Carangas;;Urbana;0;0;0;0;0;0;0;0;0;0;0;0;0
795;Provincia;ORURO;Nor Carangas;;Rural;3.344;3.829;4.307;3.915;1.923;822;31,9;7,6;24,3;68,1;56,2;11,7;0,2
796;Municipio;ORURO;Nor Carangas;Santiago de Huayllamarca;Santiago de Huayllamarca;3.344;3.829;4.307;3.915;1.923;822;31,9;7,6;24,3;68,1;56,2;11,7;0,2
797;Municipio;ORURO;Nor Carangas;Santiago de Huayllamarca;Urbana;0;0;0;0;0;0;0;0;0;0;0;0;0
798;Municipio;ORURO;Nor Carangas;Santiago de Huayllamarca;Rural;3.344;3.829;4.307;3.915;1.923;822;31,9;7,6;24,3;68,1;56,2;11,7;0,2
799;Departamento;POTOSÍ;;;POTOSÍ;293.065;481.651;378.309;305.809;351.283;143.552;54,9;22,5;32,4;45,1;35,9;8,8;0,4
800;Departamento;POTOSÍ;;;Urbana;28.362;209.936;51.506;10.038;85.887;49.477;85,5;41;44,5;14,5;13,6;1;0
801;Departamento;POTOSÍ;;;Rural;264.703;271.715;326.803;295.771;265.396;94.075;30;7,4;22,6;70;54,2;15,2;0,6
802;Provincia;POTOSÍ;Tomás Frías;;Tomás Frías;46.223;159.357;63.874;44.789;73.703;40.250;72,9;36,9;36;27,1;22,9;4,2;0,1
803;Provincia;POTOSÍ;Tomás Frías;;Urbana;11.632;114.786;15.736;3.902;37.577;26.469;87,7;46,5;41,1;12,3;11,5;0,8;0
804;Provincia;POTOSÍ;Tomás Frías;;Rural;34.591;44.571;48.138;40.887;36.126;13.781;26,9;6,8;20,2;73,1;58,3;14,5;0,3
805;Municipio;POTOSÍ;Tomás Frías;Potosí;Potosí;18.794;128.780;29.729;13.984;47.643;30.560;83,2;43,3;39,9;16,8;15,1;1,6;0
806;Municipio;POTOSÍ;Tomás Frías;Potosí;Urbana;11.632;114.786;15.736;3.902;37.577;26.469;87,7;46,5;41,1;12,3;11,5;0,8;0
807;Municipio;POTOSÍ;Tomás Frías;Potosí;Rural;7.162;13.994;13.993;10.082;10.066;4.091;39,8;11,6;28,2;60,2;51;9;0,2
808;Municipio;POTOSÍ;Tomás Frías;Tinguipaya;Tinguipaya;22.302;20.121;24.736;24.068;19.039;7.166;9,3;1,7;7,6;90,7;68,4;21,7;0,6
809;Municipio;POTOSÍ;Tomás Frías;Tinguipaya;Urbana;0;0;0;0;0;0;0;0;0;0;0;0;0
810;Municipio;POTOSÍ;Tomás Frías;Tinguipaya;Rural;22.302;20.121;24.736;24.068;19.039;7.166;9,3;1,7;7,6;90,7;68,4;21,7;0,6
811;Municipio;POTOSÍ;Tomás Frías;Yocalla;Yocalla;3.021;8.141;6.698;4.528;5.478;1.873;49,9;11,9;38;50,1;45,7;4,3;0,1
812;Municipio;POTOSÍ;Tomás Frías;Yocalla;Urbana;0;0;0;0;0;0;0;0;0;0;0;0;0
813;Municipio;POTOSÍ;Tomás Frías;Yocalla;Rural;3.021;8.141;6.698;4.528;5.478;1.873;49,9;11,9;38;50,1;45,7;4,3;0,1
814;Municipio;POTOSÍ;Tomás Frías;Urmiri;Urmiri;2.106;2.315;2.711;2.209;1.543;651;13,2;1,3;11,9;86,8;62,4;23,8;0,6
815;Municipio;POTOSÍ;Tomás Frías;Urmiri;Urbana;0;0;0;0;0;0;0;0;0;0;0;0;0
816;Municipio;POTOSÍ;Tomás Frías;Urmiri;Rural;2.106;2.315;2.711;2.209;1.543;651;13,2;1,3;11,9;86,8;62,4;23,8;0,6
817;Provincia;POTOSÍ;Rafael Bustillo;;Rafael Bustillo;26.549;45.903;41.591;21.483;32.426;16.774;57,7;24,1;33,6;42,3;35,8;6,3;0,2
818;Provincia;POTOSÍ;Rafael Bustillo;;Urbana;5.971;23.423;13.909;1.842;11.854;7.456;79,8;38,5;41,4;20,2;18,6;1,5;0
819;Provincia;POTOSÍ;Rafael Bustillo;;Rural;20.578;22.480;27.682;19.641;20.572;9.318;27,6;4,7;22,9;72,4;59,1;12,8;0,4
820;Municipio;POTOSÍ;Rafael Bustillo;Uncía;Uncía;8.177;11.760;12.033;6.967;9.175;4.308;49;16,8;32,2;51;43;7,8;0,2
821;Municipio;POTOSÍ;Rafael Bustillo;Uncía;Urbana;1.026;3.650;2.778;340;2.215;1.099;77,7;37,6;40,1;22,3;21;1,2;0
822;Municipio;POTOSÍ;Rafael Bustillo;Uncía;Rural;7.151;8.110;9.255;6.627;6.960;3.209;30;3;27;70;57,5;12,2;0,3
823;Municipio;POTOSÍ;Rafael Bustillo;Chayanta;Chayanta;7.472;8.467;9.424;6.450;7.496;2.990;42,6;13,8;28,8;57,4;49,4;7,8;0,1
824;Municipio;POTOSÍ;Rafael Bustillo;Chayanta;Urbana;553;1.111;541;123;878;262;81,7;36,9;44,8;18,3;17,3;0,9;0
825;Municipio;POTOSÍ;Rafael Bustillo;Chayanta;Rural;6.919;7.356;8.883;6.327;6.618;2.728;34,7;9,1;25,6;65,3;55,9;9,2;0,2
826;Municipio;POTOSÍ;Rafael Bustillo;Llallagua;Llallagua;7.397;20.321;13.323;4.631;11.318;7.701;72,6;34,5;38,1;27,4;23,6;3,6;0,1
827;Municipio;POTOSÍ;Rafael Bustillo;Llallagua;Urbana;4.164;17.544;9.227;1.312;8.037;5.966;80;39;41;20;18,2;1,7;0,1
828;Municipio;POTOSÍ;Rafael Bustillo;Llallagua;Rural;3.233;2.777;4.096;3.319;3.281;1.735;19,1;2;17,1;80,9;62,4;17,7;0,9
829;Municipio;POTOSÍ;Rafael Bustillo;Chuquihuta Ayllu Jucumani;Chuquihuta Ayllu Jucumani;3.503;5.355;6.811;3.435;4.437;1.775;32,2;9,8;22,4;67,8;53,6;13,6;0,6
830;Municipio;POTOSÍ;Rafael Bustillo;Chuquihuta Ayllu Jucumani;Urbana;228;1.118;1.363;67;724;129;83,2;34,7;48,5;16,8;15,4;1,3;0,1
831;Municipio;POTOSÍ;Rafael Bustillo;Chuquihuta Ayllu Jucumani;Rural;3.275;4.237;5.448;3.368;3.713;1.646;14,7;1,2;13,5;85,3;66,7;17,8;0,8
832;Provincia;POTOSÍ;Cornelio Saavedra;;Cornelio Saavedra;24.764;30.832;36.731;32.149;34.014;11.494;31,9;6,3;25,6;68,1;52,9;14,6;0,6
833;Provincia;POTOSÍ;Cornelio Saavedra;;Urbana;688;3.751;1.304;547;2.581;827;74,2;21,5;52,7;25,8;23,7;2,1;0
834;Provincia;POTOSÍ;Cornelio Saavedra;;Rural;24.076;27.081;35.427;31.602;31.433;10.667;26,4;4,3;22,1;73,6;56,7;16,2;0,7
835;Municipio;POTOSÍ;Cornelio Saavedra;Betanzos;Betanzos;10.666;17.197;18.627;15.135;18.841;4.972;39,4;7,8;31,5;60,6;52,3;8,3;0,1
836;Municipio;POTOSÍ;Cornelio Saavedra;Betanzos;Urbana;688;3.751;1.304;547;2.581;827;74,2;21,5;52,7;25,8;23,7;2,1;0
837;Municipio;POTOSÍ;Cornelio Saavedra;Betanzos;Rural;9.978;13.446;17.323;14.588;16.260;4.145;30,7;4,4;26,3;69,3;59,4;9,8;0,1
838;Municipio;POTOSÍ;Cornelio Saavedra;Chaquí;Chaquí;3.278;4.650;5.226;5.129;5.646;1.832;40,7;8,3;32,4;59,3;49,8;9,3;0,2
839;Municipio;POTOSÍ;Cornelio Saavedra;Chaquí;Urbana;0;0;0;0;0;0;0;0;0;0;0;0;0
840;Municipio;POTOSÍ;Cornelio Saavedra;Chaquí;Rural;3.278;4.650;5.226;5.129;5.646;1.832;40,7;8,3;32,4;59,3;49,8;9,3;0,2
841;Municipio;POTOSÍ;Cornelio Saavedra;Tacobamba;Tacobamba;10.820;8.985;12.878;11.885;9.527;4.690;9,5;1,7;7,9;90,5;56,4;32,1;1,9
842;Municipio;POTOSÍ;Cornelio Saavedra;Tacobamba;Urbana;0;0;0;0;0;0;0;0;0;0;0;0;0
843;Municipio;POTOSÍ;Cornelio Saavedra;Tacobamba;Rural;10.820;8.985;12.878;11.885;9.527;4.690;9,5;1,7;7,9;90,5;56,4;32,1;1,9
844;Provincia;POTOSÍ;Chayanta;;Chayanta;69.253;58.915;73.076;71.086;61.893;22.075;18,4;4,4;14,1;81,6;59,1;21,5;1
845;Provincia;POTOSÍ;Chayanta;;Urbana;1.536;3.690;2.558;859;2.932;821;72,4;30,4;42;27,6;23,8;3,7;0,1
846;Provincia;POTOSÍ;Chayanta;;Rural;67.717;55.225;70.518;70.227;58.961;21.254;13,9;2,2;11,7;86,1;62,1;23;1,1
847;Municipio;POTOSÍ;Chayanta;Colquechaca;Colquechaca;8.933;8.985;9.939;8.790;9.403;3.756;32,2;12,3;20;67,8;44,1;22;1,7
848;Municipio;POTOSÍ;Chayanta;Colquechaca;Urbana;801;3.043;1.320;172;2.091;517;79,9;34;45,9;20,1;18,3;1,7;0
849;Municipio;POTOSÍ;Chayanta;Colquechaca;Rural;8.132;5.942;8.619;8.618;7.312;3.239;7,1;0,8;6,3;92,9;57,7;32,6;2,6
850;Municipio;POTOSÍ;Chayanta;Ravelo;Ravelo;12.932;9.718;11.486;13.641;12.221;3.430;16,3;3,3;13;83,7;57,1;25,2;1,4
851;Municipio;POTOSÍ;Chayanta;Ravelo;Urbana;0;0;0;0;0;0;0;0;0;0;0;0;0
852;Municipio;POTOSÍ;Chayanta;Ravelo;Rural;12.932;9.718;11.486;13.641;12.221;3.430;16,3;3,3;13;83,7;57,1;25,2;1,4
853;Municipio;POTOSÍ;Chayanta;Pocoata;Pocoata;23.230;19.639;25.463;24.035;17.734;6.939;17,8;2,9;14,9;82,2;64,7;17,1;0,5
854;Municipio;POTOSÍ;Chayanta;Pocoata;Urbana;735;647;1.238;687;841;304;54,7;21,9;32,8;45,3;36,7;8,3;0,2
855;Municipio;POTOSÍ;Chayanta;Pocoata;Rural;22.495;18.992;24.225;23.348;16.893;6.635;15,1;1,5;13,6;84,9;66,7;17,7;0,5
856;Municipio;POTOSÍ;Chayanta;Ocurí;Ocurí;10.965;7.891;10.510;10.916;9.368;3.503;13;3,2;9,8;87;57,6;28,2;1,2
857;Municipio;POTOSÍ;Chayanta;Ocurí;Urbana;0;0;0;0;0;0;0;0;0;0;0;0;0
858;Municipio;POTOSÍ;Chayanta;Ocurí;Rural;10.965;7.891;10.510;10.916;9.368;3.503;13;3,2;9,8;87;57,6;28,2;1,2
859;Municipio;POTOSÍ;Chayanta;San Pedro de Macha;San Pedro de Macha;13.193;12.682;15.678;13.704;13.167;4.447;14,3;2,3;11,9;85,7;64,3;20,7;0,8
860;Municipio;POTOSÍ;Chayanta;San Pedro de Macha;Urbana;0;0;0;0;0;0;0;0;0;0;0;0;0
861;Municipio;POTOSÍ;Chayanta;San Pedro de Macha;Rural;13.193;12.682;15.678;13.704;13.167;4.447;14,3;2,3;11,9;85,7;64,3;20,7;0,8
862;Provincia;POTOSÍ;Charcas;;Charcas;28.205;25.024;31.093;30.007;24.109;11.030;15,4;4,4;10,9;84,6;50,7;31,4;2,5
863;Provincia;POTOSÍ;Charcas;;Urbana;0;0;0;0;0;0;0;0;0;0;0;0;0
864;Provincia;POTOSÍ;Charcas;;Rural;28.205;25.024;31.093;30.007;24.109;11.030;15,4;4,4;10,9;84,6;50,7;31,4;2,5
865;Municipio;POTOSÍ;Charcas;San Pedro;San Pedro;21.922;18.334;23.590;22.470;17.369;8.439;12,2;3,7;8,5;87,8;50,4;34,3;3
866;Municipio;POTOSÍ;Charcas;San Pedro;Urbana;0;0;0;0;0;0;0;0;0;0;0;0;0
867;Municipio;POTOSÍ;Charcas;San Pedro;Rural;21.922;18.334;23.590;22.470;17.369;8.439;12,2;3,7;8,5;87,8;50,4;34,3;3
868;Municipio;POTOSÍ;Charcas;Toro Toro;Toro Toro;6.283;6.690;7.503;7.537;6.740;2.591;23,6;6,3;17,3;76,4;51,5;23,7;1,1
869;Municipio;POTOSÍ;Charcas;Toro Toro;Urbana;0;0;0;0;0;0;0;0;0;0;0;0;0
870;Municipio;POTOSÍ;Charcas;Toro Toro;Rural;6.283;6.690;7.503;7.537;6.740;2.591;23,6;6,3;17,3;76,4;51,5;23,7;1,1
871;Provincia;POTOSÍ;Nor Chichas;;Nor Chichas;20.408;19.199;20.087;23.524;18.842;3.066;45,6;10,5;35,1;54,4;47,9;6,3;0,2
872;Provincia;POTOSÍ;Nor Chichas;;Urbana;345;1.371;305;207;794;140;90,6;46,7;43,8;9,4;9;0,5;0
873;Provincia;POTOSÍ;Nor Chichas;;Rural;20.063;17.828;19.782;23.317;18.048;2.926;41,5;7,2;34,3;58,5;51,5;6,8;0,2
874;Municipio;POTOSÍ;Nor Chichas;Cotagaita;Cotagaita;14.569;15.449;15.461;16.840;13.581;2.167;46,5;11,3;35,2;53,5;46,8;6,5;0,2
875;Municipio;POTOSÍ;Nor Chichas;Cotagaita;Urbana;345;1.371;305;207;794;140;90,6;46,7;43,8;9,4;9;0,5;0
876;Municipio;POTOSÍ;Nor Chichas;Cotagaita;Rural;14.224;14.078;15.156;16.633;12.787;2.027;41;6,9;34,1;59;51,6;7,3;0,2
877;Municipio;POTOSÍ;Nor Chichas;Vitichi;Vitichi;5.839;3.750;4.626;6.684;5.261;899;43;8,1;34,9;57;51,3;5,6;0,1
878;Municipio;POTOSÍ;Nor Chichas;Vitichi;Urbana;0;0;0;0;0;0;0;0;0;0;0;0;0
879;Municipio;POTOSÍ;Nor Chichas;Vitichi;Rural;5.839;3.750;4.626;6.684;5.261;899;43;8,1;34,9;57;51,3;5,6;0,1
880;Provincia;POTOSÍ;Alonso de Ibáñez;;Alonso de Ibáñez;16.025;13.958;19.405;18.369;15.377;6.961;20,2;5,8;14,3;79,8;61,8;17,7;0,4
881;Provincia;POTOSÍ;Alonso de Ibáñez;;Urbana;660;995;442;269;867;294;74,1;36;38,1;25,9;22,3;3,6;0
882;Provincia;POTOSÍ;Alonso de Ibáñez;;Rural;15.365;12.963;18.963;18.100;14.510;6.667;14,7;2,7;11,9;85,3;65,8;19,1;0,4
883;Municipio;POTOSÍ;Alonso de Ibáñez;Sacaca;Sacaca;10.978;9.295;12.294;11.572;10.220;4.301;22;7;15,1;78;60,1;17,5;0,4
884;Municipio;POTOSÍ;Alonso de Ibáñez;Sacaca;Urbana;660;995;442;269;867;294;74,1;36;38,1;25,9;22,3;3,6;0
885;Municipio;POTOSÍ;Alonso de Ibáñez;Sacaca;Rural;10.318;8.300;11.852;11.303;9.353;4.007;13,6;2,3;11,3;86,4;66,2;19,7;0,5
886;Municipio;POTOSÍ;Alonso de Ibáñez;Caripuyo;Caripuyo;5.047;4.663;7.111;6.797;5.157;2.660;16,5;3,6;13;83,5;65,2;18,1;0,2
887;Municipio;POTOSÍ;Alonso de Ibáñez;Caripuyo;Urbana;0;0;0;0;0;0;0;0;0;0;0;0;0
888;Municipio;POTOSÍ;Alonso de Ibáñez;Caripuyo;Rural;5.047;4.663;7.111;6.797;5.157;2.660;16,5;3,6;13;83,5;65,2;18,1;0,2
889;Provincia;POTOSÍ;Sur Chichas;;Sur Chichas;9.476;27.710;14.680;8.508;17.407;4.439;79,8;35,5;44,2;20,2;18,2;2;0
890;Provincia;POTOSÍ;Sur Chichas;;Urbana;1.480;14.262;1.676;339;6.185;2.159;93,3;47,8;45,4;6,7;6,5;0,2;0
891;Provincia;POTOSÍ;Sur Chichas;;Rural;7.996;13.448;13.004;8.169;11.222;2.280;65,2;22,3;42,9;34,8;30,7;4;0,1
892;Municipio;POTOSÍ;Sur Chichas;Tupiza;Tupiza;8.252;22.863;9.039;8.039;15.075;3.988;77,9;33,3;44,6;22,1;19,9;2,1;0
893;Municipio;POTOSÍ;Sur Chichas;Tupiza;Urbana;1.480;14.262;1.676;339;6.185;2.159;93,3;47,8;45,4;6,7;6,5;0,2;0
894;Municipio;POTOSÍ;Sur Chichas;Tupiza;Rural;6.772;8.601;7.363;7.700;8.890;1.829;51,7;8,5;43,2;48,3;42,7;5,5;0,1
895;Municipio;POTOSÍ;Sur Chichas;Atocha;Atocha;1.224;4.847;5.641;469;2.332;451;88,5;46,1;42,5;11,5;9,8;1,6;0
896;Municipio;POTOSÍ;Sur Chichas;Atocha;Urbana;0;0;0;0;0;0;0;0;0;0;0;0;0
897;Municipio;POTOSÍ;Sur Chichas;Atocha;Rural;1.224;4.847;5.641;469;2.332;451;88,5;46,1;42,5;11,5;9,8;1,6;0
898;Provincia;POTOSÍ;Nor Lípez;;Nor Lípez;2.875;5.779;3.042;2.564;3.569;1.258;79,7;39,5;40,2;20,3;18;2,2;0
899;Provincia;POTOSÍ;Nor Lípez;;Urbana;96;1.090;233;24;457;113;93,6;60,2;33,4;6,4;6,2;0,1;0
900;Provincia;POTOSÍ;Nor Lípez;;Rural;2.779;4.689;2.809;2.540;3.112;1.145;76,8;35,2;41,6;23,2;20,5;2,6;0
901;Municipio;POTOSÍ;Nor Lípez;"Colcha ""K""";"Colcha ""K""";2.452;5.071;2.610;2.158;3.221;1.097;80,3;40,6;39,8;19,7;17,6;2,1;0
902;Municipio;POTOSÍ;Nor Lípez;"Colcha ""K""";Urbana;96;1.090;233;24;457;113;93,6;60,2;33,4;6,4;6,2;0,1;0
903;Municipio;POTOSÍ;Nor Lípez;"Colcha ""K""";Rural;2.356;3.981;2.377;2.134;2.764;984;77,1;35,8;41,3;22,9;20,3;2,6;0
904;Municipio;POTOSÍ;Nor Lípez;San Pedro de Quemes;San Pedro de Quemes;423;708;432;406;348;161;75,3;32;43,4;24,7;21,5;3,1;0
905;Municipio;POTOSÍ;Nor Lípez;San Pedro de Quemes;Urbana;0;0;0;0;0;0;0;0;0;0;0;0;0
906;Municipio;POTOSÍ;Nor Lípez;San Pedro de Quemes;Rural;423;708;432;406;348;161;75,3;32;43,4;24,7;21,5;3,1;0
907;Provincia;POTOSÍ;Sur Lípez;;Sur Lípez;2.992;3.067;2.735;3.458;2.612;795;43,5;8,6;34,9;56,5;47;9,2;0,2
908;Provincia;POTOSÍ;Sur Lípez;;Urbana;0;0;0;0;0;0;0;0;0;0;0;0;0
909;Provincia;POTOSÍ;Sur Lípez;;Rural;2.992;3.067;2.735;3.458;2.612;795;43,5;8,6;34,9;56,5;47;9,2;0,2
910;Municipio;POTOSÍ;Sur Lípez;San Pablo;San Pablo;1.443;1.519;1.555;1.627;1.195;374;47,7;11,1;36,6;52,3;43,4;8,9;0
911;Municipio;POTOSÍ;Sur Lípez;San Pablo;Urbana;0;0;0;0;0;0;0;0;0;0;0;0;0
912;Municipio;POTOSÍ;Sur Lípez;San Pablo;Rural;1.443;1.519;1.555;1.627;1.195;374;47,7;11,1;36,6;52,3;43,4;8,9;0
913;Municipio;POTOSÍ;Sur Lípez;Mojinete;Mojinete;619;513;431;708;438;63;39,5;9,1;30,4;60,5;52,8;7,7;0
914;Municipio;POTOSÍ;Sur Lípez;Mojinete;Urbana;0;0;0;0;0;0;0;0;0;0;0;0;0
915;Municipio;POTOSÍ;Sur Lípez;Mojinete;Rural;619;513;431;708;438;63;39,5;9,1;30,4;60,5;52,8;7,7;0
916;Municipio;POTOSÍ;Sur Lípez;San Antonio de Esmoruco;San Antonio de Esmoruco;930;1.035;749;1.123;979;358;39,2;4,5;34,8;60,8;49,8;10,5;0,5
917;Municipio;POTOSÍ;Sur Lípez;San Antonio de Esmoruco;Urbana;0;0;0;0;0;0;0;0;0;0;0;0;0
918;Municipio;POTOSÍ;Sur Lípez;San Antonio de Esmoruco;Rural;930;1.035;749;1.123;979;358;39,2;4,5;34,8;60,8;49,8;10,5;0,5
919;Provincia;POTOSÍ;José María Linares;;José María Linares;19.485;20.903;25.753;24.566;23.683;7.153;38,7;9,6;29,1;61,3;51,5;9,6;0,2
920;Provincia;POTOSÍ;José María Linares;;Urbana;577;1.892;1.020;414;1.147;427;71,1;15,7;55,4;28,9;25,9;2,9;0,1
921;Provincia;POTOSÍ;José María Linares;;Rural;18.908;19.011;24.733;24.152;22.536;6.726;35,8;9;26,8;64,2;53,8;10,2;0,2
922;Municipio;POTOSÍ;José María Linares;Puna;Puna;5.650;6.897;8.445;8.532;8.685;2.527;44,9;10,3;34,7;55,1;49,2;5,7;0,1
923;Municipio;POTOSÍ;José María Linares;Puna;Urbana;0;0;0;0;0;0;0;0;0;0;0;0;0
924;Municipio;POTOSÍ;José María Linares;Puna;Rural;5.650;6.897;8.445;8.532;8.685;2.527;44,9;10,3;34,7;55,1;49,2;5,7;0,1
925;Municipio;POTOSÍ;José María Linares;"Caiza ""D""";"Caiza ""D""";3.946;6.292;5.485;4.479;5.237;1.219;59,2;16,9;42,3;40,8;36,1;4,4;0,3
926;Municipio;POTOSÍ;José María Linares;"Caiza ""D""";Urbana;577;1.892;1.020;414;1.147;427;71,1;15,7;55,4;28,9;25,9;2,9;0,1
927;Municipio;POTOSÍ;José María Linares;"Caiza ""D""";Rural;3.369;4.400;4.465;4.065;4.090;792;54,6;17,3;37,3;45,4;40;5;0,4
928;Municipio;POTOSÍ;José María Linares;Ckochas;Ckochas;9.889;7.714;11.823;11.555;9.761;3.407;13,4;2,2;11,1;86,6;67,7;18,6;0,3
929;Municipio;POTOSÍ;José María Linares;Ckochas;Urbana;0;0;0;0;0;0;0;0;0;0;0;0;0
930;Municipio;POTOSÍ;José María Linares;Ckochas;Rural;9.889;7.714;11.823;11.555;9.761;3.407;13,4;2,2;11,1;86,6;67,7;18,6;0,3
931;Provincia;POTOSÍ;Antonio Quijarro;;Antonio Quijarro;12.761;34.738;30.273;12.372;18.634;9.173;64,7;23,8;40,9;35,3;31,8;3,4;0,1
932;Provincia;POTOSÍ;Antonio Quijarro;;Urbana;2.058;20.389;10.833;850;7.420;5.404;81,7;33;48,7;18,3;17,6;0,8;0
933;Provincia;POTOSÍ;Antonio Quijarro;;Rural;10.703;14.349;19.440;11.522;11.214;3.769;42;11,5;30,5;58;50,8;7,1;0,1
934;Municipio;POTOSÍ;Antonio Quijarro;Uyuni;Uyuni;4.392;18.183;17.809;3.616;8.044;5.599;70,3;27;43,3;29,7;27,4;2,3;0
935;Municipio;POTOSÍ;Antonio Quijarro;Uyuni;Urbana;1.505;12.596;10.231;766;4.185;3.892;80,7;33,4;47,3;19,3;18,5;0,9;0
936;Municipio;POTOSÍ;Antonio Quijarro;Uyuni;Rural;2.887;5.587;7.578;2.850;3.859;1.707;45,8;11,8;34;54,2;48,3;5,8;0,1
937;Municipio;POTOSÍ;Antonio Quijarro;Tomave;Tomave;3.871;4.043;5.573;3.721;3.183;868;40,6;11,4;29,1;59,4;52,9;6,4;0,1
938;Municipio;POTOSÍ;Antonio Quijarro;Tomave;Urbana;0;0;0;0;0;0;0;0;0;0;0;0;0
939;Municipio;POTOSÍ;Antonio Quijarro;Tomave;Rural;3.871;4.043;5.573;3.721;3.183;868;40,6;11,4;29,1;59,4;52,9;6,4;0,1
940;Municipio;POTOSÍ;Antonio Quijarro;Porco;Porco;2.059;9.792;3.108;2.083;4.711;2.103;72,1;26,8;45,3;27,9;25,5;2,4;0
941;Municipio;POTOSÍ;Antonio Quijarro;Porco;Urbana;553;7.793;602;84;3.235;1.512;83,8;32,2;51,6;16,2;15,7;0,5;0
942;Municipio;POTOSÍ;Antonio Quijarro;Porco;Rural;1.506;1.999;2.506;1.999;1.476;591;25,2;5,2;20;74,8;64,5;10,2;0,2
943;Municipio;POTOSÍ;Antonio Quijarro;TIOCaJatun Ayllu Yura;TIOC-Jatun Ayllu Yura;2.439;2.720;3.783;2.952;2.696;603;45,7;14,1;31,6;54,3;45,5;8,6;0,2
944;Municipio;POTOSÍ;Antonio Quijarro;TIOCaJatun Ayllu Yura;Urbana;0;0;0;0;0;0;0;0;0;0;0;0;0
945;Municipio;POTOSÍ;Antonio Quijarro;TIOCaJatun Ayllu Yura;Rural;2.439;2.720;3.783;2.952;2.696;603;45,7;14,1;31,6;54,3;45,5;8,6;0,2
946;Provincia;POTOSÍ;General Bernardino Bilbao;;General Bernardino Bilbao;4.994;4.415;5.460;6.099;4.833;1.828;24,2;7,5;16,7;75,8;59,1;16,3;0,5
947;Provincia;POTOSÍ;General Bernardino Bilbao;;Urbana;0;0;0;0;0;0;0;0;0;0;0;0;0
948;Provincia;POTOSÍ;General Bernardino Bilbao;;Rural;4.994;4.415;5.460;6.099;4.833;1.828;24,2;7,5;16,7;75,8;59,1;16,3;0,5
949;Municipio;POTOSÍ;General Bernardino Bilbao;Arampampa;Arampampa;2.322;2.141;2.375;2.913;2.297;990;20,4;4,9;15,4;79,6;59,5;19,6;0,5
950;Municipio;POTOSÍ;General Bernardino Bilbao;Arampampa;Urbana;0;0;0;0;0;0;0;0;0;0;0;0;0
951;Municipio;POTOSÍ;General Bernardino Bilbao;Arampampa;Rural;2.322;2.141;2.375;2.913;2.297;990;20,4;4,9;15,4;79,6;59,5;19,6;0,5
952;Municipio;POTOSÍ;General Bernardino Bilbao;Acasio;Acasio;2.672;2.274;3.085;3.186;2.536;838;27,3;9,6;17,8;72,7;58,7;13,5;0,4
953;Municipio;POTOSÍ;General Bernardino Bilbao;Acasio;Urbana;0;0;0;0;0;0;0;0;0;0;0;0;0
954;Municipio;POTOSÍ;General Bernardino Bilbao;Acasio;Rural;2.672;2.274;3.085;3.186;2.536;838;27,3;9,6;17,8;72,7;58,7;13,5;0,4
955;Provincia;POTOSÍ;Daniel Campos;;Daniel Campos;1.756;2.903;2.889;1.545;1.060;666;65,4;22,3;43,1;34,6;31;3,6;0
956;Provincia;POTOSÍ;Daniel Campos;;Urbana;0;0;0;0;0;0;0;0;0;0;0;0;0
957;Provincia;POTOSÍ;Daniel Campos;;Rural;1.756;2.903;2.889;1.545;1.060;666;65,4;22,3;43,1;34,6;31;3,6;0
958;Municipio;POTOSÍ;Daniel Campos;Llica;Llica;1.153;2.109;1.973;1.084;764;459;66,8;22,5;44,3;33,2;30,8;2,4;0
959;Municipio;POTOSÍ;Daniel Campos;Llica;Urbana;0;0;0;0;0;0;0;0;0;0;0;0;0
960;Municipio;POTOSÍ;Daniel Campos;Llica;Rural;1.153;2.109;1.973;1.084;764;459;66,8;22,5;44,3;33,2;30,8;2,4;0
961;Municipio;POTOSÍ;Daniel Campos;Tahua;Tahua;603;794;916;461;296;207;61,7;21,9;39,8;38,3;31,3;6,9;0,1
962;Municipio;POTOSÍ;Daniel Campos;Tahua;Urbana;0;0;0;0;0;0;0;0;0;0;0;0;0
963;Municipio;POTOSÍ;Daniel Campos;Tahua;Rural;603;794;916;461;296;207;61,7;21,9;39,8;38,3;31,3;6,9;0,1
964;Provincia;POTOSÍ;Modesto Omiste;;Modesto Omiste;6.483;28.075;7.014;4.576;18.353;6.433;78,4;22,4;56,1;21,6;19,7;1,8;0
965;Provincia;POTOSÍ;Modesto Omiste;;Urbana;3.319;24.287;3.490;785;14.073;5.367;84,6;25;59,6;15,4;14,6;0,7;0
966;Provincia;POTOSÍ;Modesto Omiste;;Rural;3.164;3.788;3.524;3.791;4.280;1.066;44,3;7,5;36,8;55,7;47,7;7,8;0,2
967;Municipio;POTOSÍ;Modesto Omiste;Villazón;Villazón;6.483;28.075;7.014;4.576;18.353;6.433;78,4;22,4;56,1;21,6;19,7;1,8;0
968;Municipio;POTOSÍ;Modesto Omiste;Villazón;Urbana;3.319;24.287;3.490;785;14.073;5.367;84,6;25;59,6;15,4;14,6;0,7;0
969;Municipio;POTOSÍ;Modesto Omiste;Villazón;Rural;3.164;3.788;3.524;3.791;4.280;1.066;44,3;7,5;36,8;55,7;47,7;7,8;0,2
970;Provincia;POTOSÍ;Enrique Baldivieso;;Enrique Baldivieso;816;873;606;714;768;157;68,3;21,7;46,6;31,7;30,6;1,1;0
971;Provincia;POTOSÍ;Enrique Baldivieso;;Urbana;0;0;0;0;0;0;0;0;0;0;0;0;0
972;Provincia;POTOSÍ;Enrique Baldivieso;;Rural;816;873;606;714;768;157;68,3;21,7;46,6;31,7;30,6;1,1;0
973;Municipio;POTOSÍ;Enrique Baldivieso;San Agustín;San Agustín;816;873;606;714;768;157;68,3;21,7;46,6;31,7;30,6;1,1;0
974;Municipio;POTOSÍ;Enrique Baldivieso;San Agustín;Urbana;0;0;0;0;0;0;0;0;0;0;0;0;0
975;Municipio;POTOSÍ;Enrique Baldivieso;San Agustín;Rural;816;873;606;714;768;157;68,3;21,7;46,6;31,7;30,6;1,1;0
976;Departamento;TARIJA;;;TARIJA;47.476;338.755;88.687;68.416;198.085;47.377;78,6;30,7;47,9;21,4;20,1;1,3;0
977;Departamento;TARIJA;;;Urbana;19.706;235.642;40.860;5.975;99.278;33.003;87,9;38,7;49,1;12,1;11,9;0,3;0
978;Departamento;TARIJA;;;Rural;27.770;103.113;47.827;62.441;98.807;14.374;57,7;12,4;45,3;42,3;38,7;3,6;0,1
979;Provincia;TARIJA;Cercado;;Cercado;10.228;146.407;31.795;10.821;63.922;23.665;86,7;42,8;43,9;13,3;12,9;0,5;0
980;Provincia;TARIJA;Cercado;;Urbana;7.187;132.368;24.688;2.147;49.365;20.799;89,7;46;43,7;10,3;10,1;0,2;0
981;Provincia;TARIJA;Cercado;;Rural;3.041;14.039;7.107;8.674;14.557;2.866;58,4;12,9;45,5;41,6;38,5;3;0,1
982;Municipio;TARIJA;Cercado;Tarija;Tarija;10.228;146.407;31.795;10.821;63.922;23.665;86,7;42,8;43,9;13,3;12,9;0,5;0
983;Municipio;TARIJA;Cercado;Tarija;Urbana;7.187;132.368;24.688;2.147;49.365;20.799;89,7;46;43,7;10,3;10,1;0,2;0
984;Municipio;TARIJA;Cercado;Tarija;Rural;3.041;14.039;7.107;8.674;14.557;2.866;58,4;12,9;45,5;41,6;38,5;3;0,1
985;Provincia;TARIJA;Arce;;Arce;5.535;33.984;9.657;9.389;26.945;4.137;74,4;23,2;51,1;25,6;24,1;1,5;0
986;Provincia;TARIJA;Arce;;Urbana;1.966;21.500;2.426;383;12.391;2.718;85,6;29,6;56;14,4;14,1;0,3;0
987;Provincia;TARIJA;Arce;;Rural;3.569;12.484;7.231;9.006;14.554;1.419;57,7;13,8;43,9;42,3;39;3,3;0
988;Municipio;TARIJA;Arce;Padcaya;Padcaya;3.086;9.421;6.285;8.102;11.765;1.166;56,7;14,9;41,8;43,3;39,9;3,4;0
989;Municipio;TARIJA;Arce;Padcaya;Urbana;0;0;0;0;0;0;0;0;0;0;0;0;0
990;Municipio;TARIJA;Arce;Padcaya;Rural;3.086;9.421;6.285;8.102;11.765;1.166;56,7;14,9;41,8;43,3;39,9;3,4;0
991;Municipio;TARIJA;Arce;Bermejo;Bermejo;2.449;24.563;3.372;1.287;15.180;2.971;83;27,3;55,7;17;16,4;0,6;0
992;Municipio;TARIJA;Arce;Bermejo;Urbana;1.966;21.500;2.426;383;12.391;2.718;85,6;29,6;56;14,4;14,1;0,3;0
993;Municipio;TARIJA;Arce;Bermejo;Rural;483;3.063;946;904;2.789;253;62,2;8,9;53,3;37,8;34,9;2,9;0
994;Provincia;TARIJA;Gran Chaco;;Gran Chaco;19.261;109.449;25.053;20.816;59.438;13.388;76,2;21,7;54,5;23,8;22,2;1,6;0
995;Provincia;TARIJA;Gran Chaco;;Urbana;9.993;74.491;12.233;3.162;33.051;8.784;84,8;27,1;57,7;15,2;14,8;0,4;0
996;Provincia;TARIJA;Gran Chaco;;Rural;9.268;34.958;12.820;17.654;26.387;4.604;56,7;9,5;47,2;43,3;38,9;4,3;0,1
997;Municipio;TARIJA;Gran Chaco;Yacuiba;Yacuiba;9.389;67.086;12.183;8.823;38.015;9.597;78,5;22,7;55,7;21,5;19,8;1,7;0
998;Municipio;TARIJA;Gran Chaco;Yacuiba;Urbana;5.064;48.931;6.367;984;23.064;6.454;86,4;27,1;59,3;13,6;13,3;0,3;0
999;Municipio;TARIJA;Gran Chaco;Yacuiba;Rural;4.325;18.155;5.816;7.839;14.951;3.143;55,3;10;45,4;44,7;38,9;5,7;0,1
1000;Municipio;TARIJA;Gran Chaco;Caraparí;Caraparí;2.139;10.559;3.123;3.363;6.577;797;72;17,1;54,8;28;26,4;1,5;0
1001;Municipio;TARIJA;Gran Chaco;Caraparí;Urbana;144;2.520;403;68;892;175;90,6;37,4;53,1;9,4;9,2;0,3;0
1002;Municipio;TARIJA;Gran Chaco;Caraparí;Rural;1.995;8.039;2.720;3.295;5.685;622;65,5;10,1;55,4;34,5;32,4;2;0
1003;Municipio;TARIJA;Gran Chaco;Villa Montes;Villa Montes;7.733;31.804;9.747;8.630;14.846;2.994;72,8;21,1;51,7;27,2;25,8;1,4;0
1004;Municipio;TARIJA;Gran Chaco;Villa Montes;Urbana;4.785;23.040;5.463;2.110;9.095;2.155;80,6;25,8;54,8;19,4;18,8;0,5;0
1005;Municipio;TARIJA;Gran Chaco;Villa Montes;Rural;2.948;8.764;4.284;6.520;5.751;839;50,9;8;42,9;49,1;45,3;3,8;0
1006;Provincia;TARIJA;Avilez;;Avilez;3.027;12.150;5.598;7.755;13.404;1.605;60,3;13,9;46,4;39,7;37,6;2,1;0
1007;Provincia;TARIJA;Avilez;;Urbana;120;1.408;328;70;1.043;206;84,1;29,5;54,7;15,9;15,8;0;0
1008;Provincia;TARIJA;Avilez;;Rural;2.907;10.742;5.270;7.685;12.361;1.399;57,1;11,8;45,3;42,9;40,5;2,4;0
1009;Municipio;TARIJA;Avilez;Uriondo;Uriondo;1.925;9.568;4.189;5.088;10.018;1.147;64;15,6;48,4;36;34,2;1,8;0
1010;Municipio;TARIJA;Avilez;Uriondo;Urbana;120;1.408;328;70;1.043;206;84,1;29,5;54,7;15,9;15,8;0;0
1011;Municipio;TARIJA;Avilez;Uriondo;Rural;1.805;8.160;3.861;5.018;8.975;941;60,4;13;47,3;39,6;37,5;2,1;0
1012;Municipio;TARIJA;Avilez;Yunchará;Yunchará;1.102;2.582;1.409;2.667;3.386;458;47,7;8,1;39,6;52,3;49,2;3,1;0
1013;Municipio;TARIJA;Avilez;Yunchará;Urbana;0;0;0;0;0;0;0;0;0;0;0;0;0
1014;Municipio;TARIJA;Avilez;Yunchará;Rural;1.102;2.582;1.409;2.667;3.386;458;47,7;8,1;39,6;52,3;49,2;3,1;0
1015;Provincia;TARIJA;Méndez;;Méndez;5.475;22.849;9.919;9.406;22.714;3.414;66,9;21,5;45,4;33,1;30;3,1;0,1
1016;Provincia;TARIJA;Méndez;;Urbana;264;3.353;876;181;2.094;330;86,4;43,5;42,9;13,6;13,3;0,4;0
1017;Provincia;TARIJA;Méndez;;Rural;5.211;19.496;9.043;9.225;20.620;3.084;63,4;17,6;45,8;36,6;32,9;3,6;0,1
1018;Municipio;TARIJA;Méndez;San Lorenzo;San Lorenzo;3.283;18.319;7.548;6.361;15.933;2.812;69,4;24,3;45,1;30,6;27,2;3,4;0,1
1019;Municipio;TARIJA;Méndez;San Lorenzo;Urbana;264;3.353;876;181;2.094;330;86,4;43,5;42,9;13,6;13,3;0,4;0
1020;Municipio;TARIJA;Méndez;San Lorenzo;Rural;3.019;14.966;6.672;6.180;13.839;2.482;65,2;19,6;45,6;34,8;30,7;4,1;0,1
1021;Municipio;TARIJA;Méndez;El Puente;El Puente;2.192;4.530;2.371;3.045;6.781;602;59;12,8;46,3;41;38,7;2,2;0
1022;Municipio;TARIJA;Méndez;El Puente;Urbana;0;0;0;0;0;0;0;0;0;0;0;0;0
1023;Municipio;TARIJA;Méndez;El Puente;Rural;2.192;4.530;2.371;3.045;6.781;602;59;12,8;46,3;41;38,7;2,2;0
1024;Provincia;TARIJA;"O&apos;Connor";;"O&apos;Connor";3.950;13.916;6.665;10.229;11.662;1.168;56,9;13,6;43,4;43,1;39,5;3,5;0
1025;Provincia;TARIJA;"O&apos;Connor";;Urbana;176;2.522;309;32;1.334;166;92;35,8;56,1;8;7,8;0,1;0
1026;Provincia;TARIJA;"O&apos;Connor";;Rural;3.774;11.394;6.356;10.197;10.328;1.002;48;7,9;40,1;52;47,5;4,4;0
1027;Municipio;TARIJA;"O&apos;Connor";Entre Ríos;Entre Ríos;3.950;13.916;6.665;10.229;11.662;1.168;56,9;13,6;43,4;43,1;39,5;3,5;0
1028;Municipio;TARIJA;"O&apos;Connor";Entre Ríos;Urbana;176;2.522;309;32;1.334;166;92;35,8;56,1;8;7,8;0,1;0
1029;Municipio;TARIJA;"O&apos;Connor";Entre Ríos;Rural;3.774;11.394;6.356;10.197;10.328;1.002;48;7,9;40,1;52;47,5;4,4;0
1030;Departamento;SANTA CRUZ ;;;SANTA CRUZ ;376.708;2.202.809;539.052;257.259;847.458;394.890;79,5;33,5;46;20,5;19,1;1,4;0
1031;Departamento;SANTA CRUZ ;;;Urbana;190.005;1.821.232;376.280;56.864;578.856;314.516;85,7;37,9;47,8;14,3;13,9;0,4;0
1032;Departamento;SANTA CRUZ ;;;Rural;186.703;381.577;162.772;200.395;268.602;80.374;48,6;11,5;37,1;51,4;45,3;5,9;0,2
1033;Provincia;SANTA CRUZ ;Andrés Ibáñez;;Andrés Ibáñez;109.062;1.348.297;211.712;31.800;393.917;243.117;87,9;42,3;45,6;12,1;11,7;0,4;0
1034;Provincia;SANTA CRUZ ;Andrés Ibáñez;;Urbana;98.691;1.302.770;199.277;18.884;366.380;236.167;88,5;43,1;45,5;11,5;11,2;0,3;0
1035;Provincia;SANTA CRUZ ;Andrés Ibáñez;;Rural;10.371;45.527;12.435;12.916;27.537;6.950;67,5;16,8;50,7;32,5;30,1;2,3;0
1036;Municipio;SANTA CRUZ ;Andrés Ibáñez;Santa Cruz de la Sierra;Santa Cruz de la Sierra;80.058;1.100.710;127.526;13.444;287.340;202.728;89,6;45,9;43,7;10,4;10,1;0,3;0
1037;Municipio;SANTA CRUZ ;Andrés Ibáñez;Santa Cruz de la Sierra;Urbana;79.126;1.093.980;125.879;12.096;282.300;201.232;89,7;46;43,7;10,3;10;0,3;0
1038;Municipio;SANTA CRUZ ;Andrés Ibáñez;Santa Cruz de la Sierra;Rural;932;6.730;1.647;1.348;5.040;1.496;67,2;17,8;49,4;32,8;31;1,8;0
1039;Municipio;SANTA CRUZ ;Andrés Ibáñez;Cotoca;Cotoca;11.628;83.979;29.321;5.470;32.146;14.565;76,7;21,4;55,4;23,3;22,4;0,9;0
1040;Municipio;SANTA CRUZ ;Andrés Ibáñez;Cotoca;Urbana;9.280;71.007;26.587;3.653;26.059;12.560;77,4;22,1;55,2;22,6;21,8;0,8;0
1041;Municipio;SANTA CRUZ ;Andrés Ibáñez;Cotoca;Rural;2.348;12.972;2.734;1.817;6.087;2.005;73;16,9;56,1;27;25,6;1,4;0
1042;Municipio;SANTA CRUZ ;Andrés Ibáñez;Porongo;Porongo;2.540;13.789;3.402;3.003;5.150;1.335;82,7;49;33,7;17,3;15,7;1,5;0
1043;Municipio;SANTA CRUZ ;Andrés Ibáñez;Porongo;Urbana;331;5.219;1.242;142;1.111;410;94,1;72;22,1;5,9;5,7;0,2;0
1044;Municipio;SANTA CRUZ ;Andrés Ibáñez;Porongo;Rural;2.209;8.570;2.160;2.861;4.039;925;71,6;26,8;44,8;28,4;25,5;2,9;0,1
1045;Municipio;SANTA CRUZ ;Andrés Ibáñez;La Guardia;La Guardia;8.628;110.020;35.904;3.010;45.441;18.457;83,1;26,2;57;16,9;16,4;0,4;0
1046;Municipio;SANTA CRUZ ;Andrés Ibáñez;La Guardia;Urbana;7.585;104.135;34.585;1.964;41.578;17.587;83,8;26,9;56,9;16,2;15,8;0,4;0
1047;Municipio;SANTA CRUZ ;Andrés Ibáñez;La Guardia;Rural;1.043;5.885;1.319;1.046;3.863;870;70,6;12,4;58,2;29,4;28,3;1,1;0
1048;Municipio;SANTA CRUZ ;Andrés Ibáñez;El Torno;El Torno;6.208;39.799;15.559;6.873;23.840;6.032;74,7;18,9;55,9;25,3;23,8;1,4;0
1049;Municipio;SANTA CRUZ ;Andrés Ibáñez;El Torno;Urbana;2.369;28.429;10.984;1.029;15.332;4.378;81,5;22;59,5;18,5;18;0,5;0
1050;Municipio;SANTA CRUZ ;Andrés Ibáñez;El Torno;Rural;3.839;11.370;4.575;5.844;8.508;1.654;57,1;10,6;46,5;42,9;38,8;4;0,1
1051;Provincia;SANTA CRUZ ;Warnes;;Warnes;17.424;125.362;37.116;5.576;51.982;20.358;78,7;23,2;55,5;21,3;20,6;0,7;0
1052;Provincia;SANTA CRUZ ;Warnes;;Urbana;12.866;108.373;33.375;3.085;42.278;18.637;80,3;24,3;55,9;19,7;19,1;0,6;0
1053;Provincia;SANTA CRUZ ;Warnes;;Rural;4.558;16.989;3.741;2.491;9.704;1.721;68,1;15,6;52,5;31,9;30,6;1,3;0
1054;Municipio;SANTA CRUZ ;Warnes;Warnes;Warnes;15.451;117.186;35.417;4.877;48.152;19.632;78,9;23,3;55,5;21,1;20,4;0,7;0
1055;Municipio;SANTA CRUZ ;Warnes;Warnes;Urbana;12.326;104.430;32.405;3.051;40.762;18.308;80,1;24,3;55,8;19,9;19,3;0,6;0
1056;Municipio;SANTA CRUZ ;Warnes;Warnes;Rural;3.125;12.756;3.012;1.826;7.390;1.324;68,3;15,2;53,1;31,7;30,3;1,4;0,1
1057;Municipio;SANTA CRUZ ;Warnes;Okinawa Uno;Okinawa Uno;1.973;8.176;1.699;699;3.830;726;76,2;21,3;54,9;23,8;23,2;0,6;0
1058;Municipio;SANTA CRUZ ;Warnes;Okinawa Uno;Urbana;540;3.943;970;34;1.516;329;85;26;59;15;14,8;0,2;0
1059;Municipio;SANTA CRUZ ;Warnes;Okinawa Uno;Rural;1.433;4.233;729;665;2.314;397;67,6;16,7;50,9;32,4;31,4;1;0
1060;Provincia;SANTA CRUZ ;Velasco;;Velasco;39.327;70.880;33.634;39.477;41.175;14.802;44,9;10;34,9;55,1;47,9;7;0,2
1061;Provincia;SANTA CRUZ ;Velasco;;Urbana;10.181;30.552;12.767;6.479;12.625;5.133;67,9;17,2;50,7;32,1;30,1;2;0
1062;Provincia;SANTA CRUZ ;Velasco;;Rural;29.146;40.328;20.867;32.998;28.550;9.669;26,4;4,3;22,1;73,6;62,2;11,1;0,3
1063;Municipio;SANTA CRUZ ;Velasco;San Ignacio;San Ignacio;28.694;52.770;21.672;27.370;30.092;12.224;46,2;9,8;36,4;53,8;47,6;6,2;0,1
1064;Municipio;SANTA CRUZ ;Velasco;San Ignacio;Urbana;8.240;24.512;11.214;5.071;10.107;4.783;65,8;16;49,8;34,2;31,8;2,4;0
1065;Municipio;SANTA CRUZ ;Velasco;San Ignacio;Rural;20.454;28.258;10.458;22.299;19.985;7.441;28,1;4,1;24;71,9;62,1;9,7;0,1
1066;Municipio;SANTA CRUZ ;Velasco;San Miguel;San Miguel;6.159;11.436;7.516;7.795;7.163;1.582;43,9;12,1;31,8;56,1;47,4;8,3;0,4
1067;Municipio;SANTA CRUZ ;Velasco;San Miguel;Urbana;1.059;3.827;1.126;1.046;1.649;200;77,7;22,3;55,4;22,3;21,9;0,4;0
1068;Municipio;SANTA CRUZ ;Velasco;San Miguel;Rural;5.100;7.609;6.390;6.749;5.514;1.382;25;6,3;18,6;75;61,7;12,7;0,6
1069;Municipio;SANTA CRUZ ;Velasco;San Rafael;San Rafael;4.474;6.674;4.446;4.312;3.920;996;36,7;8,2;28,4;63,3;51,3;11,6;0,5
1070;Municipio;SANTA CRUZ ;Velasco;San Rafael;Urbana;882;2.213;427;362;869;150;73,4;20,6;52,7;26,6;25,9;0,8;0
1071;Municipio;SANTA CRUZ ;Velasco;San Rafael;Rural;3.592;4.461;4.019;3.950;3.051;846;18,8;2,2;16,6;81,2;63,7;16,9;0,7
1072;Provincia;SANTA CRUZ ;Ichilo;;Ichilo;19.630;72.393;29.365;17.342;39.543;13.607;66,1;16,1;49,9;33,9;29,4;4,4;0,2
1073;Provincia;SANTA CRUZ ;Ichilo;;Urbana;4.254;44.666;13.346;1.769;20.287;8.215;77,5;20,2;57,2;22,5;21,7;0,9;0
1074;Provincia;SANTA CRUZ ;Ichilo;;Rural;15.376;27.727;16.019;15.573;19.256;5.392;48,5;9,8;38,7;51,5;41,4;9,7;0,4
1075;Municipio;SANTA CRUZ ;Ichilo;Buena Vista;Buena Vista;2.375;9.940;2.254;2.551;5.556;1.366;71,9;19,5;52,4;28,1;26,2;1,8;0
1076;Municipio;SANTA CRUZ ;Ichilo;Buena Vista;Urbana;444;3.970;767;341;1.727;585;82,3;25,7;56,6;17,7;17,1;0,6;0
1077;Municipio;SANTA CRUZ ;Ichilo;Buena Vista;Rural;1.931;5.970;1.487;2.210;3.829;781;64,7;15,2;49,5;35,3;32,5;2,7;0,1
1078;Municipio;SANTA CRUZ ;Ichilo;San Carlos;San Carlos;2.549;14.229;4.533;2.176;7.364;2.554;71;15,1;55,9;29;26,6;2,3;0,1
1079;Municipio;SANTA CRUZ ;Ichilo;San Carlos;Urbana;901;9.414;2.832;491;4.488;1.829;76;17,2;58,8;24;23,1;0,9;0
1080;Municipio;SANTA CRUZ ;Ichilo;San Carlos;Rural;1.648;4.815;1.701;1.685;2.876;725;60,5;10,8;49,7;39,5;33,9;5,4;0,2
1081;Municipio;SANTA CRUZ ;Ichilo;Yapacaní;Yapacaní;12.601;40.622;20.283;11.274;22.866;8.745;62;15,3;46,7;38;31,9;5,8;0,3
1082;Municipio;SANTA CRUZ ;Ichilo;Yapacaní;Urbana;2.407;26.678;8.920;772;12.236;5.339;75,9;20,2;55,7;24,1;23,2;0,9;0
1083;Municipio;SANTA CRUZ ;Ichilo;Yapacaní;Rural;10.194;13.944;11.363;10.502;10.630;3.406;38,4;7;31,4;61,6;46,7;14,3;0,7
1084;Municipio;SANTA CRUZ ;Ichilo;San Juan;San Juan;2.105;7.602;2.295;1.341;3.757;942;72;18,2;53,8;28;24,8;3,1;0,1
1085;Municipio;SANTA CRUZ ;Ichilo;San Juan;Urbana;502;4.604;827;165;1.836;462;85,5;21,9;63,6;14,5;13,3;1,3;0
1086;Municipio;SANTA CRUZ ;Ichilo;San Juan;Rural;1.603;2.998;1.468;1.176;1.921;480;51,9;12,8;39,1;48,1;42;5,8;0,3
1087;Provincia;SANTA CRUZ ;Chiquitos;;Chiquitos;20.887;78.618;26.908;22.806;53.919;26.718;57,5;18,5;39;42,5;37,1;5,2;0,1
1088;Provincia;SANTA CRUZ ;Chiquitos;;Urbana;5.892;30.921;9.843;2.246;10.251;4.189;79,9;22,3;57,6;20,1;19,3;0,8;0
1089;Provincia;SANTA CRUZ ;Chiquitos;;Rural;14.995;47.697;17.065;20.560;43.668;22.529;44,3;16,2;28,1;55,7;47,6;7,9;0,2
1090;Municipio;SANTA CRUZ ;Chiquitos;San José;San José;10.770;28.696;11.566;12.351;20.740;11.876;46,5;14,7;31,8;53,5;43,9;9,4;0,2
1091;Municipio;SANTA CRUZ ;Chiquitos;San José;Urbana;2.284;9.800;1.558;652;2.939;1.132;83,4;24,7;58,7;16,6;16,1;0,4;0
1092;Municipio;SANTA CRUZ ;Chiquitos;San José;Rural;8.486;18.896;10.008;11.699;17.801;10.744;29,2;10;19,1;70,8;56,9;13,6;0,3
1093;Municipio;SANTA CRUZ ;Chiquitos;Pailón;Pailón;6.782;37.305;11.709;7.025;28.553;13.019;59,9;18,7;41,2;40,1;36,9;3,1;0,1
1094;Municipio;SANTA CRUZ ;Chiquitos;Pailón;Urbana;2.104;13.327;6.359;674;5.323;2.114;73,9;13,7;60,1;26,1;24,9;1,2;0
1095;Municipio;SANTA CRUZ ;Chiquitos;Pailón;Rural;4.678;23.978;5.350;6.351;23.230;10.905;53,3;21,1;32,2;46,7;42,5;4;0,1
1096;Municipio;SANTA CRUZ ;Chiquitos;Roboré;Roboré;3.335;12.617;3.633;3.430;4.626;1.823;75,3;26,3;49;24,7;22,6;2,1;0,1
1097;Municipio;SANTA CRUZ ;Chiquitos;Roboré;Urbana;1.504;7.794;1.926;920;1.989;943;85;32,6;52,4;15;14,6;0,5;0
1098;Municipio;SANTA CRUZ ;Chiquitos;Roboré;Rural;1.831;4.823;1.707;2.510;2.637;880;58,4;15,4;43;41,6;36,5;4,9;0,1
1099;Provincia;SANTA CRUZ ;Sara;;Sara;9.259;33.002;8.951;6.679;15.939;3.123;73,6;24,7;48,9;26,4;24,6;1,8;0
1100;Provincia;SANTA CRUZ ;Sara;;Urbana;2.329;19.337;4.074;1.034;6.971;1.701;84,5;34;50,5;15,5;15,2;0,3;0
1101;Provincia;SANTA CRUZ ;Sara;;Rural;6.930;13.665;4.877;5.645;8.968;1.422;58;11,4;46,6;42;38;3,9;0,1
1102;Municipio;SANTA CRUZ ;Sara;Portachuelo;Portachuelo;1.246;15.107;1.798;1.305;5.541;1.260;87;39,1;47,9;13;12,6;0,4;0
1103;Municipio;SANTA CRUZ ;Sara;Portachuelo;Urbana;546;11.848;1.055;308;3.764;905;91,2;45,1;46,2;8,8;8,6;0,1;0
1104;Municipio;SANTA CRUZ ;Sara;Portachuelo;Rural;700;3.259;743;997;1.777;355;69,8;14,9;54,9;30,2;28,7;1,5;0
1105;Municipio;SANTA CRUZ ;Sara;Santa Rosa;Santa Rosa;7.047;13.281;5.319;4.896;8.512;1.378;58,4;11,2;47,1;41,6;37,8;3,8;0,1
1106;Municipio;SANTA CRUZ ;Sara;Santa Rosa;Urbana;1.053;3.656;1.419;537;1.814;405;69,5;13,4;56,1;30,5;29,6;0,9;0
1107;Municipio;SANTA CRUZ ;Sara;Santa Rosa;Rural;5.994;9.625;3.900;4.359;6.698;973;54,4;10,4;44;45,6;40,7;4,8;0,1
1108;Municipio;SANTA CRUZ ;Sara;Colpa Bélgica;Colpa Bélgica;966;4.614;1.834;478;1.886;485;73,2;15,7;57,5;26,8;26,2;0,5;0
1109;Municipio;SANTA CRUZ ;Sara;Colpa Bélgica;Urbana;730;3.833;1.600;189;1.393;391;76,3;17;59,3;23,7;23,3;0,4;0
1110;Municipio;SANTA CRUZ ;Sara;Colpa Bélgica;Rural;236;781;234;289;493;94;57,7;9,4;48,3;42,3;41;1,1;0,1
1111;Provincia;SANTA CRUZ ;Cordillera;;Cordillera;43.110;95.502;35.770;46.808;51.801;15.195;56,2;15,8;40,4;43,8;41,1;2,6;0
1112;Provincia;SANTA CRUZ ;Cordillera;;Urbana;7.053;30.732;8.280;2.498;10.417;3.709;82,5;30,4;52,1;17,5;17,1;0,4;0
1113;Provincia;SANTA CRUZ ;Cordillera;;Rural;36.057;64.770;27.490;44.310;41.384;11.486;41,6;7,7;33,9;58,4;54,4;3,9;0
1114;Municipio;SANTA CRUZ ;Cordillera;Lagunillas;Lagunillas;1.832;4.654;1.660;3.184;2.110;373;59;11,4;47,6;41;39,2;1,8;0,1
1115;Municipio;SANTA CRUZ ;Cordillera;Lagunillas;Urbana;0;0;0;0;0;0;0;0;0;0;0;0;0
1116;Municipio;SANTA CRUZ ;Cordillera;Lagunillas;Rural;1.832;4.654;1.660;3.184;2.110;373;59;11,4;47,6;41;39,2;1,8;0,1
1117;Municipio;SANTA CRUZ ;Cordillera;Charagua (Autonomía Guaraní Charagua Iyambae);Charagua (Autonomía Guaraní Charagua Iyambae);16.617;28.357;11.554;19.795;17.386;4.163;41,5;8,7;32,7;58,5;55,4;3,1;0
1118;Municipio;SANTA CRUZ ;Cordillera;Charagua (Autonomía Guaraní Charagua Iyambae);Urbana;1.046;3.835;1.419;554;1.180;274;78,3;27,8;50,5;21,7;21,2;0,5;0
1119;Municipio;SANTA CRUZ ;Cordillera;Charagua (Autonomía Guaraní Charagua Iyambae);Rural;15.571;24.522;10.135;19.241;16.206;3.889;35;5,4;29,6;65;61,4;3,6;0
1120;Municipio;SANTA CRUZ ;Cordillera;Cabezas;Cabezas;5.820;22.089;7.973;7.523;17.636;5.839;57,2;11,4;45,8;42,8;39,6;3,2;0
1121;Municipio;SANTA CRUZ ;Cordillera;Cabezas;Urbana;2.061;6.729;3.635;959;3.069;595;67,5;10,4;57,1;32,5;31,7;0,8;0
1122;Municipio;SANTA CRUZ ;Cordillera;Cabezas;Rural;3.759;15.360;4.338;6.564;14.567;5.244;53,3;11,7;41,6;46,7;42,5;4,1;0
1123;Municipio;SANTA CRUZ ;Cordillera;Cuevo;Cuevo;1.375;3.762;987;2.032;1.547;263;66,9;17,4;49,5;33,1;31,8;1,4;0
1124;Municipio;SANTA CRUZ ;Cordillera;Cuevo;Urbana;333;1.872;207;183;557;76;88,1;27,3;60,7;11,9;11,7;0,2;0
1125;Municipio;SANTA CRUZ ;Cordillera;Cuevo;Rural;1.042;1.890;780;1.849;990;187;42,3;5,9;36,4;57,7;54,9;2,7;0
1126;Municipio;SANTA CRUZ ;Cordillera;Gutiérrez (Autonomía Indígena Kereimba Iyaambae);Gutiérrez (Autonomía Indígena Kereimba Iyaambae);9.546;12.089;7.563;9.493;4.720;957;30,6;4,3;26,3;69,4;65,5;3,9;0
1127;Municipio;SANTA CRUZ ;Cordillera;Gutiérrez (Autonomía Indígena Kereimba Iyaambae);Urbana;0;0;0;0;0;0;0;0;0;0;0;0;0
1128;Municipio;SANTA CRUZ ;Cordillera;Gutiérrez (Autonomía Indígena Kereimba Iyaambae);Rural;9.546;12.089;7.563;9.493;4.720;957;30,6;4,3;26,3;69,4;65,5;3,9;0
1129;Municipio;SANTA CRUZ ;Cordillera;Camiri;Camiri;6.282;20.694;4.945;3.419;6.282;3.203;79,9;34;45,8;20,1;19,4;0,7;0
1130;Municipio;SANTA CRUZ ;Cordillera;Camiri;Urbana;2.939;15.746;2.537;444;4.582;2.646;87,7;39,3;48,5;12,3;12;0,3;0
1131;Municipio;SANTA CRUZ ;Cordillera;Camiri;Rural;3.343;4.948;2.408;2.975;1.700;557;45,9;11,4;34,5;54,1;51,4;2,6;0
1132;Municipio;SANTA CRUZ ;Cordillera;Boyuibe;Boyuibe;1.638;3.857;1.088;1.362;2.120;397;64,1;15,4;48,6;35,9;29,3;6,5;0,1
1133;Municipio;SANTA CRUZ ;Cordillera;Boyuibe;Urbana;674;2.550;482;358;1.029;118;83,3;21,2;62,1;16,7;16,5;0,2;0
1134;Municipio;SANTA CRUZ ;Cordillera;Boyuibe;Rural;964;1.307;606;1.004;1.091;279;18,6;1,7;16,9;81,4;59,5;21,5;0,5
1135;Provincia;SANTA CRUZ ;Valle Grande;;Valle Grande;6.339;15.344;6.459;7.170;9.696;1.785;72,2;30,3;41,9;27,8;25,2;2,5;0
1136;Provincia;SANTA CRUZ ;Valle Grande;;Urbana;769;6.355;669;161;2.752;637;91;41,7;49,3;9;8,8;0,2;0
1137;Provincia;SANTA CRUZ ;Valle Grande;;Rural;5.570;8.989;5.790;7.009;6.944;1.148;59,2;22,4;36,8;40,8;36,7;4,1;0
1138;Municipio;SANTA CRUZ ;Valle Grande;Vallegrande;Vallegrande;3.587;9.898;3.536;3.841;5.974;1.194;75,7;31,8;43,9;24,3;22,5;1,8;0
1139;Municipio;SANTA CRUZ ;Valle Grande;Vallegrande;Urbana;769;6.355;669;161;2.752;637;91;41,7;49,3;9;8,8;0,2;0
1140;Municipio;SANTA CRUZ ;Valle Grande;Vallegrande;Rural;2.818;3.543;2.867;3.680;3.222;557;49,6;14,9;34,7;50,4;45,8;4,5;0
1141;Municipio;SANTA CRUZ ;Valle Grande;Trigal;Trigal;339;1.375;468;487;684;69;84;33,8;50,2;16;15,3;0,7;0
1142;Municipio;SANTA CRUZ ;Valle Grande;Trigal;Urbana;0;0;0;0;0;0;0;0;0;0;0;0;0
1143;Municipio;SANTA CRUZ ;Valle Grande;Trigal;Rural;339;1.375;468;487;684;69;84;33,8;50,2;16;15,3;0,7;0
1144;Municipio;SANTA CRUZ ;Valle Grande;Moromoro;Moromoro;1.040;1.705;1.034;1.065;1.470;301;57;17,2;39,8;43;38,9;4,1;0
1145;Municipio;SANTA CRUZ ;Valle Grande;Moromoro;Urbana;0;0;0;0;0;0;0;0;0;0;0;0;0
1146;Municipio;SANTA CRUZ ;Valle Grande;Moromoro;Rural;1.040;1.705;1.034;1.065;1.470;301;57;17,2;39,8;43;38,9;4,1;0
1147;Municipio;SANTA CRUZ ;Valle Grande;Postrervalle;Postrervalle;608;1.087;594;700;757;81;63,9;33,5;30,4;36,1;28,6;7,5;0
1148;Municipio;SANTA CRUZ ;Valle Grande;Postrervalle;Urbana;0;0;0;0;0;0;0;0;0;0;0;0;0
1149;Municipio;SANTA CRUZ ;Valle Grande;Postrervalle;Rural;608;1.087;594;700;757;81;63,9;33,5;30,4;36,1;28,6;7,5;0
1150;Municipio;SANTA CRUZ ;Valle Grande;Pucará;Pucará;765;1.279;827;1.077;811;140;58,1;29;29;41,9;37,8;4,1;0
1151;Municipio;SANTA CRUZ ;Valle Grande;Pucará;Urbana;0;0;0;0;0;0;0;0;0;0;0;0;0
1152;Municipio;SANTA CRUZ ;Valle Grande;Pucará;Rural;765;1.279;827;1.077;811;140;58,1;29;29;41,9;37,8;4,1;0
1153;Provincia;SANTA CRUZ ;Florida;;Florida;6.379;24.712;10.450;6.240;17.177;5.270;68,7;20;48,7;31,3;27,3;3,9;0,1
1154;Provincia;SANTA CRUZ ;Florida;;Urbana;1.327;10.664;4.132;388;6.472;2.561;78,7;26,3;52,4;21,3;20,2;1;0
1155;Provincia;SANTA CRUZ ;Florida;;Rural;5.052;14.048;6.318;5.852;10.705;2.709;60,3;14,8;45,6;39,7;33,2;6,3;0,2
1156;Municipio;SANTA CRUZ ;Florida;Samaipata;Samaipata;1.778;7.379;2.888;1.928;4.745;1.350;72,6;24,5;48,2;27,4;24,3;3,1;0
1157;Municipio;SANTA CRUZ ;Florida;Samaipata;Urbana;351;3.205;941;97;1.385;643;85,4;35,5;50;14,6;13,9;0,7;0
1158;Municipio;SANTA CRUZ ;Florida;Samaipata;Rural;1.427;4.174;1.947;1.831;3.360;707;62,5;15,8;46,8;37,5;32,5;5;0
1159;Municipio;SANTA CRUZ ;Florida;Pampagrande;Pampagrande;1.607;6.461;2.270;1.648;5.189;1.661;67,6;17,8;49,8;32,4;28,3;4;0,1
1160;Municipio;SANTA CRUZ ;Florida;Pampagrande;Urbana;376;2.553;714;124;2.107;714;75,7;20,3;55,4;24,3;23;1,3;0
1161;Municipio;SANTA CRUZ ;Florida;Pampagrande;Rural;1.231;3.908;1.556;1.524;3.082;947;62;16,1;45,9;38;32;5,8;0,2
1162;Municipio;SANTA CRUZ ;Florida;Mairana;Mairana;2.095;8.457;4.356;1.811;5.803;2.002;66,5;18,8;47,7;33,5;28,6;4,7;0,2
1163;Municipio;SANTA CRUZ ;Florida;Mairana;Urbana;600;4.906;2.477;167;2.980;1.204;75,9;23,4;52,5;24,1;23;1,1;0
1164;Municipio;SANTA CRUZ ;Florida;Mairana;Rural;1.495;3.551;1.879;1.644;2.823;798;51,8;11,6;40,2;48,2;37,4;10,4;0,4
1165;Municipio;SANTA CRUZ ;Florida;Quirusillas;Quirusillas;899;2.415;936;853;1.440;257;66,3;15,3;51;33,7;30,4;3,3;0
1166;Municipio;SANTA CRUZ ;Florida;Quirusillas;Urbana;0;0;0;0;0;0;0;0;0;0;0;0;0
1167;Municipio;SANTA CRUZ ;Florida;Quirusillas;Rural;899;2.415;936;853;1.440;257;66,3;15,3;51;33,7;30,4;3,3;0
1168;Provincia;SANTA CRUZ ;Obispo Santisteban;;Obispo Santisteban;22.226;145.325;41.265;7.667;63.019;18.533;79,9;26;54;20,1;19,3;0,7;0,1
1169;Provincia;SANTA CRUZ ;Obispo Santisteban;;Urbana;15.581;127.771;36.789;4.038;51.770;16.696;82,4;27,8;54,6;17,6;17,2;0,5;0
1170;Provincia;SANTA CRUZ ;Obispo Santisteban;;Rural;6.645;17.554;4.476;3.629;11.249;1.837;60,4;11,4;49;39,6;36,5;2,6;0,6
1171;Municipio;SANTA CRUZ ;Obispo Santisteban;Montero;Montero;9.606;93.097;25.067;2.038;35.418;12.503;83,9;30,1;53,8;16,1;15,7;0,4;0
1172;Municipio;SANTA CRUZ ;Obispo Santisteban;Montero;Urbana;9.508;92.423;24.795;1.854;35.052;12.423;84;30,2;53,9;16;15,6;0,4;0
1173;Municipio;SANTA CRUZ ;Obispo Santisteban;Montero;Rural;98;674;272;184;366;80;61,5;14,8;46,6;38,5;34,7;3,9;0
1174;Municipio;SANTA CRUZ ;Obispo Santisteban;General Saavedra;General Saavedra;4.033;13.535;4.351;2.168;7.954;1.228;65,1;13,1;51,9;34,9;33,6;1,3;0
1175;Municipio;SANTA CRUZ ;Obispo Santisteban;General Saavedra;Urbana;990;6.194;2.477;465;3.001;537;75,1;17,7;57,4;24,9;24,4;0,5;0
1176;Municipio;SANTA CRUZ ;Obispo Santisteban;General Saavedra;Rural;3.043;7.341;1.874;1.703;4.953;691;56;9;47;44;42;1,9;0
1177;Municipio;SANTA CRUZ ;Obispo Santisteban;Mineros;Mineros;3.413;18.029;4.117;1.583;8.988;2.483;76,2;24,3;52;23,8;22,7;1,1;0
1178;Municipio;SANTA CRUZ ;Obispo Santisteban;Mineros;Urbana;1.941;14.457;3.173;675;6.429;2.086;81,3;28,2;53,1;18,7;18;0,7;0
1179;Municipio;SANTA CRUZ ;Obispo Santisteban;Mineros;Rural;1.472;3.572;944;908;2.559;397;54,6;7,5;47,1;45,4;42,8;2,7;0
1180;Municipio;SANTA CRUZ ;Obispo Santisteban;Fernández Alonso;Fernández Alonso;2.234;10.129;3.915;1.052;5.738;1.584;71,7;16,6;55,1;28,3;25,6;1,8;0,9
1181;Municipio;SANTA CRUZ ;Obispo Santisteban;Fernández Alonso;Urbana;1.383;8.341;3.193;605;4.504;1.246;75,7;17,9;57,9;24,3;23,5;0,8;0
1182;Municipio;SANTA CRUZ ;Obispo Santisteban;Fernández Alonso;Rural;851;1.788;722;447;1.234;338;51,2;10,1;41;48,8;36,3;7;5,5
1183;Municipio;SANTA CRUZ ;Obispo Santisteban;San Pedro;San Pedro;2.940;10.535;3.815;826;4.921;735;75,8;15,6;60,2;24,2;23,4;0,9;0
1184;Municipio;SANTA CRUZ ;Obispo Santisteban;San Pedro;Urbana;1.759;6.356;3.151;439;2.784;404;75,6;13,7;61,9;24,4;24;0,5;0
1185;Municipio;SANTA CRUZ ;Obispo Santisteban;San Pedro;Rural;1.181;4.179;664;387;2.137;331;76,1;18,7;57,4;23,9;22,4;1,6;0
1186;Provincia;SANTA CRUZ ;Ñuflo de Chávez;;Ñuflo de Chávez;37.091;94.088;46.885;30.878;54.897;16.142;57,8;13,5;44,3;42,2;38,8;3,3;0,1
1187;Provincia;SANTA CRUZ ;Ñuflo de Chávez;;Urbana;12.965;49.041;26.212;5.817;22.655;8.169;68,2;16;52,3;31,8;30,4;1,3;0
1188;Provincia;SANTA CRUZ ;Ñuflo de Chávez;;Rural;24.126;45.047;20.673;25.061;32.242;7.973;47;11;36;53;47,5;5,4;0,2
1189;Municipio;SANTA CRUZ ;Ñuflo de Chávez;Concepción;Concepción;14.176;23.061;15.364;13.865;12.274;5.084;39,5;9,1;30,4;60,5;53,6;6,7;0,2
1190;Municipio;SANTA CRUZ ;Ñuflo de Chávez;Concepción;Urbana;4.847;11.828;7.360;3.606;4.642;2.467;55,1;14,5;40,6;44,9;42;2,9;0
1191;Municipio;SANTA CRUZ ;Ñuflo de Chávez;Concepción;Rural;9.329;11.233;8.004;10.259;7.632;2.617;23,4;3,5;19,9;76,6;65,5;10,7;0,4
1192;Municipio;SANTA CRUZ ;Ñuflo de Chávez;San Javier;San Javier;6.030;11.779;5.021;3.715;5.717;1.620;52,4;10,6;41,8;47,6;44,2;3,3;0,1
1193;Municipio;SANTA CRUZ ;Ñuflo de Chávez;San Javier;Urbana;2.409;6.461;2.779;568;2.713;929;63,4;14,6;48,9;36,6;35,2;1,3;0,1
1194;Municipio;SANTA CRUZ ;Ñuflo de Chávez;San Javier;Rural;3.621;5.318;2.242;3.147;3.004;691;38,7;5,7;33;61,3;55,4;5,8;0,1
1195;Municipio;SANTA CRUZ ;Ñuflo de Chávez;San Julián;San Julián;9.647;30.731;16.558;5.940;18.375;4.266;65,5;14,9;50,5;34,5;32,1;2,4;0
1196;Municipio;SANTA CRUZ ;Ñuflo de Chávez;San Julián;Urbana;2.937;16.705;10.861;873;8.455;2.660;73,7;18,1;55,6;26,3;25,6;0,7;0
1197;Municipio;SANTA CRUZ ;Ñuflo de Chávez;San Julián;Rural;6.710;14.026;5.697;5.067;9.920;1.606;55,5;11,1;44,4;44,5;40;4,5;0,1
1198;Municipio;SANTA CRUZ ;Ñuflo de Chávez;San Antonio de Lomerio;San Antonio de Lomerio;2.651;5.003;1.937;4.488;2.519;217;49,6;10,5;39,1;50,4;49;1,4;0
1199;Municipio;SANTA CRUZ ;Ñuflo de Chávez;San Antonio de Lomerio;Urbana;0;0;0;0;0;0;0;0;0;0;0;0;0
1200;Municipio;SANTA CRUZ ;Ñuflo de Chávez;San Antonio de Lomerio;Rural;2.651;5.003;1.937;4.488;2.519;217;49,6;10,5;39,1;50,4;49;1,4;0
1201;Municipio;SANTA CRUZ ;Ñuflo de Chávez;San Ramón;San Ramón;2.519;6.742;3.291;1.366;3.315;756;61,3;11,5;49,9;38,7;36;2,6;0
1202;Municipio;SANTA CRUZ ;Ñuflo de Chávez;San Ramón;Urbana;1.930;5.901;2.588;562;2.745;640;66,2;12,5;53,7;33,8;32,4;1,4;0
1203;Municipio;SANTA CRUZ ;Ñuflo de Chávez;San Ramón;Rural;589;841;703;804;570;116;31,3;4,9;26,4;68,7;58,8;9,6;0,3
1204;Municipio;SANTA CRUZ ;Ñuflo de Chávez;Cuatro Cañadas;Cuatro Cañadas;2.068;16.772;4.714;1.504;12.697;4.199;70,7;19,7;51;29,3;27,8;1,6;0
1205;Municipio;SANTA CRUZ ;Ñuflo de Chávez;Cuatro Cañadas;Urbana;842;8.146;2.624;208;4.100;1.473;79,4;16,7;62,8;20,6;19,9;0,6;0
1206;Municipio;SANTA CRUZ ;Ñuflo de Chávez;Cuatro Cañadas;Rural;1.226;8.626;2.090;1.296;8.597;2.726;63,8;22,1;41,7;36,2;33,8;2,3;0,1
1207;Provincia;SANTA CRUZ ;Ángel Sandoval;;Ángel Sandoval;5.689;11.534;5.209;4.556;6.168;1.825;56,3;10,1;46,2;43,7;41;2,7;0
1208;Provincia;SANTA CRUZ ;Ángel Sandoval;;Urbana;1.655;5.847;3.448;928;2.326;758;68,1;13,2;54,9;31,9;30,5;1,4;0
1209;Provincia;SANTA CRUZ ;Ángel Sandoval;;Rural;4.034;5.687;1.761;3.628;3.842;1.067;44,1;7;37,1;55,9;51,8;4,1;0
1210;Municipio;SANTA CRUZ ;Ángel Sandoval;San Matías;San Matías;5.689;11.534;5.209;4.556;6.168;1.825;56,3;10,1;46,2;43,7;41;2,7;0
1211;Municipio;SANTA CRUZ ;Ángel Sandoval;San Matías;Urbana;1.655;5.847;3.448;928;2.326;758;68,1;13,2;54,9;31,9;30,5;1,4;0
1212;Municipio;SANTA CRUZ ;Ángel Sandoval;San Matías;Rural;4.034;5.687;1.761;3.628;3.842;1.067;44,1;7;37,1;55,9;51,8;4,1;0
1213;Provincia;SANTA CRUZ ;Manuel María Caballero;;Manuel María Caballero;6.538;14.850;7.480;3.847;11.776;2.843;61,5;17,3;44,2;38,5;34,4;4;0,1
1214;Provincia;SANTA CRUZ ;Manuel María Caballero;;Urbana;1.348;6.086;1.671;228;4.170;1.191;77,1;25,9;51,2;22,9;22,3;0,6;0
1215;Provincia;SANTA CRUZ ;Manuel María Caballero;;Rural;5.190;8.764;5.809;3.619;7.606;1.652;49,7;10,8;38,8;50,3;43,6;6,5;0,2
1216;Municipio;SANTA CRUZ ;Manuel María Caballero;Comarapa;Comarapa;5.006;10.860;5.738;3.110;8.736;2.070;60,1;18;42,1;39,9;35,4;4,4;0,1
1217;Municipio;SANTA CRUZ ;Manuel María Caballero;Comarapa;Urbana;618;3.689;723;110;2.310;704;81;30,9;50,1;19;18,4;0,6;0
1218;Municipio;SANTA CRUZ ;Manuel María Caballero;Comarapa;Rural;4.388;7.171;5.015;3.000;6.426;1.366;48,1;10,6;37,5;51,9;45,2;6,6;0,2
1219;Municipio;SANTA CRUZ ;Manuel María Caballero;Saipina;Saipina;1.532;3.990;1.742;737;3.040;773;65,3;15,4;50;34,7;31,7;2,8;0,1
1220;Municipio;SANTA CRUZ ;Manuel María Caballero;Saipina;Urbana;730;2.397;948;118;1.860;487;70,5;17,5;53,1;29,5;28,8;0,7;0
1221;Municipio;SANTA CRUZ ;Manuel María Caballero;Saipina;Rural;802;1.593;794;619;1.180;286;57;12;45;43;36,4;6,2;0,4
1222;Provincia;SANTA CRUZ ;Germán Busch;;Germán Busch;6.677;30.519;10.223;5.394;11.100;3.928;77,7;20,1;57,7;22,3;20,7;1,6;0,1
1223;Provincia;SANTA CRUZ ;Germán Busch;;Urbana;3.613;23.297;7.663;1.580;6.879;2.520;84,8;22,8;62,1;15,2;14,8;0,3;0
1224;Provincia;SANTA CRUZ ;Germán Busch;;Rural;3.064;7.222;2.560;3.814;4.221;1.408;54,9;11,4;43,5;45,1;39,5;5,5;0,1
1225;Municipio;SANTA CRUZ ;Germán Busch;Puerto Suárez;Puerto Suárez;2.345;11.749;3.618;1.570;4.140;1.009;82,3;22,1;60,2;17,7;16,2;1,5;0
1226;Municipio;SANTA CRUZ ;Germán Busch;Puerto Suárez;Urbana;1.330;8.047;2.625;405;2.228;569;88;24;63,9;12;11,5;0,4;0,1
1227;Municipio;SANTA CRUZ ;Germán Busch;Puerto Suárez;Rural;1.015;3.702;993;1.165;1.912;440;69,1;17,6;51,6;30,9;26,9;4;0
1228;Municipio;SANTA CRUZ ;Germán Busch;Puerto Quijarro;Puerto Quijarro;1.540;12.488;4.615;609;3.776;1.740;83,2;22,9;60,3;16,8;16,3;0,4;0
1229;Municipio;SANTA CRUZ ;Germán Busch;Puerto Quijarro;Urbana;1.483;12.285;4.558;487;3.594;1.708;83,7;23,1;60,5;16,3;16;0,3;0
1230;Municipio;SANTA CRUZ ;Germán Busch;Puerto Quijarro;Rural;57;203;57;122;182;32;55,9;9,3;46,6;44,1;36,4;7,7;0
1231;Municipio;SANTA CRUZ ;Germán Busch;El Carmen Rivero Tórrez;El Carmen Rivero Tórrez;2.792;6.282;1.990;3.215;3.184;1.179;57,9;10,4;47,4;42,1;37,9;4,1;0,1
1232;Municipio;SANTA CRUZ ;Germán Busch;El Carmen Rivero Tórrez;Urbana;800;2.965;480;688;1.057;243;80,4;17,3;63,1;19,6;19,3;0,4;0
1233;Municipio;SANTA CRUZ ;Germán Busch;El Carmen Rivero Tórrez;Rural;1.992;3.317;1.510;2.527;2.127;936;39,5;4,9;34,7;60,5;53,1;7,1;0,2
1234;Provincia;SANTA CRUZ ;Guarayos;;Guarayos;27.070;42.383;27.625;21.019;25.349;7.644;45,6;8,6;37,1;54,4;48,1;6,1;0,1
1235;Provincia;SANTA CRUZ ;Guarayos;;Urbana;11.481;24.820;14.734;7.729;12.623;4.233;54,3;10,5;43,7;45,7;43,2;2,5;0
1236;Provincia;SANTA CRUZ ;Guarayos;;Rural;15.589;17.563;12.891;13.290;12.726;3.411;35;6,2;28,8;65;54,2;10,6;0,2
1237;Municipio;SANTA CRUZ ;Guarayos;Ascención de Guarayos;Ascención de Guarayos;15.045;25.123;16.866;10.559;14.679;4.981;47,4;9,7;37,7;52,6;47;5,5;0,1
1238;Municipio;SANTA CRUZ ;Guarayos;Ascención de Guarayos;Urbana;8.308;18.256;11.594;4.997;9.471;3.527;53,3;11,5;41,8;46,7;43,8;2,9;0
1239;Municipio;SANTA CRUZ ;Guarayos;Ascención de Guarayos;Rural;6.737;6.867;5.272;5.562;5.208;1.454;34,4;5,7;28,7;65,6;54,3;11,2;0,1
1240;Municipio;SANTA CRUZ ;Guarayos;Urubichá;Urubichá;2.878;5.007;2.294;3.154;2.402;625;51,9;6,5;45,3;48,1;44,6;3,3;0,2
1241;Municipio;SANTA CRUZ ;Guarayos;Urubichá;Urbana;2.274;4.216;1.714;2.343;1.954;441;56,9;7,4;49,4;43,1;41,4;1,7;0
1242;Municipio;SANTA CRUZ ;Guarayos;Urubichá;Rural;604;791;580;811;448;184;25,1;1,7;23,4;74,9;62,1;11,7;1,1
1243;Municipio;SANTA CRUZ ;Guarayos;El Puente;El Puente;9.147;12.253;8.465;7.306;8.268;2.038;39,9;7,2;32,7;60,1;51,4;8,5;0,2
1244;Municipio;SANTA CRUZ ;Guarayos;El Puente;Urbana;899;2.348;1.426;389;1.198;265;57,5;8,7;48,7;42,5;41,3;1,2;0
1245;Municipio;SANTA CRUZ ;Guarayos;El Puente;Rural;8.248;9.905;7.039;6.917;7.070;1.773;36,2;6,9;29,4;63,8;53,5;10;0,3
1246;Departamento;BENI;;;BENI;205.418;374.526;222.596;115.011;127.638;56.522;56,3;17,4;39;43,7;38,7;4,5;0,4
1247;Departamento;BENI;;;Urbana;122.796;273.039;147.065;26.618;71.597;34.691;66,5;22,1;44,4;33,5;32,4;1;0
1248;Departamento;BENI;;;Rural;82.622;101.487;75.531;88.393;56.041;21.831;27,9;4,2;23,8;72,1;56,3;14,2;1,7
1249;Provincia;BENI;Cercado;;Cercado;43.999;106.961;49.513;8.892;23.835;14.695;69;27,2;41,8;31;29,4;1,5;0
1250;Provincia;BENI;Cercado;;Urbana;37.266;96.306;44.488;3.294;18.353;12.464;71,5;29,1;42,4;28,5;27,6;0,9;0
1251;Provincia;BENI;Cercado;;Rural;6.733;10.655;5.025;5.598;5.482;2.231;46,1;9,5;36,6;53,9;46,2;7,5;0,2
1252;Municipio;BENI;Cercado;Trinidad;Trinidad;39.698;100.873;45.734;4.616;20.266;12.933;71,1;28,3;42,8;28,9;27,9;0,9;0
1253;Municipio;BENI;Cercado;Trinidad;Urbana;37.266;96.306;44.488;3.294;18.353;12.464;71,5;29,1;42,4;28,5;27,6;0,9;0
1254;Municipio;BENI;Cercado;Trinidad;Rural;2.432;4.567;1.246;1.322;1.913;469;62;10,2;51,8;38;35,4;2,5;0,1
1255;Municipio;BENI;Cercado;San Javier;San Javier;4.301;6.088;3.779;4.276;3.569;1.762;35;9;26;65;53,8;10,9;0,3
1256;Municipio;BENI;Cercado;San Javier;Urbana;0;0;0;0;0;0;0;0;0;0;0;0;0
1257;Municipio;BENI;Cercado;San Javier;Rural;4.301;6.088;3.779;4.276;3.569;1.762;35;9;26;65;53,8;10,9;0,3
1258;Provincia;BENI;Vaca Diez;;Vaca Diez;57.683;114.194;82.393;23.499;33.664;14.731;58,2;18;40,1;41,8;40,1;1,7;0
1259;Provincia;BENI;Vaca Diez;;Urbana;47.602;100.976;70.877;12.296;27.602;13.348;62;19,9;42,1;38;36,8;1,2;0
1260;Provincia;BENI;Vaca Diez;;Rural;10.081;13.218;11.516;11.203;6.062;1.383;27,9;3;24,9;72,1;66,6;5,4;0,1
1261;Municipio;BENI;Vaca Diez;Riberalta;Riberalta;46.496;83.860;71.571;18.110;24.923;11.089;52,8;16,4;36,3;47,2;45,3;1,9;0
1262;Municipio;BENI;Vaca Diez;Riberalta;Urbana;39.393;75.271;63.470;10.248;20.893;10.189;56,1;18;38,1;43,9;42,5;1,5;0
1263;Municipio;BENI;Vaca Diez;Riberalta;Rural;7.103;8.589;8.101;7.862;4.030;900;22,9;2,5;20,3;77,1;71,2;5,9;0,1
1264;Municipio;BENI;Vaca Diez;Guayaramerín;Guayaramerín;11.187;30.334;10.822;5.389;8.741;3.642;73;22,4;50,5;27;26;1,1;0
1265;Municipio;BENI;Vaca Diez;Guayaramerín;Urbana;8.209;25.705;7.407;2.048;6.709;3.159;79;25,6;53,4;21;20,5;0,5;0
1266;Municipio;BENI;Vaca Diez;Guayaramerín;Rural;2.978;4.629;3.415;3.341;2.032;483;37,4;3,9;33,5;62,6;57,9;4,6;0
1267;Provincia;BENI;General José Ballivián;;General José Ballivián;46.168;68.251;42.914;36.022;31.499;12.839;45,2;10;35,1;54,8;43,1;10,6;1,1
1268;Provincia;BENI;General José Ballivián;;Urbana;17.592;36.002;16.345;4.452;12.548;5.073;66,2;16;50,2;33,8;32,8;1;0
1269;Provincia;BENI;General José Ballivián;;Rural;28.576;32.249;26.569;31.570;18.951;7.766;19,3;2,6;16,7;80,7;55,8;22,4;2,5
1270;Municipio;BENI;General José Ballivián;Reyes;Reyes;5.590;8.723;6.878;4.772;3.548;2.023;41,8;8,8;33;58,2;49,2;8,9;0,1
1271;Municipio;BENI;General José Ballivián;Reyes;Urbana;2.236;5.055;3.256;790;1.710;549;62,7;14;48,7;37,3;36,3;1;0
1272;Municipio;BENI;General José Ballivián;Reyes;Rural;3.354;3.668;3.622;3.982;1.838;1.474;11,3;1,2;10,1;88,7;68,1;20,4;0,3
1273;Municipio;BENI;General José Ballivián;San Borja;San Borja;26.103;35.156;24.459;21.489;18.347;7.400;39;8,5;30,5;61;43,1;15,8;2,1
1274;Municipio;BENI;General José Ballivián;San Borja;Urbana;8.572;16.121;7.592;2.084;6.352;2.550;64,4;15,4;49;35,6;34,3;1,3;0
1275;Municipio;BENI;General José Ballivián;San Borja;Rural;17.531;19.035;16.867;19.405;11.995;4.850;13,5;1,6;11,9;86,5;51,9;30,3;4,2
1276;Municipio;BENI;General José Ballivián;Santa Rosa;Santa Rosa;5.081;8.843;3.607;3.989;3.679;1.236;54,1;9,2;45;45,9;43,3;2,5;0,1
1277;Municipio;BENI;General José Ballivián;Santa Rosa;Urbana;1.936;4.410;1.499;369;1.497;483;71,4;13,1;58,3;28,6;28,1;0,5;0,1
1278;Municipio;BENI;General José Ballivián;Santa Rosa;Rural;3.145;4.433;2.108;3.620;2.182;753;36,8;5,2;31,5;63,2;58,7;4,5;0
1279;Municipio;BENI;General José Ballivián;Puerto Menor de Rurrenabaque;Puerto Menor de Rurrenabaque;9.394;15.529;7.970;5.772;5.925;2.180;55,7;14,4;41,2;44,3;39,7;4,5;0,2
1280;Municipio;BENI;General José Ballivián;Puerto Menor de Rurrenabaque;Urbana;4.848;10.416;3.998;1.209;2.989;1.491;68,6;19,1;49,5;31,4;30,5;0,9;0
1281;Municipio;BENI;General José Ballivián;Puerto Menor de Rurrenabaque;Rural;4.546;5.113;3.972;4.563;2.936;689;29,6;5;24,6;70,4;58,2;11,7;0,4
1282;Provincia;BENI;Yacuma;;Yacuma;14.107;21.178;11.658;10.087;10.001;4.280;46,4;11,6;34,8;53,6;43,2;7,8;2,6
1283;Provincia;BENI;Yacuma;;Urbana;6.424;12.501;3.820;1.122;4.661;1.303;65,6;18,2;47,4;34,4;33,3;1,2;0
1284;Provincia;BENI;Yacuma;;Rural;7.683;8.677;7.838;8.965;5.340;2.977;19,6;2,4;17,2;80,4;57,2;17,1;6,2
1285;Municipio;BENI;Yacuma;Santa Ana;Santa Ana;9.109;14.551;6.513;4.738;6.986;2.894;54,9;15,9;39;45,1;34,2;7,4;3,5
1286;Municipio;BENI;Yacuma;Santa Ana;Urbana;5.719;10.671;3.108;750;3.968;1.090;67,5;20,5;47,1;32,5;31,3;1,1;0
1287;Municipio;BENI;Yacuma;Santa Ana;Rural;3.390;3.880;3.405;3.988;3.018;1.804;21,5;3,8;17,7;78,5;41,7;24,2;12,6
1288;Municipio;BENI;Yacuma;Exaltación;Exaltación;4.998;6.627;5.145;5.349;3.015;1.386;26,7;1,6;25,1;73,3;64,1;8,7;0,6
1289;Municipio;BENI;Yacuma;Exaltación;Urbana;705;1.830;712;372;693;213;52,5;2,9;49,6;47,5;45,9;1,5;0,1
1290;Municipio;BENI;Yacuma;Exaltación;Rural;4.293;4.797;4.433;4.977;2.322;1.173;17,9;1,2;16,7;82,1;70,2;11,1;0,7
1291;Provincia;BENI;Moxos;;Moxos;12.775;17.166;8.413;9.487;8.404;3.344;45,6;12,1;33,5;54,4;45,4;8,3;0,8
1292;Provincia;BENI;Moxos;;Urbana;5.108;8.152;2.236;1.136;2.909;828;67,8;20;47,8;32,2;31,3;0,9;0
1293;Provincia;BENI;Moxos;;Rural;7.667;9.014;6.177;8.351;5.495;2.516;24,8;4,7;20,1;75,2;58,5;15,1;1,6
1294;Municipio;BENI;Moxos;San Ignacio;San Ignacio;12.775;17.166;8.413;9.487;8.404;3.344;45,6;12,1;33,5;54,4;45,4;8,3;0,8
1295;Municipio;BENI;Moxos;San Ignacio;Urbana;5.108;8.152;2.236;1.136;2.909;828;67,8;20;47,8;32,2;31,3;0,9;0
1296;Municipio;BENI;Moxos;San Ignacio;Rural;7.667;9.014;6.177;8.351;5.495;2.516;24,8;4,7;20,1;75,2;58,5;15,1;1,6
1297;Provincia;BENI;Marbán;;Marbán;12.066;14.994;9.367;10.558;7.736;2.664;37,4;5,7;31,7;62,6;52,2;10;0,5
1298;Provincia;BENI;Marbán;;Urbana;1.123;1.912;1.057;177;760;229;60,7;9;51,7;39,3;39;0,3;0
1299;Provincia;BENI;Marbán;;Rural;10.943;13.082;8.310;10.381;6.976;2.435;34;5,2;28,8;66;54,1;11,4;0,5
1300;Municipio;BENI;Marbán;Loreto;Loreto;2.413;3.595;2.181;2.710;1.863;592;37,5;7,6;30;62,5;50,3;11,7;0,5
1301;Municipio;BENI;Marbán;Loreto;Urbana;0;0;0;0;0;0;0;0;0;0;0;0;0
1302;Municipio;BENI;Marbán;Loreto;Rural;2.413;3.595;2.181;2.710;1.863;592;37,5;7,6;30;62,5;50,3;11,7;0,5
1303;Municipio;BENI;Marbán;San Andrés;San Andrés;9.653;11.399;7.186;7.848;5.873;2.072;37,4;5,1;32,2;62,6;52,7;9,5;0,5
1304;Municipio;BENI;Marbán;San Andrés;Urbana;1.123;1.912;1.057;177;760;229;60,7;9;51,7;39,3;39;0,3;0
1305;Municipio;BENI;Marbán;San Andrés;Rural;8.530;9.487;6.129;7.671;5.113;1.843;32,8;4,4;28,4;67,2;55,4;11,3;0,5
1306;Provincia;BENI;Mamoré;;Mamoré;4.736;9.897;4.001;3.656;3.836;1.068;62,4;14,2;48,2;37,6;34,7;2,9;0
1307;Provincia;BENI;Mamoré;;Urbana;2.521;6.489;1.974;901;2.012;576;74,4;18,5;55,8;25,6;25,1;0,5;0
1308;Provincia;BENI;Mamoré;;Rural;2.215;3.408;2.027;2.755;1.824;492;40,2;6,1;34,1;59,8;52,5;7,3;0,1
1309;Municipio;BENI;Mamoré;San Joaquín;San Joaquín;2.151;5.085;1.999;1.564;2.002;455;63,9;14,3;49,6;36,1;33,5;2,7;0
1310;Municipio;BENI;Mamoré;San Joaquín;Urbana;1.120;3.524;1.151;378;1.089;246;76,7;18,3;58,4;23,3;22,9;0,5;0
1311;Municipio;BENI;Mamoré;San Joaquín;Rural;1.031;1.561;848;1.186;913;209;33,8;4,8;29;66,2;58,4;7,8;0
1312;Municipio;BENI;Mamoré;San Ramón;San Ramón;2.129;3.944;1.609;1.734;1.479;549;62;15;46,9;38;34,8;3,2;0,1
1313;Municipio;BENI;Mamoré;San Ramón;Urbana;1.401;2.965;823;523;923;330;71,7;18,8;52,9;28,3;27,7;0,6;0
1314;Municipio;BENI;Mamoré;San Ramón;Rural;728;979;786;1.211;556;219;36,9;5,3;31,6;63,1;53,1;9,8;0,2
1315;Municipio;BENI;Mamoré;Puerto Siles;Puerto Siles;456;868;393;358;355;64;55,6;9,3;46,3;44,4;41,6;2,8;0
1316;Municipio;BENI;Mamoré;Puerto Siles;Urbana;0;0;0;0;0;0;0;0;0;0;0;0;0
1317;Municipio;BENI;Mamoré;Puerto Siles;Rural;456;868;393;358;355;64;55,6;9,3;46,3;44,4;41,6;2,8;0
1318;Provincia;BENI;Iténez;;Iténez;10.599;18.570;12.330;9.309;6.545;2.041;53;9,5;43,5;47;43,6;3,4;0
1319;Provincia;BENI;Iténez;;Urbana;5.160;10.701;6.268;3.240;2.752;870;64,2;13;51,2;35,8;35;0,8;0
1320;Provincia;BENI;Iténez;;Rural;5.439;7.869;6.062;6.069;3.793;1.171;37,5;4,5;33;62,5;55,4;7;0,1
1321;Municipio;BENI;Iténez;Magdalena;Magdalena;5.315;9.728;6.425;4.109;2.763;976;56,5;11;45,5;43,5;41,9;1,6;0
1322;Municipio;BENI;Iténez;Magdalena;Urbana;3.791;7.592;4.557;2.175;1.867;685;61,9;13,3;48,6;38,1;37,2;1;0
1323;Municipio;BENI;Iténez;Magdalena;Rural;1.524;2.136;1.868;1.934;896;291;37,6;3,2;34,4;62,4;58,8;3,6;0
1324;Municipio;BENI;Iténez;Baures;Baures;3.442;5.197;4.088;3.389;2.372;716;46,5;7,3;39,2;53,5;45,7;7,7;0,1
1325;Municipio;BENI;Iténez;Baures;Urbana;807;1.446;882;494;404;49;70,7;12,2;58,4;29,3;29,2;0,1;0
1326;Municipio;BENI;Iténez;Baures;Rural;2.635;3.751;3.206;2.895;1.968;667;36,3;5,2;31,2;63,7;52,7;10,9;0,1
1327;Municipio;BENI;Iténez;Huacaraje;Huacaraje;1.842;3.645;1.817;1.811;1.410;349;53,8;8,6;45,1;46,2;44,6;1,6;0
1328;Municipio;BENI;Iténez;Huacaraje;Urbana;562;1.663;829;571;481;136;68,1;12,9;55,2;31,9;31,3;0,6;0
1329;Municipio;BENI;Iténez;Huacaraje;Rural;1.280;1.982;988;1.240;929;213;39,9;4,5;35,4;60,1;57,5;2,6;0
1330;Provincia;BENI;Territorio Indígena Multiétnico;;Territorio Indígena Multiétnico;3.285;3.315;2.007;3.501;2.118;860;22,1;2,5;19,6;77,9;56,9;17,8;3,2
1331;Provincia;BENI;Territorio Indígena Multiétnico;;Urbana;0;0;0;0;0;0;0;0;0;0;0;0;0
1332;Provincia;BENI;Territorio Indígena Multiétnico;;Rural;3.285;3.315;2.007;3.501;2.118;860;22,1;2,5;19,6;77,9;56,9;17,8;3,2
1333;Municipio;BENI;Territorio Indígena Multiétnico;TIOC-Territorio Indígena Multiétnico;TIOC-Territorio Indígena Multiétnico;3.285;3.315;2.007;3.501;2.118;860;22,1;2,5;19,6;77,9;56,9;17,8;3,2
1334;Municipio;BENI;Territorio Indígena Multiétnico;TIOC-Territorio Indígena Multiétnico;Urbana;0;0;0;0;0;0;0;0;0;0;0;0;0
1335;Municipio;BENI;Territorio Indígena Multiétnico;TIOC-Territorio Indígena Multiétnico;Rural;3.285;3.315;2.007;3.501;2.118;860;22,1;2,5;19,6;77,9;56,9;17,8;3,2
1336;Departamento;PANDO;;;PANDO;36.458;101.235;65.864;33.411;32.087;10.708;59,2;17,9;41,2;40,8;38,3;2,5;0
1337;Departamento;PANDO;;;Urbana;8.393;50.515;22.131;3.067;11.488;5.379;80,7;30,6;50,1;19,3;18,7;0,6;0
1338;Departamento;PANDO;;;Rural;28.065;50.720;43.733;30.344;20.599;5.329;35,1;3,8;31,3;64,9;60,1;4,7;0,1
1339;Provincia;PANDO;Nicolás Suárez;;Nicolás Suárez;5.382;49.802;20.425;5.033;12.181;5.514;81,9;30,9;51;18,1;17,6;0,6;0
1340;Provincia;PANDO;Nicolás Suárez;;Urbana;4.653;42.931;15.446;1.643;8.800;4.697;85,6;34,1;51,6;14,4;14;0,3;0
1341;Provincia;PANDO;Nicolás Suárez;;Rural;729;6.871;4.979;3.390;3.381;817;58;10,8;47,2;42;39,9;2,1;0
1342;Municipio;PANDO;Nicolás Suárez;Cobija;Cobija;4.011;38.656;13.966;1.626;7.576;4.459;85,6;36,2;49,4;14,4;14,1;0,3;0
1343;Municipio;PANDO;Nicolás Suárez;Cobija;Urbana;3.892;37.512;13.271;1.178;7.059;4.360;86,1;36,8;49,2;13,9;13,7;0,3;0
1344;Municipio;PANDO;Nicolás Suárez;Cobija;Rural;119;1.144;695;448;517;99;70,3;16,3;53,9;29,7;28,5;1,2;0
1345;Municipio;PANDO;Nicolás Suárez;Porvenir;Porvenir;961;7.016;3.186;1.173;2.470;514;76,3;12,5;63,7;23,7;22,5;1,2;0
1346;Municipio;PANDO;Nicolás Suárez;Porvenir;Urbana;761;5.419;2.175;465;1.741;337;82,6;13,9;68,8;17,4;16,7;0,7;0
1347;Municipio;PANDO;Nicolás Suárez;Porvenir;Rural;200;1.597;1.011;708;729;177;52,3;7,4;44,9;47,7;44,3;3,5;0
1348;Municipio;PANDO;Nicolás Suárez;Bolpebra;Bolpebra;121;1.739;1.515;1.133;851;218;50,9;7,9;43;49,1;48,1;1;0
1349;Municipio;PANDO;Nicolás Suárez;Bolpebra;Urbana;0;0;0;0;0;0;0;0;0;0;0;0;0
1350;Municipio;PANDO;Nicolás Suárez;Bolpebra;Rural;121;1.739;1.515;1.133;851;218;50,9;7,9;43;49,1;48,1;1;0
1351;Municipio;PANDO;Nicolás Suárez;Bella Flor;Bella Flor;289;2.391;1.758;1.101;1.284;323;60,4;12,2;48,3;39,6;37,1;2,4;0
1352;Municipio;PANDO;Nicolás Suárez;Bella Flor;Urbana;0;0;0;0;0;0;0;0;0;0;0;0;0
1353;Municipio;PANDO;Nicolás Suárez;Bella Flor;Rural;289;2.391;1.758;1.101;1.284;323;60,4;12,2;48,3;39,6;37,1;2,4;0
1354;Provincia;PANDO;Manuripi;;Manuripi;6.846;14.605;11.655;7.102;6.325;1.808;44,9;5,9;38,9;55,1;50,3;4,8;0,1
1355;Provincia;PANDO;Manuripi;;Urbana;720;2.423;1.643;241;804;189;71,2;17,3;53,9;28,8;28,3;0,5;0
1356;Provincia;PANDO;Manuripi;;Rural;6.126;12.182;10.012;6.861;5.521;1.619;39,2;3,5;35,7;60,8;55;5,7;0,1
1357;Municipio;PANDO;Manuripi;Puerto Rico;Puerto Rico;2.857;5.483;3.809;1.812;2.238;577;51,9;9,5;42,4;48,1;44,7;3,3;0,1
1358;Municipio;PANDO;Manuripi;Puerto Rico;Urbana;720;2.423;1.643;241;804;189;71,2;17,3;53,9;28,8;28,3;0,5;0
1359;Municipio;PANDO;Manuripi;Puerto Rico;Rural;2.137;3.060;2.166;1.571;1.434;388;35,3;2,7;32,6;64,7;58,8;5,8;0,1
1360;Municipio;PANDO;Manuripi;San Pedro;San Pedro;2.710;2.801;3.005;2.787;1.095;572;5,4;0,2;5,2;94,6;81,3;13,2;0,1
1361;Municipio;PANDO;Manuripi;San Pedro;Urbana;0;0;0;0;0;0;0;0;0;0;0;0;0
1362;Municipio;PANDO;Manuripi;San Pedro;Rural;2.710;2.801;3.005;2.787;1.095;572;5,4;0,2;5,2;94,6;81,3;13,2;0,1
1363;Municipio;PANDO;Manuripi;Filadelfia;Filadelfia;1.279;6.321;4.841;2.503;2.992;659;54,3;5,2;49,2;45,7;42,9;2,7;0
1364;Municipio;PANDO;Manuripi;Filadelfia;Urbana;0;0;0;0;0;0;0;0;0;0;0;0;0
1365;Municipio;PANDO;Manuripi;Filadelfia;Rural;1.279;6.321;4.841;2.503;2.992;659;54,3;5,2;49,2;45,7;42,9;2,7;0
1366;Provincia;PANDO;Madre de Dios;;Madre de Dios;18.436;27.320;24.698;15.458;9.348;2.449;28,7;2,4;26,3;71,3;66,3;4,9;0
1367;Provincia;PANDO;Madre de Dios;;Urbana;3.020;5.161;5.042;1.183;1.884;493;39,7;5,2;34,5;60,3;57;3,3;0
1368;Provincia;PANDO;Madre de Dios;;Rural;15.416;22.159;19.656;14.275;7.464;1.956;25,9;1,7;24,2;74,1;68,7;5,3;0,1
1369;Municipio;PANDO;Madre de Dios;Puerto Gonzalo Moreno;Puerto Gonzalo Moreno;6.401;10.658;9.362;6.112;3.112;483;25,7;1,3;24,4;74,3;68,8;5,5;0
1370;Municipio;PANDO;Madre de Dios;Puerto Gonzalo Moreno;Urbana;886;1.691;1.749;628;536;43;27,1;1,7;25,4;72,9;65,8;7,1;0
1371;Municipio;PANDO;Madre de Dios;Puerto Gonzalo Moreno;Rural;5.515;8.967;7.613;5.484;2.576;440;25,4;1,2;24,2;74,6;69,4;5,2;0
1372;Municipio;PANDO;Madre de Dios;San Lorenzo;San Lorenzo;5.499;8.579;6.983;4.459;2.655;624;33,4;2,3;31,1;66,6;64,7;2;0
1373;Municipio;PANDO;Madre de Dios;San Lorenzo;Urbana;0;0;0;0;0;0;0;0;0;0;0;0;0
1374;Municipio;PANDO;Madre de Dios;San Lorenzo;Rural;5.499;8.579;6.983;4.459;2.655;624;33,4;2,3;31,1;66,6;64,7;2;0
1375;Municipio;PANDO;Madre de Dios;Sena;Sena;6.536;8.083;8.353;4.887;3.581;1.342;27,7;3,9;23,8;72,3;65,1;7,1;0,1
1376;Municipio;PANDO;Madre de Dios;Sena;Urbana;2.134;3.470;3.293;555;1.348;450;45,2;6,7;38,5;54,8;53,2;1,6;0
1377;Municipio;PANDO;Madre de Dios;Sena;Rural;4.402;4.613;5.060;4.332;2.233;892;14,4;1,7;12,7;85,6;74,2;11,2;0,2
1378;Provincia;PANDO;Abuná;;Abuná;2.225;4.459;4.091;2.309;2.106;533;36,8;3,9;32,9;63,2;58,1;5;0,1
1379;Provincia;PANDO;Abuná;;Urbana;0;0;0;0;0;0;0;0;0;0;0;0;0
1380;Provincia;PANDO;Abuná;;Rural;2.225;4.459;4.091;2.309;2.106;533;36,8;3,9;32,9;63,2;58,1;5;0,1
1381;Municipio;PANDO;Abuná;Santa Rosa;Santa Rosa;795;2.300;1.821;800;1.052;130;48,5;5,7;42,8;51,5;50,1;1,4;0
1382;Municipio;PANDO;Abuná;Santa Rosa;Urbana;0;0;0;0;0;0;0;0;0;0;0;0;0
1383;Municipio;PANDO;Abuná;Santa Rosa;Rural;795;2.300;1.821;800;1.052;130;48,5;5,7;42,8;51,5;50,1;1,4;0
1384;Municipio;PANDO;Abuná;Ingavi;Ingavi;1.430;2.159;2.270;1.509;1.054;403;23,9;1,8;22,1;76,1;66,8;9;0,2
1385;Municipio;PANDO;Abuná;Ingavi;Urbana;0;0;0;0;0;0;0;0;0;0;0;0;0
1386;Municipio;PANDO;Abuná;Ingavi;Rural;1.430;2.159;2.270;1.509;1.054;403;23,9;1,8;22,1;76,1;66,8;9;0,2
1387;Provincia;PANDO;Federico Román;;Federico Román;3.569;5.049;4.995;3.509;2.127;404;27,2;2,9;24,2;72,8;69,5;3,3;0,1
1388;Provincia;PANDO;Federico Román;;Urbana;0;0;0;0;0;0;0;0;0;0;0;0;0
1389;Provincia;PANDO;Federico Román;;Rural;3.569;5.049;4.995;3.509;2.127;404;27,2;2,9;24,2;72,8;69,5;3,3;0,1
1390;Municipio;PANDO;Federico Román;Nueva Esperanza;Nueva Esperanza;701;1.168;1.179;767;522;131;37,3;5,5;31,8;62,7;60,3;2,2;0,1
1391;Municipio;PANDO;Federico Román;Nueva Esperanza;Urbana;0;0;0;0;0;0;0;0;0;0;0;0;0
1392;Municipio;PANDO;Federico Román;Nueva Esperanza;Rural;701;1.168;1.179;767;522;131;37,3;5,5;31,8;62,7;60,3;2,2;0,1
1393;Municipio;PANDO;Federico Román;Villa Nueva;Villa Nueva;1.435;2.022;2.122;1.458;787;113;25,9;2,2;23,7;74,1;72,3;1,8;0
1394;Municipio;PANDO;Federico Román;Villa Nueva;Urbana;0;0;0;0;0;0;0;0;0;0;0;0;0
1395;Municipio;PANDO;Federico Román;Villa Nueva;Rural;1.435;2.022;2.122;1.458;787;113;25,9;2,2;23,7;74,1;72,3;1,8;0
1396;Municipio;PANDO;Federico Román;Santos Mercado;Santos Mercado;1.433;1.859;1.694;1.284;818;160;21,3;1,9;19,3;78,7;73;5,6;0,1
1397;Municipio;PANDO;Federico Román;Santos Mercado;Urbana;0;0;0;0;0;0;0;0;0;0;0;0;0
1398;Municipio;PANDO;Federico Román;Santos Mercado;Rural;1.433;1.859;1.694;1.284;818;160;21,3;1,9;19,3;78,7;73;5,6;0,1
