DEPARTAMEN,PROVINCIA,MUNICIPIO,CAPITAL,F_LEY_PROV,LEY_MUN,F_LEY_MUN,X,Y,MUN_ALTERN,PIB_USD2017,POB_ESTIMADA,POP_WORLDPOP_PONDERADOR,CELDAS_INTERSECTADAS,PIBPC_USD2017,PIB_USD2017_RHZ_WORLDPOP,PIBPC_USD2017_RHZ_WORLDPOP,FACTOR_BENCHMARK_INE_2021,PART_INE_2021,POB_ESTIMADA_RHZ_WORLDPOP,POB_RETRO_2021,POB_2012_INE,POB_2024_CENSO,PIB_MUNICIPAL_BENCHMARK_USD2017_2021,PIBpc_RETRO_2021_USD2017,PIBpc_RETRO_2021_STATUS,PIBpc_RETRO_2021_FORMULA
Santa Cruz,Chiquitos,Roboré,Roboré,1880-10-12,CSL,1947-11-26,-59.6118829434,-18.2154045302,Roboré,104679400.73455828,37721.79426119848,21663.40825584956,18,2775.037688019892,101026788.06413876,2678.207387607149,1.0361548925825552,0.3110055708407956,37721.79426119848,17928.453863,15641,18763,104679400.73455828,5838.7299615768425,ok,PIB_MUNICIPAL_BENCHMARK_USD2017_2021 / POB_RETRO_2021
Santa Cruz,Cordillera,Charagua,Charagua,1894-09-06,CSL,1894-09-06,-61.6112030896,-19.0918298979,Charagua,241249057.32119584,75607.38906403031,44595.052507715765,126,3190.8132301313444,232831074.82115605,3079.47513733051,1.0361548925825552,0.3110055708407956,75607.38906403031,36756.552602,32186,38420,241249057.32119584,6563.429925946351,ok,PIB_MUNICIPAL_BENCHMARK_USD2017_2021 / POB_RETRO_2021
Santa Cruz,Cordillera,Gutiérrez,Gutiérrez,1894-09-06,CSL,1940-11-06,-63.5038259691,-19.3944339098,Gutiérrez,18970666.44616128,7390.608063122125,10225.231708571802,11,2566.8613846297267,18308716.75843561,2477.295048264431,1.0361548925825552,0.3110055708407956,7390.608063122125,13828.040505,12273,14389,18970666.44616128,1371.8983857201233,ok,PIB_MUNICIPAL_BENCHMARK_USD2017_2021 / POB_RETRO_2021
Santa Cruz,Cordillera,Camiri,Camiri,1894-09-06,CSL,1940-11-06,-63.4880061739,-20.0349026325,Camiri,48009839.62570449,15361.817103072946,28370.41362529293,4,3125.2708780200683,46334616.54178246,3016.219776012942,1.0361548925825552,0.3110055708407956,15361.817103072946,32666.436772,33838,32285,48009839.62570449,1469.6993112672333,ok,PIB_MUNICIPAL_BENCHMARK_USD2017_2021 / POB_RETRO_2021
Santa Cruz,Chiquitos,San José,San José,1880-10-12,CSL,1880-10-12,-60.4248016976,-17.7022304912,San Jose de Chiquitos,128035987.84476145,49613.39496001918,40387.25208066535,39,2580.673786745271,123568386.11806317,2490.625489701731,1.0361548925825552,0.3110055708407956,49613.39496001918,37556.780227,28922,40974,128035987.84476145,3409.1311095281994,ok,PIB_MUNICIPAL_BENCHMARK_USD2017_2021 / POB_RETRO_2021
Santa Cruz,Andrés Ibáñez,Santa Cruz de la Sierra,Santa Cruz de la Sierra,1944-12-06,1669,1995-10-31,-62.9981240725,-17.8070610996,Santa Cruz de la Sierra,7304597860.954088,1908143.4147338087,2034579.3426365133,6,3828.117847197088,7049716131.4828205,3694.542075322088,1.0361548925825552,0.3110055708407956,1908143.4147338087,1567623.499271,1444425,1610982,7304597860.954088,4659.663410475066,ok,PIB_MUNICIPAL_BENCHMARK_USD2017_2021 / POB_RETRO_2021
Santa Cruz,Chiquitos,Pailón,Pailón,1880-10-12,1518,1993-11-24,-61.9213221678,-17.7571427945,Pailón,83588901.42193899,24274.07646031054,53483.4719151717,32,3443.546103952151,80672206.46287599,3323.3893200748344,1.0361548925825552,0.3110055708407956,24274.07646031054,49754.21177,37866,54495,83588901.42193899,1680.0366933446783,ok,PIB_MUNICIPAL_BENCHMARK_USD2017_2021 / POB_RETRO_2021
Potosí,Chayanta,Colquechaca,Colquechaca,1880-09-03,ML,1882-11-30,-66.0135409815,-18.8080739463,Colquechaca,87303821.58436093,39594.27621853939,28307.16512805688,9,2204.9606640740235,84726932.5035822,2139.878300488043,1.0304140490471525,0.0627775447835225,39594.27621853939,36817.963877,35199,37374,87303821.58436093,2371.2289434541885,ok,PIB_MUNICIPAL_BENCHMARK_USD2017_2021 / POB_RETRO_2021
Potosí,Chayanta,Pocoata,Pocoata,1880-09-03,CSL,1880-09-03,-66.1557315121,-18.6393723233,Pocoata,53319153.77963285,25452.71606181016,21539.50014938752,6,2094.8315947952656,51745367.63055423,2032.9998380092004,1.0304140490471525,0.0627775447835225,25452.71606181016,30933.944811,26330,32641,53319153.77963285,1723.6454679393132,ok,PIB_MUNICIPAL_BENCHMARK_USD2017_2021 / POB_RETRO_2021
Potosí,Daniel Campos,Llica,Llica,1949-12-26,CSL,1924-09-20,-68.4115663272,-20.0498265126,Llica,10529716.467252906,4141.209088309219,7621.667299746565,17,2542.667187942447,10218917.800072676,2467.616964552948,1.0304140490471525,0.0627775447835225,4141.209088309219,4177.719188,4150,4187,10529716.467252906,2520.4462035705833,ok,PIB_MUNICIPAL_BENCHMARK_USD2017_2021 / POB_RETRO_2021
Cochabamba,Quillacollo,Quillacollo,Quillacollo,1905-09-14,ML,1905-09-14,-66.3292151638,-17.2112538514,Quillacollo,404292893.8875956,147691.178099336,146517.3094334459,4,2737.4207389399467,469963600.09486616,3182.06954635281,0.860264271117988,0.1718551800718803,147691.178099336,158802.042462,137182,166741,404292893.8875956,2545.8922795930966,ok,PIB_MUNICIPAL_BENCHMARK_USD2017_2021 / POB_RETRO_2021
Cochabamba,Chapare,Sacaba,Sacaba,1854-06-10,MDS,1855-10-09,-66.0304329847,-17.3316334267,Sacaba,770195184.3953326,211004.4775303943,185100.54683789387,6,3650.13668624349,895300677.0749612,4243.04113141863,0.860264271117988,0.1718551800718803,211004.4775303943,206369.619121,172466,219092,770195184.3953326,3732.115161496822,ok,PIB_MUNICIPAL_BENCHMARK_USD2017_2021 / POB_RETRO_2021
Cochabamba,Quillacollo,Tiquipaya,Tiquipaya,1905-09-14,ML,1957-09-23,-66.2020267998,-17.1885965246,Tiquipaya,266805201.3052588,69788.98488332331,60054.21230072228,4,3823.0273982537065,310143301.61419153,4444.015085370628,0.860264271117988,0.1718551800718803,69788.98488332331,59752.675908,53904,61840,266805201.3052588,4465.159045215903,ok,PIB_MUNICIPAL_BENCHMARK_USD2017_2021 / POB_RETRO_2021
Cochabamba,Quillacollo,Colcapirhua,Colcapirhua,1905-09-14,ML,1987-03-18,-66.2325649728,-17.3904980751,Colcapirhua,236618861.51994443,60699.29046242052,53537.472457742726,2,3898.21462025882,275053689.27206254,4531.415230337013,0.860264271117988,0.1718551800718803,60699.29046242052,62534.643408,51990,66505,236618861.51994443,3783.804442233257,ok,PIB_MUNICIPAL_BENCHMARK_USD2017_2021 / POB_RETRO_2021
Cochabamba,Quillacollo,Sipe Sipe,Sipesipe,1905-09-14,ML,1905-09-14,-66.3916973204,-17.5028771621,Sipe Sipe,117092718.09361576,43111.05112584412,42138.32562210657,3,2716.0719823744053,136112497.08353415,3157.2530367263007,0.860264271117988,0.1718551800718803,43111.05112584412,51916.22253,41571,55908,117092718.09361576,2255.416753905632,ok,PIB_MUNICIPAL_BENCHMARK_USD2017_2021 / POB_RETRO_2021
Cochabamba,Quillacollo,Vinto,Vinto,1905-09-14,ML,1960-12-10,-66.374089284,-17.3421997647,Vinto,146294478.74020344,54181.345931395546,54152.37511802266,1,2700.089416852833,170057601.66010508,3138.6743672892903,0.860264271117988,0.1718551800718803,54181.345931395546,55010.686019,51968,56064,146294478.74020344,2659.382918600488,ok,PIB_MUNICIPAL_BENCHMARK_USD2017_2021 / POB_RETRO_2021
Cochabamba,Esteban Arze,Tarata,Tarata,1950-11-10,ML,1914-11-24,-66.0653599105,-17.6918290586,Tarata,25540686.681105096,8333.225527973373,8816.059190314394,3,3064.9220515356137,29689349.58546257,3562.768040514436,0.860264271117988,0.1718551800718803,8333.225527973373,10424.08113,8242,11273,25540686.681105096,2450.161924396028,ok,PIB_MUNICIPAL_BENCHMARK_USD2017_2021 / POB_RETRO_2021
Cochabamba,Carrasco,Totora,Totora,1926-09-14,MDS,1876-06-24,-65.1443281518,-17.5863350567,Totora,57414093.96540805,30268.58966703473,15217.44705023639,10,1896.820915575636,66740065.690271504,2204.9281590069445,0.860264271117988,0.1718551800718803,30268.58966703473,6341.321583,5531,6637,57414093.96540805,9053.963469564313,ok,PIB_MUNICIPAL_BENCHMARK_USD2017_2021 / POB_RETRO_2021
Santa Cruz,Ichilo,Buena Vista,Buena Vista,1926-04-08,CSL,1926-05-03,-63.755955197,-17.6977582315,Buena Vista,42155654.66542448,18152.94522666135,18006.00871155718,11,2322.248766746136,40684703.577815466,2241.2177787030155,1.0361548925825552,0.3110055708407956,18152.94522666135,13453.766496,12879,13651,42155654.66542448,3133.3719577390084,ok,PIB_MUNICIPAL_BENCHMARK_USD2017_2021 / POB_RETRO_2021
Santa Cruz,Ichilo,San Carlos,San Carlos,1926-04-08,CSL,1991-11-11,-63.7536020036,-17.2907266939,San Carlos,62563408.97794844,27615.27275947028,27561.02530481982,8,2265.5365211445605,60380363.42424907,2186.484412091945,1.0361548925825552,0.3110055708407956,27615.27275947028,19223.416264,20093,18942,62563408.97794844,3254.541654706803,ok,PIB_MUNICIPAL_BENCHMARK_USD2017_2021 / POB_RETRO_2021
Beni,Iténez,Magdalena,Magdalena,1995-10-31,CSDS,1856-07-09,-63.6875290685,-12.9948015999,Magdalena,33691649.56458154,14196.932950399036,22621.008523427205,29,2373.1639560666213,33707123.07313917,2374.2538751788466,0.9995409424730776,0.0355050251817614,14196.932950399036,12417.451969,11377,12785,33691649.56458154,2713.249839815314,ok,PIB_MUNICIPAL_BENCHMARK_USD2017_2021 / POB_RETRO_2021
Santa Cruz,Sara,Portachuelo,Portachuelo,1883-09-25,CSL,1883-09-25,-63.4485751723,-17.3568644758,Portachuelo,65767498.04067281,25707.571530921632,24818.08907906477,6,2558.292912326091,63472651.15619073,2469.0255584758143,1.0361548925825552,0.3110055708407956,25707.571530921632,19988.30242,17885,20743,65767498.04067281,3290.299328997771,ok,PIB_MUNICIPAL_BENCHMARK_USD2017_2021 / POB_RETRO_2021
Potosí,Sur Lipez,San Antonio de Esmoruco,San Antonio de Esmoruco,1885-12-04,639,1984-09-20,-66.6344764147,-22.0841476347,San Antonio de Esmoruco,2726490.699572779,870.7453634913206,4456.415686350432,9,3131.214720042498,2646014.679335969,3038.792728940375,1.0304140490471525,0.0627775447835225,870.7453634913206,2017.683487,2284,1936,2726490.699572779,1351.2975238854124,ok,PIB_MUNICIPAL_BENCHMARK_USD2017_2021 / POB_RETRO_2021
Tarija,Avilés,Uriondo,Concepción,1957-12-26,CSDS,1945-10-25,-64.7084717376,-21.7429947196,Uriondo,76308392.58542399,19668.273410058297,16729.259282441235,6,3879.7707858992894,52648697.35360342,2676.833713663907,1.4493880460691253,0.0641616532053175,19668.273410058297,15629.483473,14781,15923,76308392.58542399,4882.336176935414,ok,PIB_MUNICIPAL_BENCHMARK_USD2017_2021 / POB_RETRO_2021
Potosí,Sur Lipez,Mojinete,Mojinete,1885-12-04,1275,1991-10-10,-66.3510609938,-21.8140904551,Mojinete,3001273.8863061965,1009.3472475977048,2111.3700081825955,4,2973.4800322182214,2912687.2727342406,2885.713791429637,1.0304140490471525,0.0627775447835225,1009.3472475977048,1061.728318,1180,1025,3001273.8863061965,2826.7814234927605,ok,PIB_MUNICIPAL_BENCHMARK_USD2017_2021 / POB_RETRO_2021
Tarija,Gran Chaco,Yacuiba,Yacuiba,1876-08-12,CSL,1957-02-25,-63.2849222463,-21.794026483,Yacuiba,499841404.92857325,97264.72267270045,102279.29890816596,10,5138.979387321741,344863755.6272038,3545.620098950816,1.4493880460691253,0.0641616532053175,97264.72267270045,96257.930568,92245,97634,499841404.92857325,5192.729596187854,ok,PIB_MUNICIPAL_BENCHMARK_USD2017_2021 / POB_RETRO_2021
Tarija,Avilés,Yunchará,Yunchará,1957-12-26,CSL,1957-12-26,-65.1628324837,-21.790291271,Yunchará,33842692.357155345,11297.560957963746,6441.473208751966,8,2995.5751053770014,23349642.250010177,2066.7861263940176,1.4493880460691253,0.0641616532053175,11297.560957963746,4928.190295,5490,4754,33842692.357155345,6867.164279368678,ok,PIB_MUNICIPAL_BENCHMARK_USD2017_2021 / POB_RETRO_2021
Tarija,Gran Chaco,Caraparí,Caraparí,1876-08-12,ML,1880-10-19,-63.8989283738,-21.8159613922,Caraparí,24510095.139744222,5463.413785072558,16919.753724958355,13,4486.223468321595,16910650.813091688,3095.2535316464414,1.4493880460691253,0.0641616532053175,5463.413785072558,15510.52392,15366,15559,24510095.139744222,1580.2235479769356,ok,PIB_MUNICIPAL_BENCHMARK_USD2017_2021 / POB_RETRO_2021
Tarija,Méndez,San Lorenzo,Villa San Lorenzo,1880-10-19,CSL,1880-10-19,-64.6952451869,-21.2341634422,Villa San Lorenzo,75156933.68266019,20477.85944314854,27470.589301733235,9,3670.155754868516,51854252.48020553,2532.210586959316,1.4493880460691253,0.0641616532053175,20477.85944314854,28576.389084,23863,30346,75156933.68266019,2630.036057405492,ok,PIB_MUNICIPAL_BENCHMARK_USD2017_2021 / POB_RETRO_2021
Tarija,Méndez,El Puente,El Puente,1880-10-19,CSL,1947-05-12,-65.0494109735,-21.2784640146,Tomayapo (El Puente),61207156.17792948,15523.939885772144,13005.720365607354,8,3942.759159614274,42229654.33165325,2720.292312543492,1.4493880460691253,0.0641616532053175,15523.939885772144,9951.01912,11354,9523,61207156.17792948,6150.842987715212,ok,PIB_MUNICIPAL_BENCHMARK_USD2017_2021 / POB_RETRO_2021
Potosí,Enrique Baldivieso,San Agustín,San Agustín,1985-02-06,707,1985-02-06,-67.4139586623,-21.4952964406,San Agustín,5762994.141848233,1996.2512000640363,3355.512074323284,9,2886.9082917337087,5592891.660568298,2801.697331672932,1.0304140490471525,0.0627775447835225,1996.2512000640363,2005.663019,1684,2126,5762994.141848233,2873.3611215917895,ok,PIB_MUNICIPAL_BENCHMARK_USD2017_2021 / POB_RETRO_2021
Tarija,Cercado,Tarija,Tarija,1880-10-19,CSL,1880-10-19,-64.5939866409,-21.5595060021,Tarija,1066260706.9199344,257498.1940327068,225689.8192390361,10,4140.847320989367,735662688.6855677,2856.962517539543,1.4493880460691253,0.0641616532053175,257498.1940327068,229928.637087,205375,238749,1066260706.9199344,4637.354965567208,ok,PIB_MUNICIPAL_BENCHMARK_USD2017_2021 / POB_RETRO_2021
Potosí,Chárcas,Toro Toro,Toro Toro,1880-09-03,CSL,1883-11-21,-65.7008566699,-18.2095446631,Toro Toro,25307177.84081357,13525.389362915948,11301.483508565403,6,1871.0868250640567,24560202.63331589,1815.8591944609973,1.0304140490471525,0.0627775447835225,13525.389362915948,10752.788845,10870,10714,25307177.84081357,2353.545503908641,ok,PIB_MUNICIPAL_BENCHMARK_USD2017_2021 / POB_RETRO_2021
Potosí,Chárcas,San Pedro,San Pedro,1880-09-03,CSL,1880-09-03,-65.9682190293,-18.3406283882,San Pedro de Buena Vista,54680477.16777571,26400.653711701736,31358.357372779225,10,2071.178909616898,53066509.73784762,2010.0452934741763,1.0304140490471525,0.0627775447835225,26400.653711701736,16130.295758,19103,15246,54680477.16777571,3389.924027919867,ok,PIB_MUNICIPAL_BENCHMARK_USD2017_2021 / POB_RETRO_2021
Chuquisaca,Oropeza,Poroma,Poroma,1912-11-18,ML,1912-11-18,-65.3851521997,-18.6217942288,Poroma,34766136.969633035,13927.070947490516,13851.374212746974,7,2496.299264986329,31818525.76854498,2284.653096728733,1.092638207770204,0.0450991724414834,13927.070947490516,14318.811586,16532,13649,34766136.969633035,2428.0043605331366,ok,PIB_MUNICIPAL_BENCHMARK_USD2017_2021 / POB_RETRO_2021
Potosí,Chayanta,Ravelo,Ravelo,1880-09-03,CSL,1913-11-14,-65.5633725064,-18.7526965756,Ravelo,32844125.481397644,14681.346199720874,19214.60427151881,6,2237.1330962839147,31874687.18207924,2171.101120324051,1.0304140490471525,0.0627775447835225,14681.346199720874,17895.299288,21213,16909,32844125.481397644,1835.3493257166226,ok,PIB_MUNICIPAL_BENCHMARK_USD2017_2021 / POB_RETRO_2021
Potosí,Chayanta,Ocurí,Ocurí,1880-09-03,257,1963-11-16,-65.7684325587,-18.8898291284,Ocurí,42855376.94044768,22490.79534602676,28471.20436879772,6,1905.462936330464,41590443.16221914,1849.2206488182976,1.0304140490471525,0.0627775447835225,22490.79534602676,14913.233912,16118,14532,42855376.94044768,2873.647472719658,ok,PIB_MUNICIPAL_BENCHMARK_USD2017_2021 / POB_RETRO_2021
Potosí,Daniel Campos,Tahua,Tahua,1949-12-26,129,1961-12-13,-67.943750749,-20.2873876632,Tahua,7915259.948290615,3012.7545341019804,3530.008818771559,10,2627.250198679043,7681630.462637847,2549.703394580578,1.0304140490471525,0.0627775447835225,3012.7545341019804,1583.140093,1700,1546,7915259.948290615,4999.721745032202,ok,PIB_MUNICIPAL_BENCHMARK_USD2017_2021 / POB_RETRO_2021
Potosí,Sur Lipez,San Pablo,San Pablo de Lípez,1885-12-04,CSL,1885-12-04,-67.2322664177,-22.1753790097,San Pablo de Lipez,22547873.258326,7093.902345190024,6032.008067525458,35,3178.4865594625,21882342.61671464,3084.669276784142,1.0304140490471525,0.0627775447835225,7093.902345190024,3203.853162,3371,3150,22547873.258326,7037.736161875649,ok,PIB_MUNICIPAL_BENCHMARK_USD2017_2021 / POB_RETRO_2021
Cochabamba,Ayopaya,Morochata,Morochata,1826-02-15,ML,1911-01-24,-66.5707802928,-17.2029918222,Morochata,16286873.56408622,8274.195326993684,14054.733782400384,4,1968.393652848879,18932407.297259964,2288.1267058676985,0.860264271117988,0.1718551800718803,8274.195326993684,14213.724716,12797,14720,16286873.56408622,1145.8554242406221,ok,PIB_MUNICIPAL_BENCHMARK_USD2017_2021 / POB_RETRO_2021
Potosí,Antonio Quijarro,Tomave,Tomave,1967-01-27,323,1967-01-27,-66.3942821823,-20.1016061825,Tomave,52054597.15859894,22964.572826644835,28534.442194719013,21,2266.734833325624,50518136.08979324,2199.829122498597,1.0304140490471525,0.0627775447835225,22964.572826644835,13936.96124,14789,13664,52054597.15859894,3735.0033669784625,ok,PIB_MUNICIPAL_BENCHMARK_USD2017_2021 / POB_RETRO_2021
Potosí,Antonio Quijarro,Porco,Porco,1967-01-27,322,1967-01-27,-65.9841479693,-19.8079684669,Porco,13194876.683837272,4330.98367617551,20855.19670119137,4,3046.6235087473374,12805412.2476677,2956.6983404046364,1.0304140490471525,0.0627775447835225,4330.98367617551,13598.298353,10866,14654,13194876.683837272,970.3329299726527,ok,PIB_MUNICIPAL_BENCHMARK_USD2017_2021 / POB_RETRO_2021
Potosí,Tomás Frías,Yocalla,Villa de Yocalla,1993-11-10,266,1963-11-28,-65.9409900038,-19.4955687279,Yocalla,22705180.364755064,7573.495405318059,16418.5968558804,4,2997.9790241652004,22035006.59346703,2909.489662856888,1.0304140490471525,0.0627775447835225,7573.495405318059,11336.756485,8979,12253,22705180.364755064,2002.7933382351118,ok,PIB_MUNICIPAL_BENCHMARK_USD2017_2021 / POB_RETRO_2021
Potosí,Tomás Frías,Urmiri,Belén de Urmiri,1993-11-10,1512,1993-11-10,-66.1807398914,-19.4728148854,Belen de Urmiri,13301353.956104793,5903.389924476974,5132.773726539686,5,2253.172181792356,12908746.700809116,2186.666790768153,1.0304140490471525,0.0627775447835225,5903.389924476974,3026.274035,2759,3121,13301353.956104793,4395.290645882801,ok,PIB_MUNICIPAL_BENCHMARK_USD2017_2021 / POB_RETRO_2021
Oruro,Mejillones,Todos Santos,Todos Santos,1989-02-21,1464,1993-02-18,-68.7586127221,-19.0281324549,Todos Santos,3654121.999774625,1449.6727961766644,556.6749870171188,4,2520.652942796421,4030985.98972724,2780.61780586521,0.9065082362198644,0.0392454706498095,1449.6727961766644,1018.737379,727,1140,3654121.999774625,3586.9126590906517,ok,PIB_MUNICIPAL_BENCHMARK_USD2017_2021 / POB_RETRO_2021
Santa Cruz,Ñuflo De Chávez,Concepción,Concepción,1915-09-16,CSL,1915-09-16,-62.1121246378,-15.2984533371,Concepción,92738797.89527862,37716.03477804306,26102.77997061108,63,2458.8692433083625,89502832.59690316,2373.0711121575414,1.0361548925825552,0.3110055708407956,37716.03477804306,26770.658809,18800,30118,92738797.89527862,3464.195579068662,ok,PIB_MUNICIPAL_BENCHMARK_USD2017_2021 / POB_RETRO_2021
Santa Cruz,Sara,Santa Rosa,Santa Rosa,1883-09-25,CSL,1926-05-03,-63.8386898293,-16.6592552289,Santa Rosa del Sara,60699202.09892858,23060.05893244441,20249.262026730503,18,2632.2223319875247,58581204.92742102,2540.3753346440944,1.0361548925825552,0.3110055708407956,23060.05893244441,18296.0644,19217,17999,60699202.09892858,3317.609775158591,ok,PIB_MUNICIPAL_BENCHMARK_USD2017_2021 / POB_RETRO_2021
Beni,Iténez,Huacaraje,Huacaraje,1995-10-31,1669,1995-10-31,-64.0627529978,-13.8239836757,Huacaraje,11883972.976400858,5280.105368813017,8117.050951051628,15,2250.707542048997,11889430.909150528,2251.741220805089,0.9995409424730776,0.0355050251817614,5280.105368813017,4494.409217,4111,4630,11883972.976400858,2644.167988195151,ok,PIB_MUNICIPAL_BENCHMARK_USD2017_2021 / POB_RETRO_2021
Potosí,José María Linares,Ckochas,Ckochas,2006-08-15,3462,2006-08-15,-65.0221106723,-19.7420817829,Ckochas,39625487.31584025,16334.592242448209,13206.385971037407,10,2425.86326782414,38455888.050519936,2354.2606683860645,1.0304140490471525,0.0627775447835225,16334.592242448209,14693.089819,15812,14338,39625487.31584025,2696.879131864044,ok,PIB_MUNICIPAL_BENCHMARK_USD2017_2021 / POB_RETRO_2021
Oruro,Sur Carangas,Santiago de Andamarca,Santiago de Andamarca,1980-03-31,1236,1991-02-13,-67.3810571756,-18.8925523702,Santiago de Andamarca,10999412.120694287,4819.6202512988975,4000.427763801177,9,2282.215516405037,12133824.802918272,2517.589388842032,0.9065082362198644,0.0392454706498095,4819.6202512988975,6017.388211,5216,6311,10999412.120694287,1827.9379252036063,ok,PIB_MUNICIPAL_BENCHMARK_USD2017_2021 / POB_RETRO_2021
Oruro,Mejillones,La Rivera,La Rivera,1989-02-21,413,1968-10-18,-68.6602032728,-19.0621533263,La Rivera,2241135.7429262786,831.7751635007869,392.580248686616,3,2694.4008925365783,2472272.8965726835,2972.2850657951203,0.9065082362198644,0.0392454706498095,831.7751635007869,1005.712763,509,1262,2241135.7429262786,2228.405390100194,ok,PIB_MUNICIPAL_BENCHMARK_USD2017_2021 / POB_RETRO_2021
Oruro,Mejillones,Carangas,Carangas,1989-02-21,1464,1993-02-18,-68.665416637,-18.9015713333,Carangas,2704006.511892877,1235.4140027807823,670.1741238938412,2,2188.745235043842,2982881.350497788,2414.4791493245552,0.9065082362198644,0.0392454706498095,1235.4140027807823,1048.552736,840,1129,2704006.511892877,2578.798774756832,ok,PIB_MUNICIPAL_BENCHMARK_USD2017_2021 / POB_RETRO_2021
Pando,Nicolás Suárez,Bolpebra,Bolpebra,1951-09-08,CSL,1938-09-24,-69.2256664515,-11.169684333,Bolpebra (Mukden),11093738.67667014,4184.264304249404,1355.7227377435463,8,2651.299695720392,10836007.307000829,2589.7043109815336,1.023784717227239,0.0112280921377746,4184.264304249404,2368.135665,2173,2437,11093738.67667014,4684.587475753156,ok,PIB_MUNICIPAL_BENCHMARK_USD2017_2021 / POB_RETRO_2021
Pando,Manuripi,Filadelfia,Filadelfia,1938-09-24,CSL,1938-09-24,-68.5320075511,-11.7561061655,Filadelfia,11833393.725460658,6038.864456806659,3629.7804264907454,28,1959.5395475589355,11558478.58083832,1914.015236392708,1.023784717227239,0.0112280921377746,6038.864456806659,7399.029053,5756,8045,11833393.725460658,1599.3171050144952,ok,PIB_MUNICIPAL_BENCHMARK_USD2017_2021 / POB_RETRO_2021
Oruro,Cercado,Oruro,Oruro,1868-10-07,1669,1995-10-31,-67.0914949032,-17.959984464,Oruro,957017726.239944,328543.900498723,201194.47093672253,2,2912.9066915782346,1055718732.607112,3213.326228259153,0.9065082362198644,0.0392454706498095,328543.900498723,289622.730754,264943,298350,957017726.239944,3304.359860666915,ok,PIB_MUNICIPAL_BENCHMARK_USD2017_2021 / POB_RETRO_2021
Oruro,Nor Carangas,Huayllamarca,Santiago de Huayllamarca,1990-09-26,1188,1990-09-26,-67.8201577086,-17.927490051,Santiago de Hayllamarca,10804427.176109854,5821.412948493593,4153.802642018594,7,1855.9802013196324,11918730.293245068,2047.3947474090933,0.9065082362198644,0.0392454706498095,5821.412948493593,5868.489943,5502,5996,10804427.176109854,1841.0915382527687,ok,PIB_MUNICIPAL_BENCHMARK_USD2017_2021 / POB_RETRO_2021
La Paz,Gualberto Villarroel,San Pedro de Curahuara,San Pedro de Curahuara,1962-12-31,235,1962-12-31,-67.966586437,-17.6335198375,San Pedro de Curahuara,18411825.7805611,10473.880104943017,7199.670420882161,5,1757.8801357361222,18746080.28550776,1789.7932855523884,0.9821693655497108,0.2591222906876548,10473.880104943017,9125.908491,8858,9217,18411825.7805611,2017.533465231252,ok,PIB_MUNICIPAL_BENCHMARK_USD2017_2021 / POB_RETRO_2021
Cochabamba,Capinota,Sicaya,Sicaya,1908-10-01,631,1984-08-31,-66.3415889589,-17.7912178084,Sicaya,8125337.145729522,2820.4956259369783,3751.4767605149536,2,2880.818913885129,9445164.025201166,3348.7603874809947,0.860264271117988,0.1718551800718803,2820.4956259369783,3918.593417,3740,3980,8125337.145729522,2073.5341180245027,ok,PIB_MUNICIPAL_BENCHMARK_USD2017_2021 / POB_RETRO_2021
Santa Cruz,Germán Busch,Puerto Quijarro,Puerto Quijarro,1984-11-30,1263,1991-09-30,-57.6849657212,-18.4262011227,Puerto Quijarro,70304806.78317973,11875.622848984896,23207.805288972595,11,5920.0942701872045,67851638.09625907,5713.522478701729,1.0361548925825552,0.3110055708407956,11875.622848984896,17635.825178,16659,17974,70304806.78317973,3986.476735467228,ok,PIB_MUNICIPAL_BENCHMARK_USD2017_2021 / POB_RETRO_2021
Cochabamba,Capinota,Capinota,Capinota,1908-10-01,ML,1908-10-01,-66.2267897493,-17.7775537755,Capinota,65552408.38541485,23134.4095062428,20491.8894558958,4,2833.545778107092,76200314.93371661,3293.8085112202243,0.860264271117988,0.1718551800718803,23134.4095062428,19439.487954,19477,19427,65552408.38541485,3372.1262896220164,ok,PIB_MUNICIPAL_BENCHMARK_USD2017_2021 / POB_RETRO_2021
Cochabamba,Arque,Arque,Villa de Arque,1908-10-01,ML,1908-10-01,-66.4168229234,-17.8257790506,Arque,24825421.12240268,9318.97529700446,11378.653038835691,4,2663.964688304592,28857900.9449502,3096.681772965578,0.860264271117988,0.1718551800718803,9318.97529700446,10623.239178,10597,10632,24825421.12240268,2336.897504385972,ok,PIB_MUNICIPAL_BENCHMARK_USD2017_2021 / POB_RETRO_2021
Oruro,Litoral,Yunguyo del Litoral,Yunguyo del Litoral,1960-09-06,350,1967-10-10,-68.3517137386,-18.8759101914,Yunguyo del Litoral,1982172.2009017847,530.2556530687224,391.38811019284185,1,3738.144401536235,2186601.424789514,4123.673952620973,0.9065082362198644,0.0392454706498095,530.2556530687224,766.031837,514,875,1982172.2009017847,2587.584622426929,ok,PIB_MUNICIPAL_BENCHMARK_USD2017_2021 / POB_RETRO_2021
Oruro,Litoral,Huachacalla,Huachacalla,1960-09-06,CSL,1950-11-11,-68.2750595839,-18.7943828339,Huachacalla,3769757.442326828,1008.4568805789312,744.3542193591711,2,3738.144401536236,4158547.3707847386,4123.673952620973,0.9065082362198644,0.0392454706498095,1008.4568805789312,2836.38206,1003,4011,3769757.442326828,1329.0725167605367,ok,PIB_MUNICIPAL_BENCHMARK_USD2017_2021 / POB_RETRO_2021
Oruro,Litoral,Esmeralda,Esmeralda,1960-09-06,453,1968-11-20,-68.0881688091,-18.9457113011,Esmeralda,8282857.794179285,2861.1998042019086,2023.42425366104,6,2894.889682997749,9137101.532269323,3193.45105464174,0.9065082362198644,0.0392454706498095,2861.1998042019086,3545.789784,2702,3882,8282857.794179285,2335.9697832471657,ok,PIB_MUNICIPAL_BENCHMARK_USD2017_2021 / POB_RETRO_2021
Oruro,Abaroa,Santuario de Quillacas,Santuario de Quillacas,1903-10-16,ML,1962-01-12,-66.8133310274,-19.3194127464,Santuario de Quillacas,11212443.016884403,6397.135896770258,3226.8460127793587,5,1752.7285957056602,12368826.41424224,1933.494397154659,0.9065082362198644,0.0392454706498095,6397.135896770258,4857.814816,4051,5161,11212443.016884403,2308.1248343021225,ok,PIB_MUNICIPAL_BENCHMARK_USD2017_2021 / POB_RETRO_2021
Oruro,Ladislao Cabrera,Pampa Aullagas,Pampa Aullagas,1941-10-13,534,1983-02-16,-67.1651475482,-19.2314827169,Pampa Aullagas,5255270.56230173,3134.76684019514,2260.9672651418805,5,1676.4470310572087,5797267.308034824,1849.345614385133,0.9065082362198644,0.0392454706498095,3134.76684019514,3139.465425,2973,3197,5255270.56230173,1673.9380280192433,ok,PIB_MUNICIPAL_BENCHMARK_USD2017_2021 / POB_RETRO_2021
Oruro,Sebastián Pagador,Santiago de Huari,Santiago de Huari,1984-04-01,625,1984-04-01,-66.5636782023,-19.164323072,Santiago de Huari,32038323.819245134,18121.79406874421,10663.504237174757,11,1767.9443711648637,35342562.305715844,1950.2794354491296,0.9065082362198644,0.0392454706498095,18121.79406874421,13446.9138,13283,13502,32038323.819245134,2382.5782104880136,ok,PIB_MUNICIPAL_BENCHMARK_USD2017_2021 / POB_RETRO_2021
Oruro,Poopó,Pazña,Pazña,1903-10-16,90,1961-01-06,-66.9129692281,-18.6134153228,Pazña,12879177.029169727,6973.374171704266,4516.048994408717,7,1846.9074958618069,14207457.267984504,2037.3863381135984,0.9065082362198644,0.0392454706498095,6973.374171704266,4624.755422,5955,4251,12879177.029169727,2784.8341923592093,ok,PIB_MUNICIPAL_BENCHMARK_USD2017_2021 / POB_RETRO_2021
Chuquisaca,Oropeza,Sucre,Sucre,1912-11-18,1669,1995-10-31,-65.2504826324,-18.9377064056,Sucre,858414576.1068636,299617.24239084625,219787.19455054708,7,2865.0373031171366,785634778.2846336,2622.1280591715235,1.092638207770204,0.0450991724414834,299617.24239084625,287545.927126,261622,296746,858414576.1068636,2985.3129365641935,ok,PIB_MUNICIPAL_BENCHMARK_USD2017_2021 / POB_RETRO_2021
Chuquisaca,Yamparáez,Tarabuco,Tarabuco,1912-11-18,ML,1912-11-18,-64.9098102481,-19.1214800592,Tarabuco,42907913.73832583,20769.89349109957,15315.130863134036,7,2065.870667883442,39270010.35950403,1890.7179459698348,1.092638207770204,0.0450991724414834,20769.89349109957,14148.340612,16944,13323,42907913.73832583,3032.7170454963175,ok,PIB_MUNICIPAL_BENCHMARK_USD2017_2021 / POB_RETRO_2021
Chuquisaca,Yamparáez,Yamparáez,Yamparáez,1912-11-18,ML,1941-03-19,-65.0700314798,-19.2435381394,Yamparáez,26312372.98427733,10196.065310786938,8768.653394499692,4,2580.639901986517,24081505.476523813,2361.8429994800795,1.092638207770204,0.0450991724414834,10196.065310786938,8861.258721,10111,8480,26312372.98427733,2969.37193825189,ok,PIB_MUNICIPAL_BENCHMARK_USD2017_2021 / POB_RETRO_2021
Chuquisaca,Oropeza,Yotala,Yotala,1912-11-18,1669,1995-10-31,-65.2648469799,-19.2250382885,Yotala,30914235.655400146,11158.104983676823,8135.032523415452,4,2770.563254300308,28293203.94944656,2535.663895512423,1.092638207770204,0.0450991724414834,11158.104983676823,9306.829764,9461,9256,30914235.655400146,3321.671980639746,ok,PIB_MUNICIPAL_BENCHMARK_USD2017_2021 / POB_RETRO_2021
Potosí,Cornelio Saavedra,Tacobamba,Tacobamba,1925-11-06,ML,1948-12-08,-65.5540232184,-19.2132298173,Tacobamba,15753628.98328698,6984.346852747386,11514.503183267458,5,2255.562233008241,15288639.550144644,2188.98629642522,1.0304140490471525,0.0627775447835225,6984.346852747386,13686.549175,11835,14366,15753628.98328698,1151.0300209433178,ok,PIB_MUNICIPAL_BENCHMARK_USD2017_2021 / POB_RETRO_2021
Potosí,Cornelio Saavedra,Betanzos,Villa de Betanzos,1925-11-06,ML,1925-11-06,-65.2276253499,-19.4582202275,Betanzos,76086740.09666157,35977.43890176854,29104.77443251494,9,2114.845926204085,73840938.18113284,2052.4234196532275,1.0304140490471525,0.0627775447835225,35977.43890176854,32396.956662,33922,31904,76086740.09666157,2348.576778084907,ok,PIB_MUNICIPAL_BENCHMARK_USD2017_2021 / POB_RETRO_2021
Chuquisaca,Zudáñez,Villa Ricardo Mugia - Icla,Icla,1917-12-05,ML,1948-11-22,-64.7463821267,-19.4653326388,Icla (R.Mujia),14366028.929915205,7452.8591760030495,6167.418102230979,4,1927.5862579251996,13148019.928053409,1764.1578376239572,1.092638207770204,0.0450991724414834,7452.8591760030495,8788.300442,7774,9155,14366028.929915205,1634.6765821908791,ok,PIB_MUNICIPAL_BENCHMARK_USD2017_2021 / POB_RETRO_2021
Oruro,Litoral,Cruz de Machacamarca,Cruz de Machacamarca,1960-09-06,508,1980-03-27,-68.3743890886,-18.7168138516,Cruz de Machacamarca,8867694.3412397,3008.4737077730883,1510.0047639586846,4,2947.5724911033653,9782254.575223662,3251.5672481859965,0.9065082362198644,0.0392454706498095,3008.4737077730883,1618.789115,1967,1517,8867694.3412397,5477.979964707485,ok,PIB_MUNICIPAL_BENCHMARK_USD2017_2021 / POB_RETRO_2021
Pando,Nicolás Suárez,Porvenir,Porvenir,1951-09-08,CSL,1938-09-24,-68.7936337665,-11.2383671199,Porvenir,27998698.453647155,11050.608843727729,4963.451018598327,6,2533.679261440792,27348228.570433497,2474.816451942032,1.023784717227239,0.0112280921377746,11050.608843727729,8980.027474,7948,9353,27998698.453647155,3117.88561171799,ok,PIB_MUNICIPAL_BENCHMARK_USD2017_2021 / POB_RETRO_2021
La Paz,Inquisivi,Colquiri,Colquiri,1919-11-12,CSL,1945-11-03,-66.9940201888,-17.4222241977,Colquiri,34722153.75665547,16087.473648156256,20438.92753973593,6,2158.334771266891,35352511.46549639,2197.5179098147614,0.9821693655497108,0.2591222906876548,16087.473648156256,22466.992607,19620,23505,34722153.75665547,1545.4740366658875,ok,PIB_MUNICIPAL_BENCHMARK_USD2017_2021 / POB_RETRO_2021
La Paz,Pacajes,Santiago de Callapa,Santiago de Callapa,1856-03-29,1555,1994-04-26,-68.3470863071,-17.4008861531,Santiago de Callapa,12782537.922356054,6055.321843615669,5598.424839181695,7,2110.959293738138,13014596.433886724,2149.282361862971,0.9821693655497108,0.2591222906876548,6055.321843615669,7843.094789,7289,8037,12782537.922356054,1629.7824093063366,ok,PIB_MUNICIPAL_BENCHMARK_USD2017_2021 / POB_RETRO_2021
Cochabamba,Cercado,Cochabamba,Cochabamba,1826-01-26,MDS,1826-01-26,-66.1686801616,-17.4251476077,Cochabamba,2974353925.812473,755955.8434088483,664324.3601905811,3,3934.560400247921,3457488617.941836,4573.664782258851,0.860264271117988,0.1718551800718803,755955.8434088483,656969.177976,632013,665505,2974353925.812473,4527.387319717812,ok,PIB_MUNICIPAL_BENCHMARK_USD2017_2021 / POB_RETRO_2021
La Paz,General José Manuel Pand,Catacora,Catacora,1986-04-29,849,1986-04-29,-69.4804557014,-17.2527907175,Catacora,5920435.030996007,2868.443577466866,3266.256979955884,4,2063.988665318064,6027916.608539705,2101.45901278734,0.9821693655497108,0.2591222906876548,2868.443577466866,4583.656117,2881,5351,5920435.030996007,1291.6403150004207,ok,PIB_MUNICIPAL_BENCHMARK_USD2017_2021 / POB_RETRO_2021
La Paz,Loayza,Yaco,Yaco,1899-05-29,CSDS,1938-02-18,-67.3987376447,-17.2401309977,Yaco,24958103.541583005,12192.011846575017,5466.9729149928735,3,2047.086555989055,25411201.38441112,2084.2500568558453,0.9821693655497108,0.2591222906876548,12192.011846575017,10798.824259,7315,12296,24958103.541583005,2311.1871202844145,ok,PIB_MUNICIPAL_BENCHMARK_USD2017_2021 / POB_RETRO_2021
La Paz,Pacajes,Calacoto,Calacoto,1856-03-29,104,1961-10-20,-68.7719409866,-17.561889212,Calacoto,28158329.297235724,16437.866818776707,7603.489312051031,14,1713.0160262079094,28669525.119505,1744.1146978241889,0.9821693655497108,0.2591222906876548,16437.866818776707,11586.572807,9879,12219,28158329.297235724,2430.2552417171123,ok,PIB_MUNICIPAL_BENCHMARK_USD2017_2021 / POB_RETRO_2021
Oruro,Poopó,Antequera,Antequera,1903-10-16,535,1980-04-14,-66.7754252648,-18.5249436596,Antequera (Bolivar),7624825.799514208,3535.2905118486865,2586.870433156255,4,2156.774888501881,8411204.10699157,2379.211575060391,0.9065082362198644,0.0392454706498095,3535.2905118486865,3561.081252,3264,3666,7624825.799514208,2141.1546828197634,ok,PIB_MUNICIPAL_BENCHMARK_USD2017_2021 / POB_RETRO_2021
Potosí,Rafael Bustillo,Llallagua,Llallagua,2009-06-17,CSL,1957-12-22,-66.5721350028,-18.3633877944,Llallagua,107111303.47180332,36155.133713740666,31636.311059757994,2,2962.547568482534,103949770.06655876,2875.104013985513,1.0304140490471525,0.0627775447835225,36155.133713740666,41539.73196,41104,41686,107111303.47180332,2578.526591707194,ok,PIB_MUNICIPAL_BENCHMARK_USD2017_2021 / POB_RETRO_2021
Potosí,Alonso de Ibáñez,Caripuyo,Caripuyo,1923-11-12,CSL,1938-11-10,-66.5932452329,-18.1802232051,Caripuyo,16735947.764781356,8802.241741541493,6533.0021599711945,5,1901.327895347086,16241963.878750945,1845.2076591010064,1.0304140490471525,0.0627775447835225,8802.241741541493,8518.840387,8704,8458,16735947.764781356,1964.5805066944,ok,PIB_MUNICIPAL_BENCHMARK_USD2017_2021 / POB_RETRO_2021
La Paz,Aroma,Collana,Collana,1945-11-23,823,1986-04-03,-68.3011802329,-16.903720427,Collana,7830638.239804529,3576.806248863932,5399.815918172768,2,2189.2821961747863,7972798.291689534,2229.0271647288305,0.9821693655497108,0.2591222906876548,3576.806248863932,5400.809648,5042,5526,7830638.239804529,1449.9008020621047,ok,PIB_MUNICIPAL_BENCHMARK_USD2017_2021 / POB_RETRO_2021
Oruro,Sur Carangas,Belen de Andamarca,Belen de Andamarca,1980-03-31,509,1980-03-31,-67.7498010357,-18.8920375314,Belen de Andamarca,4305962.534234489,2260.2649275130807,1524.906365374627,6,1905.069835761352,4750053.405129925,2101.547189141365,0.9065082362198644,0.0392454706498095,2260.2649275130807,2757.529258,2016,3061,4305962.534234489,1561.52922813472,ok,PIB_MUNICIPAL_BENCHMARK_USD2017_2021 / POB_RETRO_2021
Cochabamba,Punata,San Benito,Villa José Quintín Mendoza,1872-01-24,ML,1948-10-29,-65.8789686107,-17.498199099,San Benito,43362606.02782876,17535.13562705015,15744.868559778664,2,2472.898239859433,50406145.51093154,2874.579734255019,0.860264271117988,0.1718551800718803,17535.13562705015,13179.187638,13562,13054,43362606.02782876,3290.2336030328493,ok,PIB_MUNICIPAL_BENCHMARK_USD2017_2021 / POB_RETRO_2021
Oruro,Carangas,Corque,Corque,1950-11-11,ML,1950-11-11,-67.7994522034,-18.4641491301,Corque,18487719.625486717,8911.363150571255,7012.638928848901,10,2074.6230754047515,20394430.945912227,2288.587122005556,0.9065082362198644,0.0392454706498095,8911.363150571255,14006.645692,9221,16101,18487719.625486717,1319.9248436581847,ok,PIB_MUNICIPAL_BENCHMARK_USD2017_2021 / POB_RETRO_2021
Cochabamba,Campero,Aiquile,Aiquile,1899-07-08,MDS,1899-07-08,-65.1045067081,-18.3231029086,Aiquile,35701751.370810725,16980.624580088584,24420.93717286644,11,2102.4993045706024,41500911.48666817,2444.015606783509,0.860264271117988,0.1718551800718803,16980.624580088584,23158.916232,23267,23123,35701751.370810725,1541.598536528998,ok,PIB_MUNICIPAL_BENCHMARK_USD2017_2021 / POB_RETRO_2021
Potosí,Alonso de Ibáñez,Sacaca,Villa de Sacaca,1923-11-12,CSL,1923-11-12,-66.3436341661,-18.1176532286,Sacaca,35062967.17771284,17324.616159088866,21354.27873187254,7,2023.8813290716437,34028036.79757314,1964.1437642889016,1.0304140490471525,0.0627775447835225,17324.616159088866,17777.305782,19611,17205,35062967.17771284,1972.3442690594761,ok,PIB_MUNICIPAL_BENCHMARK_USD2017_2021 / POB_RETRO_2021
Potosí,General Bilbao,Acasio,Acasio,1938-11-10,CSL,1938-11-10,-66.0144653737,-18.050003992,Acasio,14562534.538459972,7335.591033419989,6901.220446046384,4,1985.1889877877568,14132701.851189123,1926.593479216929,1.0304140490471525,0.0627775447835225,7335.591033419989,4844.135744,6161,4471,14562534.538459972,3006.219335636558,ok,PIB_MUNICIPAL_BENCHMARK_USD2017_2021 / POB_RETRO_2021
Oruro,Pantaleón Dalence,Huanuni,Villa de Huanuni,1990-11-19,CSL,1941-11-26,-66.765010495,-18.2626895054,Villa Huanuni,62426116.62949532,25591.51275465262,20797.55991747453,4,2439.3288989196644,68864367.8405085,2690.906493129787,0.9065082362198644,0.0392454706498095,25591.51275465262,21171.990631,24677,20118,62426116.62949532,2948.523722597327,ok,PIB_MUNICIPAL_BENCHMARK_USD2017_2021 / POB_RETRO_2021
La Paz,Pacajes,Corocoro,Corocoro,1856-03-29,MDS,1856-03-29,-68.4322348243,-17.1731345087,Corocoro,21327174.772888497,8910.76885533113,11802.360340761988,6,2393.415778048028,21714355.508280262,2436.8666566060697,0.9821693655497108,0.2591222906876548,8910.76885533113,12758.080041,10647,13551,21327174.772888497,1671.6602109691823,ok,PIB_MUNICIPAL_BENCHMARK_USD2017_2021 / POB_RETRO_2021
La Paz,General José Manuel Pand,Santiago de Machaca,Santiago de Machaca,1986-04-29,849,1986-04-29,-69.2706147403,-17.1895208124,Santiago de Machaca,11383841.254006688,5718.936393103377,5296.389738457445,6,1990.5521711580452,11590507.353724334,2026.6893277046493,0.9821693655497108,0.2591222906876548,5718.936393103377,6168.011979,4593,6805,11383841.254006688,1845.6256719962528,ok,PIB_MUNICIPAL_BENCHMARK_USD2017_2021 / POB_RETRO_2021
Oruro,Pantaleón Dalence,Machacamarca,Machacamarca,1990-11-19,1206,1990-11-19,-66.9744795254,-18.1532895953,Machacamarca,10650385.842683569,5208.69019722027,3741.022903866825,2,2044.733980985733,11748802.070564335,2255.6154475907088,0.9065082362198644,0.0392454706498095,5208.69019722027,5765.345338,4820,6120,10650385.842683569,1847.3109967655441,ok,PIB_MUNICIPAL_BENCHMARK_USD2017_2021 / POB_RETRO_2021
Potosí,General Bilbao,Arampampa,Arampampa,1938-11-10,CSL,1938-11-10,-66.1259235733,-17.9452662594,Arampampa,16038147.347865572,4827.068793707519,4163.425859816278,4,3322.5437699940417,15564759.9745912,3224.474446040865,1.0304140490471525,0.0627775447835225,4827.068793707519,3785.980382,4170,3666,16038147.347865572,4236.193992100587,ok,PIB_MUNICIPAL_BENCHMARK_USD2017_2021 / POB_RETRO_2021
Cochabamba,Esteban Arze,Sacabamba,Sacabamba,1950-11-10,1195,1990-11-01,-65.786263981,-17.7764392712,Sacabamba,10749390.444447065,6989.558020935656,4643.874664325005,4,1537.9213409846045,12495451.462231832,1787.7312735375406,0.860264271117988,0.1718551800718803,6989.558020935656,4823.924023,4366,4987,10749390.444447065,2228.3498649164353,ok,PIB_MUNICIPAL_BENCHMARK_USD2017_2021 / POB_RETRO_2021
Cochabamba,Esteban Arze,Anzaldo,Villa de Anzaldo,1950-11-10,ML,1914-11-24,-65.9166998216,-17.8436630605,Anzaldo,17462024.98864104,11016.422877747866,7359.085406918253,5,1585.090294955242,20298442.67035248,1842.5620453762183,0.860264271117988,0.1718551800718803,11016.422877747866,7298.985625,7192,7335,17462024.98864104,2392.390653486859,ok,PIB_MUNICIPAL_BENCHMARK_USD2017_2021 / POB_RETRO_2021
Cochabamba,Germán Jordán,Toco,Toco,1945-11-13,CSDL,1956-04-03,-65.9204866923,-17.6474732512,Toko,17030791.76781755,6838.797151367369,6122.542551468498,1,2490.319772741375,19797162.7319644,2894.831107544416,0.860264271117988,0.1718551800718803,6838.797151367369,7299.373054,7057,7382,17030791.76781755,2333.1855546618344,ok,PIB_MUNICIPAL_BENCHMARK_USD2017_2021 / POB_RETRO_2021
Cochabamba,Punata,Villa Gualberto Villarroel,Villa Gualberto Villarroel,1872-01-24,904,1986-12-11,-65.7710675441,-17.6900107349,Cuchumuela (V. G.Villarroel),8606517.760359889,3627.19155699564,3157.9451539511792,2,2372.7772920514203,10004504.486946754,2758.1957913558244,0.860264271117988,0.1718551800718803,3627.19155699564,3525.815101,2768,3822,8606517.760359889,2441.000879034733,ok,PIB_MUNICIPAL_BENCHMARK_USD2017_2021 / POB_RETRO_2021
Cochabamba,Punata,Tacachi,Tacachi,1872-01-24,531,1983-02-04,-65.7885213397,-17.6380003189,Tacachi,4244920.910805219,1706.493190204396,1526.7608268494075,2,2487.5111926445966,4934438.234065651,2891.5663199773016,0.860264271117988,0.1718551800718803,1706.493190204396,1290.981486,1303,1287,4244920.910805219,3288.134614325025,ok,PIB_MUNICIPAL_BENCHMARK_USD2017_2021 / POB_RETRO_2021
Cochabamba,Punata,Villa Rivero,Villa Rivero,1872-01-24,ML,1915-10-12,-65.8527767361,-17.6482572313,Villa Rivero,22805254.54558273,9157.560725817322,8198.45273525374,1,2490.319772741375,26509591.658323005,2894.831107544416,0.860264271117988,0.1718551800718803,9157.560725817322,8480.57601,8135,8599,22805254.54558273,2689.1162248764444,ok,PIB_MUNICIPAL_BENCHMARK_USD2017_2021 / POB_RETRO_2021
Cochabamba,Germán Jordán,Cliza,Cliza,1945-11-13,ML,1914-11-24,-65.9366933103,-17.5819403873,Cliza,66003019.23645288,26503.832945034177,23727.98043154993,1,2490.319772741375,76724120.07844546,2894.831107544416,0.860264271117988,0.1718551800718803,26503.832945034177,21338.596102,21899,21155,66003019.23645288,3093.1284757900385,ok,PIB_MUNICIPAL_BENCHMARK_USD2017_2021 / POB_RETRO_2021
Cochabamba,Arque,Tacopaya,Tacopaya,1908-10-01,CSL,1941-09-30,-66.6258990692,-17.826511966,Tacopaya,20766779.129821,10773.660052485526,10965.484776223428,5,1927.5509927594217,24139999.56412553,2240.6498299114555,0.860264271117988,0.1718551800718803,10773.660052485526,10623.535844,10253,10750,20766779.129821,1954.7897645097225,ok,PIB_MUNICIPAL_BENCHMARK_USD2017_2021 / POB_RETRO_2021
Oruro,Cercado,El Choro,El Choro,1868-10-07,576,1983-10-20,-67.1747060493,-18.2642337695,El Choro,12153508.671341864,5868.549741887114,6100.149401964547,8,2070.9560634027675,13406947.875092614,2284.5419166169363,0.9065082362198644,0.0392454706498095,5868.549741887114,9662.591689,8725,9997,12153508.671341864,1257.7897382729025,ok,PIB_MUNICIPAL_BENCHMARK_USD2017_2021 / POB_RETRO_2021
Oruro,Saucarí,Toledo,Toledo,1963-11-23,262,1963-11-23,-67.4132013067,-18.2756280455,Toledo,27633224.032155327,11294.577036296316,8476.664509369068,11,2446.5921958257527,30483147.232490417,2698.918882445053,0.9065082362198644,0.0392454706498095,11294.577036296316,11652.767427,10149,12202,27633224.032155327,2371.3872439156867,ok,PIB_MUNICIPAL_BENCHMARK_USD2017_2021 / POB_RETRO_2021
Cochabamba,Capinota,Santivañez,Villa Santivañez,1908-10-01,ML,1908-10-01,-66.21801821,-17.573589014,Santivañez,20693517.48207112,6584.752330035002,6812.532820403434,4,3142.641734250484,24054837.771163154,3653.112002624902,0.860264271117988,0.1718551800718803,6584.752330035002,7560.382706,6527,7940,20693517.48207112,2737.099203518303,ok,PIB_MUNICIPAL_BENCHMARK_USD2017_2021 / POB_RETRO_2021
Oruro,Cercado,Paria,Soracachi,1868-10-07,460,2013-12-19,-66.9359492214,-17.857730673,Soracachi,34060360.28002704,12935.798257132314,10301.15037139488,7,2633.0311901120936,37573139.34847255,2904.5860643162187,0.9065082362198644,0.0392454706498095,12935.798257132314,14977.585211,12846,15764,34060360.28002704,2274.088900234935,ok,PIB_MUNICIPAL_BENCHMARK_USD2017_2021 / POB_RETRO_2021
La Paz,Gualberto Villarroel,Chacarilla,Chacarilla,1962-12-31,235,1962-12-31,-68.1697611869,-17.5482749349,Chacarilla,2762764.7517024474,1443.3644373217055,1368.3738872205158,3,1914.1144677424709,2812920.916298539,1948.863948399733,0.9821693655497108,0.2591222906876548,1443.3644373217055,2039.893277,2004,2052,2762764.7517024474,1354.3673009099844,ok,PIB_MUNICIPAL_BENCHMARK_USD2017_2021 / POB_RETRO_2021
Cochabamba,Germán Jordán,Tolata,Tolata,1945-11-13,1492,1993-09-16,-66.0027030562,-17.5266950606,Tolata,17356052.520032663,5957.533501535972,6059.976627157001,3,2913.294992895621,20175256.72370069,3386.511669384504,0.860264271117988,0.1718551800718803,5957.533501535972,7763.70449,5542,8687,17356052.520032663,2235.537499074023,ok,PIB_MUNICIPAL_BENCHMARK_USD2017_2021 / POB_RETRO_2021
Cochabamba,Esteban Arze,Arbieto,Arbieto,1950-11-10,563,1983-09-20,-66.0650641896,-17.5582753278,Arbieto,50539886.35848242,15513.140901108423,16863.904824192847,3,3257.8758022413963,58749256.54276151,3787.0639425806953,0.860264271117988,0.1718551800718803,15513.140901108423,25787.019573,17445,29375,50539886.35848242,1959.8963817748424,ok,PIB_MUNICIPAL_BENCHMARK_USD2017_2021 / POB_RETRO_2021
La Paz,Gualberto Villarroel,Papel Pampa,Papel Pampa,1962-12-31,235,1962-12-31,-67.7095447501,-17.6972702962,Papel Pampa,16642810.465428274,8603.416011358553,5023.198430781555,4,1934.4421382687767,16944949.66875031,1969.5606543236952,0.9821693655497108,0.2591222906876548,8603.416011358553,6735.786006,7003,6649,16642810.465428274,2470.8045134662207,ok,PIB_MUNICIPAL_BENCHMARK_USD2017_2021 / POB_RETRO_2021
Pando,Nicolás Suárez,Cobija,Cobija,1951-09-08,1669,1995-10-31,-68.872017806,-11.0792699162,Cobija,201209584.4326979,75359.1567695848,28839.90160197014,4,2670.008437699328,196535053.75392067,2607.978408713337,1.023784717227239,0.0112280921377746,75359.1567695848,52755.079762,46267,55114,201209584.4326979,3814.032418121439,ok,PIB_MUNICIPAL_BENCHMARK_USD2017_2021 / POB_RETRO_2021
La Paz,Aroma,Calamarca,Calamarca,1945-11-23,CSL,1948-12-21,-68.1124294585,-16.8904621363,Calamarca,24766117.79127406,10605.410357588142,13856.739647394184,3,2335.234277243593,25215730.259936072,2377.6289091816507,0.9821693655497108,0.2591222906876548,10605.410357588142,14539.921336,12413,15327,24766117.79127406,1703.318554437302,ok,PIB_MUNICIPAL_BENCHMARK_USD2017_2021 / POB_RETRO_2021
La Paz,Aroma,Colquencha,Colquencha,1945-11-23,1214,1990-12-14,-68.2569732273,-16.9918965684,Colquencha,18813755.47140517,8252.087871510705,11464.420155967551,4,2279.878227709777,19155306.743735883,2321.267907224688,0.9821693655497108,0.2591222906876548,8252.087871510705,11778.773623,9879,12490,18813755.47140517,1597.259279546111,ok,PIB_MUNICIPAL_BENCHMARK_USD2017_2021 / POB_RETRO_2021
La Paz,Larecaja,Combaya,Combaya,1826-10-18,1089,1989-02-21,-68.7534058325,-15.8159310384,Combaya,8460327.933556208,3977.468246741315,4027.4776522119055,2,2127.063601447388,8613919.584857997,2165.6790326145942,0.9821693655497108,0.2591222906876548,3977.468246741315,3578.450846,3731,3529,8460327.933556208,2364.243159538342,ok,PIB_MUNICIPAL_BENCHMARK_USD2017_2021 / POB_RETRO_2021
La Paz,Nor Yungas,Coroico,Coroico,1899-07-01,CSDS,1899-07-01,-67.7725586188,-16.162454603,Coroico,45509499.02296989,23549.271050039923,23258.676192045925,5,1932.5226214546772,46335693.8418647,1967.6062899529168,0.9821693655497108,0.2591222906876548,23549.271050039923,25346.7797,19397,27711,45509499.02296989,1795.4745952483277,ok,PIB_MUNICIPAL_BENCHMARK_USD2017_2021 / POB_RETRO_2021
La Paz,Nor Yungas,Coripata,Coripata,1899-07-01,CSDS,1899-07-01,-67.567327512,-16.209048406,Coripata,37246324.25087215,16958.26727425104,20006.638303574728,4,2196.352000385436,37922506.60355888,2236.225316553381,0.9821693655497108,0.2591222906876548,16958.26727425104,21671.086464,16930,23530,37246324.25087215,1718.7105183669391,ok,PIB_MUNICIPAL_BENCHMARK_USD2017_2021 / POB_RETRO_2021
Cochabamba,Arani,Arani,Arani,1914-11-24,CSL,1914-11-24,-65.7265704639,-17.5927234328,Arani,27113861.38736718,11511.694287828965,9980.347218717994,2,2355.3319528328693,31518060.55147492,2737.91674478345,0.860264271117988,0.1718551800718803,11511.694287828965,10737.306505,9504,11183,27113861.38736718,2525.201397008914,ok,PIB_MUNICIPAL_BENCHMARK_USD2017_2021 / POB_RETRO_2021
Cochabamba,Punata,Punata,Villa Punata,1872-01-24,ML,1900-01-19,-65.8314316534,-17.5492548092,Punata,82335385.54322018,33064.09896091356,29601.889427218764,2,2490.1747856656325,95709409.66340286,2894.6625697117865,0.860264271117988,0.1718551800718803,33064.09896091356,33537.174471,28887,35248,82335385.54322018,2455.0483707335275,ok,PIB_MUNICIPAL_BENCHMARK_USD2017_2021 / POB_RETRO_2021
La Paz,Pacajes,Nazacara de Pacajes,Nazacara de Pacajes,1856-03-29,1540,1994-03-17,-68.7575683859,-16.9264537666,Nazacara de Pacajes,2074265.3059097943,1270.900573132636,726.1247674597544,2,1632.1224096995636,2111922.2189839403,1661.7525112749572,0.9821693655497108,0.2591222906876548,1270.900573132636,2519.151068,619,4022,2074265.3059097943,823.3985378504665,ok,PIB_MUNICIPAL_BENCHMARK_USD2017_2021 / POB_RETRO_2021
La Paz,Pacajes,Caquiaviri,Caquiaviri,1856-03-29,ML,1959-12-14,-68.8177949459,-17.0852686111,Caquiaviri,23648775.281872377,13486.32243770753,16492.205259600676,9,1753.5377335893145,24078103.13716757,1785.3720499700942,0.9821693655497108,0.2591222906876548,13486.32243770753,15344.393708,14687,15570,23648775.281872377,1541.1997196991208,ok,PIB_MUNICIPAL_BENCHMARK_USD2017_2021 / POB_RETRO_2021
La Paz,Loayza,Luribay,Luribay,1899-05-29,CSDS,1899-05-29,-67.6347981638,-17.0938695975,Luribay,15730514.13464079,5826.631045299153,11578.132187557068,4,2699.761493793563,16016091.202189524,2748.773875962352,0.9821693655497108,0.2591222906876548,5826.631045299153,10810.373398,11139,10703,15730514.13464079,1455.1314330582848,ok,PIB_MUNICIPAL_BENCHMARK_USD2017_2021 / POB_RETRO_2021
La Paz,Loayza,Malla,Malla,1899-05-29,461,1969-01-24,-67.426816094,-17.0114433363,Malla,17644209.91994668,9327.43031634626,5796.000661694605,4,1891.6474657575648,17964528.867250286,1925.9890728711816,0.9821693655497108,0.2591222906876548,9327.43031634626,5267.504553,5180,5297,17644209.91994668,3349.6335396636937,ok,PIB_MUNICIPAL_BENCHMARK_USD2017_2021 / POB_RETRO_2021
La Paz,Pacajes,Comanche,Comanche,1856-03-29,539,1983-03-02,-68.4501625276,-16.9504409325,Comanche,6821744.050365493,3021.3955206639903,4403.225054107825,3,2257.8123266914517,6945588.296319369,2298.801414385161,0.9821693655497108,0.2591222906876548,3021.3955206639903,4859.393316,3880,5238,6821744.050365493,1403.82628181903,ok,PIB_MUNICIPAL_BENCHMARK_USD2017_2021 / POB_RETRO_2021
La Paz,Loayza,Sapahaqui,Sapahaqui,1899-05-29,CSL,1915-11-25,-67.8359722699,-16.9535815365,Sapahaqui,34036497.46321944,11100.428714854346,14251.88777821726,5,3066.2326958302574,34654407.536086746,3121.8981199990044,0.9821693655497108,0.2591222906876548,11100.428714854346,15386.582536,12484,16497,34036497.46321944,2212.0894866520807,ok,PIB_MUNICIPAL_BENCHMARK_USD2017_2021 / POB_RETRO_2021
La Paz,Loayza,Cairoma,Cairoma,1899-05-29,1029,1988-11-17,-67.5768864023,-16.8457777308,Cairoma,23232893.154193264,11778.13884117773,14163.377506309906,5,1972.5436647909423,23654670.94485281,2008.353888829478,0.9821693655497108,0.2591222906876548,11778.13884117773,12998.79403,11355,13598,23232893.154193264,1787.3114306593802,ok,PIB_MUNICIPAL_BENCHMARK_USD2017_2021 / POB_RETRO_2021
La Paz,Ingavi,Viacha,Viacha,1909-12-16,MDS,1842-11-18,-68.3106596029,-16.7338602031,Viacha,299586362.9214943,72830.41718425034,85749.32893096452,4,4113.478605560977,305025154.9576876,4188.156085746679,0.9821693655497108,0.2591222906876548,72830.41718425034,104268.348839,80724,113554,299586362.9214943,2873.224389361183,ok,PIB_MUNICIPAL_BENCHMARK_USD2017_2021 / POB_RETRO_2021
La Paz,Inquisivi,Ichoca,Ichoca,1919-11-12,620,1984-03-30,-67.1934845421,-17.1849177344,Ichoca,19187871.503606506,9038.418655319574,6098.65321243598,4,2122.923515200688,19536214.60476649,2161.463785843602,0.9821693655497108,0.2591222906876548,9038.418655319574,9112.887876,7913,9552,19187871.503606506,2105.5752869666017,ok,PIB_MUNICIPAL_BENCHMARK_USD2017_2021 / POB_RETRO_2021
La Paz,Inquisivi,Villa Libertad Licoma,Villa Libertad Licoma,1919-11-12,1088,1889-02-21,-67.2031454103,-16.8118939613,Licoma (Villa Libertad),6991628.74496282,4971.470558218771,6360.1285393436265,3,1406.3502263740354,7118557.135051419,1431.881583464899,0.9821693655497108,0.2591222906876548,4971.470558218771,7196.546896,5488,7877,6991628.74496282,971.5254894293817,ok,PIB_MUNICIPAL_BENCHMARK_USD2017_2021 / POB_RETRO_2021
La Paz,Inquisivi,Quime,Quime,1919-11-12,CSL,1945-11-03,-67.3409054041,-16.8489241803,Quime,25594053.60431689,13708.1639442858,9765.055919559847,6,1867.0664947062935,26058696.69941512,1900.9618505677115,0.9821693655497108,0.2591222906876548,13708.1639442858,10162.604337,8266,10887,25594053.60431689,2518.4542028097694,ok,PIB_MUNICIPAL_BENCHMARK_USD2017_2021 / POB_RETRO_2021
Pando,Madre de Dios,Sena,Sena,1938-09-24,CSL,1938-09-24,-67.359219645,-11.855492707,Sena,27281192.65089576,12593.949832951042,5045.3083952475135,17,2166.214175279367,26647391.96809131,2115.8883687443777,1.023784717227239,0.0112280921377746,12593.949832951042,9903.585213,8258,10522,27281192.65089576,2754.678438477282,ok,PIB_MUNICIPAL_BENCHMARK_USD2017_2021 / POB_RETRO_2021
Pando,Madre de Dios,San Lorenzo,San Lorenzo,1938-09-24,CSL,1938-09-24,-66.8211472307,-11.5962354718,San Lorenzo,22406374.11295386,11025.031576367135,4839.08605258161,15,2032.318361879649,21885825.93187953,1985.1032425878225,1.023784717227239,0.0112280921377746,11025.031576367135,28576.389084,23863,30346,22406374.11295386,784.0869623767204,ok,PIB_MUNICIPAL_BENCHMARK_USD2017_2021 / POB_RETRO_2021
Beni,General José Ballivián,Santa Rosa,Santa Rosa,1937-12-03,CSL,1945-12-07,-66.6614463291,-13.318801947,Santa Rosa,59072091.005622745,21555.641765847504,6165.0274061363525,19,2740.446869887022,59099220.9478341,2741.705470419822,0.9995409424730776,0.0355050251817614,21555.641765847504,18296.0644,19217,17999,59072091.005622745,3228.6774748686717,ok,PIB_MUNICIPAL_BENCHMARK_USD2017_2021 / POB_RETRO_2021
La Paz,Los Andes,Laja,Laja,1917-11-24,43,1960-12-13,-68.4595793711,-16.5885072349,Laja,104101942.8389127,28608.2335393114,29696.02387252453,7,3638.8804885790382,105991844.67604303,3704.941954224352,0.9821693655497108,0.2591222906876548,28608.2335393114,34499.102047,24531,38652,104101942.8389127,3017.526157585036,ok,PIB_MUNICIPAL_BENCHMARK_USD2017_2021 / POB_RETRO_2021
La Paz,Aroma,Ayo Ayo,Ayo Ayo,1945-11-23,4156,2009-12-31,-68.019652221,-17.0767369376,Ayo Ayo,12794238.545091929,6129.638062519749,10348.275246554897,4,2087.27471583086,13026509.47368035,2125.1678061274406,0.9821693655497108,0.2591222906876548,6129.638062519749,10270.503643,7798,11258,12794238.545091929,1245.7264989342307,ok,PIB_MUNICIPAL_BENCHMARK_USD2017_2021 / POB_RETRO_2021
La Paz,Aroma,Patacamaya,Patacamaya,1945-11-23,167,1962-01-15,-67.9150822665,-17.2163830119,Patacamaya,51168284.6880591,23068.4086608656,26241.073717599385,5,2218.110726244569,52097211.01352076,2258.379057672109,0.9821693655497108,0.2591222906876548,23068.4086608656,24554.842106,22858,25148,51168284.6880591,2083.836844351273,ok,PIB_MUNICIPAL_BENCHMARK_USD2017_2021 / POB_RETRO_2021
La Paz,Aroma,Umala,Umala,1945-11-23,4098,2009-08-25,-67.9970240895,-17.4039687711,Umala,26890025.920464173,13199.515566463162,10079.90767366138,4,2037.1979399596569,27378196.53478408,2074.1819195505614,0.9821693655497108,0.2591222906876548,13199.515566463162,9051.836831,8903,9102,26890025.920464173,2970.670641017735,ok,PIB_MUNICIPAL_BENCHMARK_USD2017_2021 / POB_RETRO_2021
La Paz,Aroma,Sica Sica,Villa Aroma,1945-11-23,ML,1945-11-23,-67.6205313636,-17.3736123091,Sica Sica,70759613.48201168,32634.526496675287,23906.291498287213,9,2168.2439145921257,72044207.40857479,2207.606947075345,0.9821693655497108,0.2591222906876548,32634.526496675287,33222.577222,31312,33885,70759613.48201168,2129.8652723276214,ok,PIB_MUNICIPAL_BENCHMARK_USD2017_2021 / POB_RETRO_2021
Oruro,Tomás Barrón,Eucaliptus,Eucaliptus,1980-03-07,502,1980-03-07,-67.4409067265,-17.6351230437,Eucaliptus,16099256.744494252,7679.059116826733,4011.25373625875,2,2096.514234304665,17759636.483423565,2312.7360023193173,0.9065082362198644,0.0392454706498095,7679.059116826733,5317.918135,5267,5335,16099256.744494252,3027.3607710524157,ok,PIB_MUNICIPAL_BENCHMARK_USD2017_2021 / POB_RETRO_2021
Oruro,Cercado,Caracollo,Caracollo,1868-10-07,1669,1995-10-31,-67.292685652,-17.6908060831,Caracollo,37668047.283442006,14319.560621507484,17308.61955933956,9,2630.5309414917315,41552901.31782763,2901.827955210903,0.9065082362198644,0.0392454706498095,14319.560621507484,22915.963812,23115,22850,37668047.283442006,1643.7470225239229,ok,PIB_MUNICIPAL_BENCHMARK_USD2017_2021 / POB_RETRO_2021
La Paz,Murillo,Palca,Palca,1912-10-17,MDS,1838-01-08,-67.8261284626,-16.6663930464,Palca,35986262.31085038,12840.220278390272,14604.164346391462,6,2802.6203235324742,36639569.07341456,2853.5000396432392,0.9821693655497108,0.2591222906876548,12840.220278390272,20321.259625,16622,21729,35986262.31085038,1770.867700893157,ok,PIB_MUNICIPAL_BENCHMARK_USD2017_2021 / POB_RETRO_2021
La Paz,Murillo,Achocalla,Achocalla,1912-10-17,ML,1947-10-24,-68.1206779308,-16.6664699952,Achocalla,67246283.28898302,15640.007545320348,20563.715052861666,2,4299.632407089458,68467095.03237857,4377.689386273003,0.9821693655497108,0.2591222906876548,15640.007545320348,38557.514155,22431,46188,67246283.28898302,1744.0513156020784,ok,PIB_MUNICIPAL_BENCHMARK_USD2017_2021 / POB_RETRO_2021
La Paz,Murillo,El Alto,El Alto,1912-10-17,2337,2002-03-12,-68.2033818127,-16.468718633,El Alto,4407125575.474515,1126531.9976922155,1194682.19368357,4,3912.1175292870857,4487134021.949349,3983.1394324720254,0.9821693655497108,0.2591222906876548,1126531.9976922155,876330.180928,848452,885825,4407125575.474515,5029.069717540849,ok,PIB_MUNICIPAL_BENCHMARK_USD2017_2021 / POB_RETRO_2021
La Paz,Sud Yungas,Yanacachi,Yanacachi,1899-07-01,821,1986-04-03,-67.7894846154,-16.4257032731,Yanacachi,19024437.824818853,8371.528779249265,6682.093940896681,4,2272.516564952299,19369813.89576436,2313.772598354657,0.9821693655497108,0.2591222906876548,8371.528779249265,7296.862923,6420,7615,19024437.824818853,2607.207785886067,ok,PIB_MUNICIPAL_BENCHMARK_USD2017_2021 / POB_RETRO_2021
Cochabamba,Tapacarí,Tapacarí,Tapacarí,1851-12-25,ML,1905-09-14,-66.6513626435,-17.5708159996,Tapacarí,61275698.23681551,29556.52806129393,25972.61988962935,7,2073.1696940094857,71228923.82498047,2409.921885184446,0.860264271117988,0.1718551800718803,29556.52806129393,24655.743605,24625,24666,61275698.23681551,2485.2504641215187,ok,PIB_MUNICIPAL_BENCHMARK_USD2017_2021 / POB_RETRO_2021
Chuquisaca,Azurduy,Tarvita,Villa Orías,1917-12-05,ML,1945-10-31,-64.5617629444,-19.772154883,Tarvita (Villa Arias),29223325.52640482,14946.981537640471,11723.417859588952,7,1955.1322421060547,26745655.89834368,1789.3683638392815,1.092638207770204,0.0450991724414834,14946.981537640471,16134.3707,14261,16812,29223325.52640482,1811.2466901006696,ok,PIB_MUNICIPAL_BENCHMARK_USD2017_2021 / POB_RETRO_2021
Potosí,José María Linares,Puna,Villa Talavera,2006-08-15,CSL,1910-12-13,-65.4000632169,-19.8768182671,Puna,47993317.63923006,23284.22921654519,24944.216336085155,9,2061.194175374601,46576730.66823048,2000.3552720196644,1.0304140490471525,0.0627775447835225,23284.22921654519,17624.208351,21917,16389,47993317.63923006,2723.147427930561,ok,PIB_MUNICIPAL_BENCHMARK_USD2017_2021 / POB_RETRO_2021
Chuquisaca,Nor Cinti,San Lucas,San Lucas,1984-10-03,ML,1928-09-24,-64.8992918917,-20.160734333,San Lucas,88292052.62470052,44058.31768847782,27223.644408202585,13,2003.981478570861,80806301.6621779,1834.0759679825555,1.092638207770204,0.0450991724414834,44058.31768847782,28061.056494,32520,26715,88292052.62470052,3146.426530387832,ok,PIB_MUNICIPAL_BENCHMARK_USD2017_2021 / POB_RETRO_2021
Chuquisaca,Nor Cinti,Camargo,Camargo,1984-10-03,ML,1886-11-05,-65.1559833808,-20.6025515415,Camargo,36434147.11503277,13718.1803722683,13454.130060024649,8,2655.902322780757,33345115.3876319,2430.724373258717,1.092638207770204,0.0450991724414834,13718.1803722683,14940.422465,15644,14713,36434147.11503277,2438.6289745112904,ok,PIB_MUNICIPAL_BENCHMARK_USD2017_2021 / POB_RETRO_2021
La Paz,Ingavi,Desaguadero,Desaguadero,1909-12-16,114,1961-11-09,-68.9781485761,-16.6141431529,Desaguadero,11985471.420226166,5063.756610367513,7954.797869204984,2,2366.9130138852183,12203059.717218945,2409.882752309709,0.9821693655497108,0.2591222906876548,5063.756610367513,7658.95097,6987,7897,11985471.420226166,1564.8972642961794,ok,PIB_MUNICIPAL_BENCHMARK_USD2017_2021 / POB_RETRO_2021
La Paz,Ingavi,Jesús de Machaca,Jesús de Machaca,1909-12-16,2351,2002-05-07,-68.7396077148,-16.7606970156,Jesús de Machaca,32271312.677195013,18136.968640299307,17263.690123189135,5,1779.311268449238,32857176.989157125,1811.6134862884617,0.9821693655497108,0.2591222906876548,18136.968640299307,16498.628647,15039,17016,32271312.677195013,1955.9996995688005,ok,PIB_MUNICIPAL_BENCHMARK_USD2017_2021 / POB_RETRO_2021
La Paz,Ingavi,Puerto Mayor de Guaqui,Guaqui,1909-12-16,1669,1995-10-31,-68.820993435,-16.6067317543,Guaqui,13167625.46837164,6423.380407259974,8250.290825198486,2,2049.952615835898,13406674.989299675,2087.168148121337,0.9821693655497108,0.2591222906876548,6423.380407259974,8242.780103,7278,8592,13167625.46837164,1597.4738261009502,ok,PIB_MUNICIPAL_BENCHMARK_USD2017_2021 / POB_RETRO_2021
La Paz,Manco Kapac,Tito Yupanqui,Tito Yupanqui,1961-11-18,706,1985-02-06,-68.9594209403,-16.1798875634,Tito Yupanqui,9938429.264572429,4678.582348000595,7127.925433948054,1,2124.23946514902,10118854.866757102,2162.80362599184,0.9821693655497108,0.2591222906876548,4678.582348000595,7186.886796,6261,7525,9938429.264572429,1382.855963430928,ok,PIB_MUNICIPAL_BENCHMARK_USD2017_2021 / POB_RETRO_2021
La Paz,Los Andes,Pucarani,Pucarani,1917-11-24,ML,2015-11-12,-68.416188211,-16.36050877,Pucarani,53416519.34011121,19024.6571254735,37547.47773466887,7,2807.752012969944,54386260.87692574,2858.7248915043,0.9821693655497108,0.2591222906876548,19024.6571254735,43951.837027,30124,49850,53416519.34011121,1215.342132513911,ok,PIB_MUNICIPAL_BENCHMARK_USD2017_2021 / POB_RETRO_2021
La Paz,Larecaja,Quiabaya,Quiabaya,1826-10-18,736,1985-04-15,-68.7141967695,-15.6024110098,Quiabaya,4341131.813820665,2577.838867813973,3015.5466176323607,2,1684.0198462450749,4419942.187252984,1714.5921114150665,0.9821693655497108,0.2591222906876548,2577.838867813973,3771.278108,2684,4224,4341131.813820665,1151.1036020148808,ok,PIB_MUNICIPAL_BENCHMARK_USD2017_2021 / POB_RETRO_2021
La Paz,Omasuyos,Huatajata,Huatajata,1863-09-07,33,2010-08-08,-68.6902691496,-16.1974228951,Huatajata,4534832.270513535,2363.7983581577364,2750.9010316078784,1,1918.451400418024,4617159.147470896,1953.279615216144,0.9821693655497108,0.2591222906876548,2363.7983581577364,4790.054299,3927,5118,4534832.270513535,946.7183434127192,ok,PIB_MUNICIPAL_BENCHMARK_USD2017_2021 / POB_RETRO_2021
La Paz,Franz Tamayo,Apolo,Apolo,1967-11-20,CSL,1882-12-02,-68.2352996866,-14.6572570721,Apolo,37168948.83762164,19766.942015170203,23484.19060923677,34,1880.359076740156,37843726.49091791,1914.4957506262028,0.9821693655497108,0.2591222906876548,19766.942015170203,19437.723944,20308,19156,37168948.83762164,1912.206848076581,ok,PIB_MUNICIPAL_BENCHMARK_USD2017_2021 / POB_RETRO_2021
La Paz,Muñecas,Aucapata,Aucapata,1826-10-18,1427,1993-02-11,-68.6994878574,-15.4381070956,Aucapata,8017129.221564236,5034.758015433506,6410.058865905026,3,1592.356414546358,8162674.893730904,1621.2645908123302,0.9821693655497108,0.2591222906876548,5034.758015433506,6390.978341,5495,6721,8017129.221564236,1254.4447490795799,ok,PIB_MUNICIPAL_BENCHMARK_USD2017_2021 / POB_RETRO_2021
La Paz,Omasuyos,Chua Cocani,Chua Cocani,1863-09-07,34,2010-08-08,-68.7516521198,-16.1577002915,Chua Cocani,12888517.385360813,6487.168704633502,8324.329924942984,2,1986.7708043657176,13122499.883863952,2022.8393127021843,0.9821693655497108,0.2591222906876548,6487.168704633502,6591.451997,5003,7226,12888517.385360813,1955.3381243896067,ok,PIB_MUNICIPAL_BENCHMARK_USD2017_2021 / POB_RETRO_2021
La Paz,Omasuyos,Villa Ancoraimes,Villa Ancoraimes,1863-09-07,MDS,1980-04-30,-68.8687597163,-15.8542598217,Ancoraimes,34108418.179783426,16210.908783510164,15030.16328864163,1,2104.041089570421,34727633.92563488,2142.238562279744,0.9821693655497108,0.2591222906876548,16210.908783510164,15905.623806,13136,16953,34108418.179783426,2144.425053449083,ok,PIB_MUNICIPAL_BENCHMARK_USD2017_2021 / POB_RETRO_2021
Potosí,Nor Lipez,"Colcha ""K""",Villa Martín,1885-12-04,CSL,1949-12-26,-67.3142741258,-21.2043825838,"Colcha""K"" (V.Martin)",50115136.95199268,14265.818341465643,25813.36954199779,46,3512.952131622612,48635921.64560965,3409.262650165843,1.0304140490471525,0.0627775447835225,14265.818341465643,12803.769606,12997,12740,50115136.95199268,3914.092372452273,ok,PIB_MUNICIPAL_BENCHMARK_USD2017_2021 / POB_RETRO_2021
La Paz,Camacho,Puerto Mayor de Carabuco,Carabuco,1908-11-05,1669,1995-10-31,-69.0009652982,-15.7121416226,Puerto Carabuco,19947031.90031604,9788.643535275189,15142.432503772588,4,2037.7728362906685,20309157.055771,2074.767252743774,0.9821693655497108,0.2591222906876548,9788.643535275189,16604.203782,14589,17336,19947031.90031604,1201.3242045141149,ok,PIB_MUNICIPAL_BENCHMARK_USD2017_2021 / POB_RETRO_2021
Oruro,Sabaya,Sabaya,Sabaya,2001-12-20,CSL,1959-12-26,-68.6095685982,-18.9077880213,Sabaya,20114850.61666196,8392.405732539864,6083.104871875385,13,2396.7919637953955,22189374.36304032,2643.9825563968484,0.9065082362198644,0.0392454706498095,8392.405732539864,13147.686281,8018,15504,20114850.61666196,1529.9156206675743,ok,PIB_MUNICIPAL_BENCHMARK_USD2017_2021 / POB_RETRO_2021
La Paz,Larecaja,Tipuani,Tipuani,1826-10-18,831,1986-04-03,-68.0559593421,-15.5844232153,Tipuani,11973676.301730389,6595.304464442013,11257.080330105498,2,1815.4849963766464,12191050.46615747,1848.4439242925653,0.9821693655497108,0.2591222906876548,6595.304464442013,8229.646515,9985,7716,11973676.301730389,1454.9441801216403,ok,PIB_MUNICIPAL_BENCHMARK_USD2017_2021 / POB_RETRO_2021
La Paz,Murillo,Nuestra Señora de La Paz,Nuestra Señora de La Paz,1912-10-17,1669,1995-10-31,-67.9716521773,-16.1676083591,Nuestra Señora de La Paz,2692946317.1294518,698897.5334339994,673828.1933638334,10,3853.134670396945,2741834974.278835,3923.0857788365065,0.9821693655497108,0.2591222906876548,698897.5334339994,759680.211511,766468,757431,2692946317.1294518,3544.8419957811993,ok,PIB_MUNICIPAL_BENCHMARK_USD2017_2021 / POB_RETRO_2021
La Paz,Larecaja,Sorata,Sorata,1826-10-18,CSL,1826-10-18,-68.4941240537,-15.7193382576,Sorata,58957933.8243297,30169.060552569405,26208.837339382902,9,1954.2515658250568,60028276.07164423,1989.729708919684,0.9821693655497108,0.2591222906876548,30169.060552569405,28285.460331,23512,30083,58957933.8243297,2084.390111914587,ok,PIB_MUNICIPAL_BENCHMARK_USD2017_2021 / POB_RETRO_2021
La Paz,Sud Yungas,La Asunta,La Asunta,1899-07-01,1010,1988-09-20,-67.1559185053,-16.1080348591,La Asunta,59137794.51185275,36235.02421869353,46653.979685274026,11,1632.0616802939448,60211402.010847576,1661.690679367194,0.9821693655497108,0.2591222906876548,36235.02421869353,44170.044658,40178,45587,59137794.51185275,1338.8665320580778,ok,PIB_MUNICIPAL_BENCHMARK_USD2017_2021 / POB_RETRO_2021
La Paz,Muñecas,Chuma,Chuma,1826-10-18,CSL,1900-11-24,-68.8655100242,-15.5934191385,Chuma,18966678.496712472,12952.336611827535,13770.909289723008,4,1464.3441616080986,19311005.985303767,1490.928360190219,0.9821693655497108,0.2591222906876548,12952.336611827535,15969.185134,11473,17830,18966678.496712472,1187.7048414119406,ok,PIB_MUNICIPAL_BENCHMARK_USD2017_2021 / POB_RETRO_2021
La Paz,Larecaja,Guanay,Guanay,1826-10-18,CSL,1947-11-02,-68.0422654701,-15.7361562486,Guanay,37695744.35069166,20193.868211561865,16706.46471955029,14,1866.6925997421936,38380085.62768979,1900.581167788128,0.9821693655497108,0.2591222906876548,20193.868211561865,15970.998665,14788,16386,37695744.35069166,2360.2621941427483,ok,PIB_MUNICIPAL_BENCHMARK_USD2017_2021 / POB_RETRO_2021
La Paz,Larecaja,Teoponte,Teoponte,1826-10-18,2292,2001-12-11,-67.6872246554,-15.407193739,Teoponte,23586245.350707676,12709.108528846744,11080.763941963029,7,1855.853642068784,24014438.01650917,1889.54543601559,0.9821693655497108,0.2591222906876548,12709.108528846744,12232.325534,9349,13379,23586245.350707676,1928.1898021762258,ok,PIB_MUNICIPAL_BENCHMARK_USD2017_2021 / POB_RETRO_2021
La Paz,Larecaja,Mapiri,Mapiri,1826-10-18,2281,2001-11-27,-68.2577515335,-15.3800525753,Mapiri,22528853.474565208,11605.226424843417,15835.241962472734,6,1941.267895156055,22937849.89104809,1976.510328307324,0.9821693655497108,0.2591222906876548,11605.226424843417,19505.971806,13891,21843,22528853.474565208,1154.9721130660732,ok,PIB_MUNICIPAL_BENCHMARK_USD2017_2021 / POB_RETRO_2021
La Paz,Camacho,Humanata,Humanata,1908-11-05,4006,2009-02-06,-69.1721881859,-15.4132338292,Humanata,8792156.038222851,4823.209444282325,3492.889878820773,3,1822.8849772728645,8951771.809032107,1855.978246941772,0.9821693655497108,0.2591222906876548,4823.209444282325,5577.289375,5342,5658,8792156.038222851,1576.420989943885,ok,PIB_MUNICIPAL_BENCHMARK_USD2017_2021 / POB_RETRO_2021
Chuquisaca,Hernando Siles,Huacareta,San Pablo de Huacareta,1957-12-24,ML,1957-12-24,-64.0099337398,-20.5945483139,San Pablo de Huacareta,26271669.10601481,12715.702274811125,6932.401968689861,10,2066.0808611457555,24044252.63475693,1890.910318212376,1.092638207770204,0.0450991724414834,12715.702274811125,7471.503214,8349,7200,26271669.10601481,3516.249455402886,ok,PIB_MUNICIPAL_BENCHMARK_USD2017_2021 / POB_RETRO_2021
Chuquisaca,Hernando Siles,Monteagudo,Monteagudo,1957-12-24,ML,1893-10-18,-64.0750637645,-20.0146701049,Monteagudo,41500841.331197165,19460.08835025985,20365.473752453618,14,2132.6132021719727,37982235.140659966,1951.8017830660456,1.092638207770204,0.0450991724414834,19460.08835025985,24485.023159,24303,24546,41500841.331197165,1694.9480121454997,ok,PIB_MUNICIPAL_BENCHMARK_USD2017_2021 / POB_RETRO_2021
Potosí,Tomás Frías,Potosí,Potosí,1993-11-10,1669,1995-10-31,-65.7220285692,-19.5374253864,Potosí,686337283.4284041,242769.1671448284,371954.0583301825,6,2827.1188285576523,666079120.3915318,2743.672634483151,1.0304140490471525,0.0627775447835225,242769.1671448284,211504.418016,191302,218702,686337283.4284041,3245.025753433554,ok,PIB_MUNICIPAL_BENCHMARK_USD2017_2021 / POB_RETRO_2021
La Paz,Manco Kapac,San Pedro de Tiquina,San Pedro de Tiquina,1961-11-18,121,1961-11-18,-68.8656729274,-16.2318753126,San Pedro de Tiquina,9467493.570552977,4520.005577884112,6876.208568026297,2,2094.575638772743,9639369.64706093,2132.601272490747,0.9821693655497108,0.2591222906876548,4520.005577884112,8261.112572,6052,9164,9467493.570552977,1146.0312987977711,ok,PIB_MUNICIPAL_BENCHMARK_USD2017_2021 / POB_RETRO_2021
Santa Cruz,Cordillera,Lagunillas,Lagunillas,1894-09-06,MR,1864-03-17,-63.6447957378,-19.7731960479,Lagunillas,6716137.114446493,2610.044691968149,4492.88626694151,4,2573.188549266593,6481788.738850536,2483.4014370699647,1.0361548925825552,0.3110055708407956,2610.044691968149,5795.372368,5366,5946,6716137.114446493,1158.8793072184353,ok,PIB_MUNICIPAL_BENCHMARK_USD2017_2021 / POB_RETRO_2021
La Paz,Bautista Saavedra,Curva,Curva,1948-11-17,546,1983-05-13,-68.9654822172,-14.9852162421,Curva,7622960.320516486,3543.033843917992,3739.308200933825,3,2151.534717513957,7761350.117298748,2190.594405588861,0.9821693655497108,0.2591222906876548,3543.033843917992,5550.526895,3285,6611,7622960.320516486,1373.3759812410256,ok,PIB_MUNICIPAL_BENCHMARK_USD2017_2021 / POB_RETRO_2021
La Paz,Franz Tamayo,Pelechuco,Pelechuco,1967-11-20,CSL,1882-12-02,-69.090617431,-14.8011714883,Pelechuco,21904627.075265653,10059.39320079184,7723.695590026742,11,2177.5296618827265,22302291.0748248,2217.0612709590914,0.9821693655497108,0.2591222906876548,10059.39320079184,8426.623142,6780,9060,21904627.075265653,2599.454930546397,ok,PIB_MUNICIPAL_BENCHMARK_USD2017_2021 / POB_RETRO_2021
La Paz,Sud Yungas,Palos Blancos,Palos Blancos,1899-07-01,786,1986-02-07,-67.2315776229,-15.4177206453,Palos Blancos,74145853.41660084,39136.84217960902,30089.074751226115,13,1894.5282574492464,75491922.28684725,1928.922163428399,0.9821693655497108,0.2591222906876548,39136.84217960902,26514.399483,24731,27137,74145853.41660084,2796.4372138747635,ok,PIB_MUNICIPAL_BENCHMARK_USD2017_2021 / POB_RETRO_2021
Beni,General José Ballivián,Puerto Menor de Rurrenabaque,Rurrenabaque,1937-12-03,1669,1995-10-30,-67.3057075228,-14.6886206364,Rurrenabaque,30174848.82561342,12600.494199202016,21614.20569412892,10,2394.735345183872,30188707.17887194,2395.835171352548,0.9995409424730776,0.0355050251817614,12600.494199202016,20709.180501,19195,21240,30174848.82561342,1457.0759487495843,ok,PIB_MUNICIPAL_BENCHMARK_USD2017_2021 / POB_RETRO_2021
La Paz,Abel Iturralde,San Buenaventura,San Buenaventura,1938-09-24,CSDS,1939-04-03,-67.7449566171,-14.2591504495,San Buenaventura,13422896.558003107,5096.200567469594,10118.386638997414,13,2633.902724254032,13666580.35652582,2681.719484072751,0.9821693655497108,0.2591222906876548,5096.200567469594,9736.867089,8711,10105,13422896.558003107,1378.564217289507,ok,PIB_MUNICIPAL_BENCHMARK_USD2017_2021 / POB_RETRO_2021
Beni,Yacuma,Santa Ana,Santa Ana de Yacuma,1894-10-22,CSD,1986-12-18,-65.9964437658,-14.3502342184,Santa Ana de Yacuma,42562980.30600036,15905.336769265885,36651.42335040077,46,2676.018805728492,42582528.1360566,2677.247816490088,0.9995409424730776,0.0355050251817614,15905.336769265885,17827.684168,17069,18088,42562980.30600036,2387.465466897008,ok,PIB_MUNICIPAL_BENCHMARK_USD2017_2021 / POB_RETRO_2021
Beni,General José Ballivián,San Borja,San Borja,1937-12-03,CSL,1945-12-07,-66.8085064451,-15.0036972474,San Borja,91909003.3300422,47632.54814702444,77647.27126776057,19,1929.5420233734371,91951214.2270428,1930.428200969276,0.9995409424730776,0.0355050251817614,47632.54814702444,44511.282061,40864,45798,91909003.3300422,2064.847361719291,ok,PIB_MUNICIPAL_BENCHMARK_USD2017_2021 / POB_RETRO_2021
Beni,General José Ballivián,Reyes,Reyes,1937-12-03,CSDS,1856-07-09,-67.0580571325,-13.4029031906,Reyes,33458305.751003116,14891.757235530586,8149.316605861328,33,2246.766800037149,33473672.09213074,2247.7986689351296,0.9995409424730776,0.0355050251817614,14891.757235530586,11896.545035,13246,11478,33458305.751003116,2812.438876346121,ok,PIB_MUNICIPAL_BENCHMARK_USD2017_2021 / POB_RETRO_2021
Pando,Madre de Dios,Puerto Gonzalo Moreno,Puerto Gonzalo Moreno,1938-09-24,CSL,1958-09-18,-66.3251035522,-11.1671180412,Puerto Gonzalo Moreno,23579769.085808,9534.545534089892,5325.601310246333,8,2473.087888824979,23031960.42002866,2415.6327470124297,1.023784717227239,0.0112280921377746,9534.545534089892,11189.278655,8160,12431,23579769.085808,2107.353817315856,ok,PIB_MUNICIPAL_BENCHMARK_USD2017_2021 / POB_RETRO_2021
Beni,Mamoré,Puerto Siles,Puerto Siles,1941-11-27,CSL,1945-12-03,-64.9863357204,-12.424185602,Puerto Siles,3087775.8863649177,1254.82072207229,1998.2529541868128,9,2460.730710013754,3089194.004124635,2461.8608457652385,0.9995409424730776,0.0355050251817614,1254.82072207229,1052.510689,945,1091,3087775.8863649177,2933.7240171251337,ok,PIB_MUNICIPAL_BENCHMARK_USD2017_2021 / POB_RETRO_2021
La Paz,Camacho,Mocomoco,Mocomoco,1908-11-05,2648,2004-04-01,-69.0347466236,-15.4510663688,Mocomoco,38251886.062058926,21124.44548581234,20333.5372931054,4,1810.787700332762,38946323.72355628,1843.6613519495,0.9821693655497108,0.2591222906876548,21124.44548581234,17248.400492,15665,17811,38251886.062058926,2217.7062783365095,ok,PIB_MUNICIPAL_BENCHMARK_USD2017_2021 / POB_RETRO_2021
Beni,Yacuma,Exaltación,Exaltación,1894-10-22,1669,1995-10-31,-65.7831816945,-12.8039581394,Exaltación,29051983.488764416,9497.099457047154,12588.229654835028,47,3059.0375114169105,29065326.145503964,3060.442430550367,0.9995409424730776,0.0355050251817614,9497.099457047154,7563.174517,6362,8012,29051983.488764416,3841.24198432954,ok,PIB_MUNICIPAL_BENCHMARK_USD2017_2021 / POB_RETRO_2021
Beni,Vaca Diez,Riberalta,Riberalta,1900-01-19,CSL,1900-01-19,-66.1008077671,-11.5278757457,Riberalta,256569325.8402225,105432.42897185904,55526.76044897155,34,2433.4953518779635,256687160.01309088,2434.6129792912507,0.9995409424730776,0.0355050251817614,105432.42897185904,104547.072695,89022,110302,256569325.8402225,2454.10339309769,ok,PIB_MUNICIPAL_BENCHMARK_USD2017_2021 / POB_RETRO_2021
Pando,Nicolás Suárez,Bella Flor,Bella Flor,1951-09-08,CSL,1938-09-24,-67.9315356405,-10.9321845211,Bella Flor,22859993.21412264,9502.15286822543,2329.7695150249783,20,2405.7698851136083,22328906.48732808,2349.878685070882,1.023784717227239,0.0112280921377746,9502.15286822543,3697.825273,3909,3630,22859993.21412264,6182.010106968674,ok,PIB_MUNICIPAL_BENCHMARK_USD2017_2021 / POB_RETRO_2021
Pando,Manuripi,San Pedro,San Pedro,1938-09-24,CSL,1938-09-24,-66.5899771036,-11.0253770554,San Pedro (Conquista),4045321.754899473,1792.4486535476178,1430.962109967717,12,2256.86897468051,3951340.244515072,2204.4370625036154,1.023784717227239,0.0112280921377746,1792.4486535476178,16130.295758,19103,15246,4045321.754899473,250.79030264355893,ok,PIB_MUNICIPAL_BENCHMARK_USD2017_2021 / POB_RETRO_2021
Pando,Manuripi,Puerto Rico,Puerto Rico,1938-09-24,CSL,1938-09-24,-67.5379692708,-11.3276852924,Puerto Rico,23619098.00841597,8742.520309573943,3887.983392117072,15,2701.634902986805,23070375.64731833,2638.8701233045963,1.023784717227239,0.0112280921377746,8742.520309573943,7067.189697,6239,7367,23619098.00841597,3342.077830034545,ok,PIB_MUNICIPAL_BENCHMARK_USD2017_2021 / POB_RETRO_2021
Pando,Abuná,Santa Rosa,Santa Rosa,1938-09-24,ML,1945-12-03,-67.2788428097,-10.7316108589,Santa Rosa del Abuna,12757222.853081135,5168.354297273711,1601.5880810941453,12,2468.333655030292,12460845.174200376,2410.988964276971,1.023784717227239,0.0112280921377746,5168.354297273711,18296.0644,19217,17999,12757222.853081135,697.2659570100941,ok,PIB_MUNICIPAL_BENCHMARK_USD2017_2021 / POB_RETRO_2021
Pando,Abuná,Ingavi,Ingavi,1938-09-24,CSL,1938-09-24,-66.7473248683,-10.5045770983,Ingavi,3310277.1488489057,1547.7033184722352,1202.1302670029108,19,2138.831848029206,3233372.302933252,2089.1421917509165,1.023784717227239,0.0112280921377746,1547.7033184722352,2322.008939,1654,2600,3310277.1488489057,1425.609132420639,ok,PIB_MUNICIPAL_BENCHMARK_USD2017_2021 / POB_RETRO_2021
Beni,Vaca Diez,Guayaramerín,Guayaramerín,1900-01-19,1669,1995-10-30,-65.4349889568,-11.3089109596,Guayaramerín,220661928.03929588,78111.08023882212,26212.85987451933,18,2824.9760131933795,220763271.08055344,2826.2734352869893,0.9995409424730776,0.0355050251817614,78111.08023882212,41976.644651,41814,42031,220661928.03929588,5256.77861762144,ok,PIB_MUNICIPAL_BENCHMARK_USD2017_2021 / POB_RETRO_2021
Pando,Federico Román,Villa Nueva,Loma Alta,1963-10-19,CSL,1963-10-19,-66.105491901,-10.6509481126,Villa Nueva (Loma Alta),7767776.193091124,2965.393199802695,2084.686448617358,7,2619.4759580645023,7587314.073342424,2558.6199070825587,1.023784717227239,0.0112280921377746,2965.393199802695,2580.556141,2801,2511,7767776.193091124,3010.1171099945227,ok,PIB_MUNICIPAL_BENCHMARK_USD2017_2021 / POB_RETRO_2021
Pando,Federico Román,Santos Mercado,Santos Mercado,1963-10-19,CSL,1963-10-19,-66.1364085683,-10.153428419,Santos Mercado,7571527.377009737,3414.3903501211,1365.5969854338618,16,2217.534201015181,7395624.53863937,2166.016120089218,1.023784717227239,0.0112280921377746,3414.3903501211,2300.113634,2165,2347,7571527.377009737,3291.8057888404396,ok,PIB_MUNICIPAL_BENCHMARK_USD2017_2021 / POB_RETRO_2021
Pando,Federico Román,Nueva Esperanza,Nueva Esperanza,1963-10-19,CSL,1995-10-31,-65.5377979823,-10.1113030749,Nuevo Manoa (Nueva Esperanza),10589108.058838855,2505.4428872949047,1274.334158766418,13,4226.441605408849,10343100.341952557,4128.252292000905,1.023784717227239,0.0112280921377746,2505.4428872949047,1704.394856,2068,1598,10589108.058838855,6212.825637491206,ok,PIB_MUNICIPAL_BENCHMARK_USD2017_2021 / POB_RETRO_2021
La Paz,Omasuyos,Santiago de Huata,Santiago de Huata,1863-09-07,4000,2009-01-20,-68.8350934722,-16.0862586579,Santiago de Huata,12279784.674370425,5780.791137645573,8807.165314932307,1,2124.2394651490195,12502716.033601338,2162.80362599184,0.9821693655497108,0.2591222906876548,5780.791137645573,9100.188536,8562,9287,12279784.674370425,1349.3989301523748,ok,PIB_MUNICIPAL_BENCHMARK_USD2017_2021 / POB_RETRO_2021
La Paz,Los Andes,Puerto Pérez,Puerto Pérez,1917-11-24,758,2015-11-12,-68.6493357723,-16.3270299779,Puerto Pérez,9391573.674201263,3967.896110735597,5006.624335783625,2,2366.890012264002,9562071.475264236,2409.859333109291,0.9821693655497108,0.2591222906876548,3967.896110735597,7523.418925,6498,7900,9391573.674201263,1248.3119400764442,ok,PIB_MUNICIPAL_BENCHMARK_USD2017_2021 / POB_RETRO_2021
Potosí,Rafael Bustillo,Chuquihuta Ayllu Jucumani,Chuquihuta Ayllu Jucumani,2009-06-17,4039,2009-06-17,-66.3533150921,-18.6322384682,Chuquihuta,26434690.247170903,13947.988252899737,16113.729279637468,1,1895.2331883184104,25654435.00272116,1839.2928455031995,1.0304140490471525,0.0627775447835225,13947.988252899737,8169.282537,8019,8220,26434690.247170903,3235.864364731578,ok,PIB_MUNICIPAL_BENCHMARK_USD2017_2021 / POB_RETRO_2021
La Paz,Caranavi,Alto Beni,Alto Beni,1992-12-16,4131,2009-12-23,-67.3894131675,-15.6057054827,Alto Beni,19524459.084916748,10141.772228697504,11210.348494670005,7,1925.1525911486824,19878912.710731,1960.1024616270668,0.9821693655497108,0.2591222906876548,10141.772228697504,10734.071218,11194,10585,19524459.084916748,1818.923937433496,ok,PIB_MUNICIPAL_BENCHMARK_USD2017_2021 / POB_RETRO_2021
La Paz,Caranavi,Caranavi,Caranavi,1992-12-16,1401,1992-12-16,-67.4879858296,-15.844679091,Caranavi,100912526.08369984,52271.5658817149,56774.72932971144,7,1930.5433916415352,102744526.1716344,1965.5911285331404,0.9821693655497108,0.2591222906876548,52271.5658817149,57188.211091,50330,59676,100912526.08369984,1764.5686787269665,ok,PIB_MUNICIPAL_BENCHMARK_USD2017_2021 / POB_RETRO_2021
Chuquisaca,Tomina,Alcalá,Alcalá,1917-12-05,ML,1957-09-20,-64.3738832136,-19.4321348702,Villa Alcala,11803969.283847185,4962.455897754011,4070.169243832293,2,2378.6547481841835,10803181.876584817,2176.9829494050105,1.092638207770204,0.0450991724414834,4962.455897754011,4024.171651,4902,3768,11803969.283847185,2933.2668450048322,ok,PIB_MUNICIPAL_BENCHMARK_USD2017_2021 / POB_RETRO_2021
Chuquisaca,Tomina,Sopachuy,Villa de Sopachui,1917-12-05,ML,1932-04-01,-64.5352218162,-19.4622942159,Sopachuy,15009601.532609375,7008.849521790771,6183.064695920868,4,2141.5214417065126,13737027.888893018,1959.9547466647832,1.092638207770204,0.0450991724414834,7008.849521790771,7032.706655,7312,6942,15009601.532609375,2134.2567335100744,ok,PIB_MUNICIPAL_BENCHMARK_USD2017_2021 / POB_RETRO_2021
La Paz,Omasuyos,Huarina,Huarina,1863-09-07,3098,2005-07-15,-68.5931256425,-16.1645624962,Huarina,14291641.009833382,7430.653040051498,8653.877961399168,2,1923.335800070452,14551096.288606483,1958.252687909869,0.9821693655497108,0.2591222906876548,7430.653040051498,8490.176737,7948,8679,14291641.009833382,1683.3149005941093,ok,PIB_MUNICIPAL_BENCHMARK_USD2017_2021 / POB_RETRO_2021
Cochabamba,Bolivar,Bolivar,Bolivar,1985-01-31,704,1985-01-31,-66.6445215579,-18.0155672478,Bolivar,16701356.062362088,9387.82978160818,7609.785650119982,6,1779.0433413142975,19414215.63475748,2068.0195621774183,0.860264271117988,0.1718551800718803,9387.82978160818,8018.984047,7279,8282,16701356.062362088,2082.727184047894,ok,PIB_MUNICIPAL_BENCHMARK_USD2017_2021 / POB_RETRO_2021
Chuquisaca,Tomina,Tomina,Villa de Tomina,1917-12-05,ML,1932-04-01,-64.4949701995,-19.1608600057,Tomina,20370327.79664799,8575.642181091936,7244.851658864631,6,2375.370539778542,18643250.48473148,2173.9771892345475,1.092638207770204,0.0450991724414834,8575.642181091936,8505.247518,8494,8509,20370327.79664799,2395.0305681813506,ok,PIB_MUNICIPAL_BENCHMARK_USD2017_2021 / POB_RETRO_2021
Chuquisaca,Zudáñez,Zudañez,Villa Zudáñez,1917-12-05,ML,1917-12-05,-64.6879862089,-19.1279911384,Zudañez,21656988.710378986,10140.785337325604,9168.365106636047,5,2135.6322996666954,19820823.17492391,1954.5649094817727,1.092638207770204,0.0450991724414834,10140.785337325604,13069.574205,11362,13694,21656988.710378986,1657.0538849099692,ok,PIB_MUNICIPAL_BENCHMARK_USD2017_2021 / POB_RETRO_2021
Chuquisaca,Tomina,Padilla,Padilla,1917-12-05,ML,1827-01-03,-64.1608587629,-19.3747358802,Padilla,29020027.90388048,11664.659400133403,8893.955178241435,9,2487.8590028568337,26559594.65585865,2276.9284335515963,1.092638207770204,0.0450991724414834,11664.659400133403,9476.287435,10383,9192,29020027.90388048,3062.3836712610614,ok,PIB_MUNICIPAL_BENCHMARK_USD2017_2021 / POB_RETRO_2021
Chuquisaca,Zudáñez,Mojocoya,Villa de Mojocoya,1917-12-05,ML,1941-01-14,-64.6441709128,-18.7802819496,Villa Mojocoya,25114612.498845555,12207.483038574468,6844.213437749277,8,2057.312913684648,22985295.883161616,1882.8857521677728,1.092638207770204,0.0450991724414834,12207.483038574468,8797.470382,8068,9055,25114612.498845555,2854.7538564455263,ok,PIB_MUNICIPAL_BENCHMARK_USD2017_2021 / POB_RETRO_2021
Santa Cruz,Vallegrande,Pucará,Pucará,1984-10-18,658,1984-10-18,-64.1910807869,-18.7623656332,Pucará,5294306.284510855,2339.7598396547955,1737.248345889035,4,2262.756285829732,5109570.318502388,2183.801188440026,1.0361548925825552,0.3110055708407956,2339.7598396547955,2030.079872,2076,2015,5294306.284510855,2607.9300419086185,ok,PIB_MUNICIPAL_BENCHMARK_USD2017_2021 / POB_RETRO_2021
Chuquisaca,Belisario Boeto,Villa Serrano,Villa Serrano,1943-10-15,ML,1943-10-15,-64.3000593172,-18.9518465875,Villa Serrano,29345600.90946528,12178.43308110099,9437.18254840147,7,2409.636832098296,26857564.28868817,2205.338249168268,1.092638207770204,0.0450991724414834,12178.43308110099,9582.024555,11161,9107,29345600.90946528,3062.567909325148,ok,PIB_MUNICIPAL_BENCHMARK_USD2017_2021 / POB_RETRO_2021
La Paz,Los Andes,Batallas,Batallas,1917-11-24,654,1984-10-18,-68.4336080149,-16.1643723187,Batallas,45490855.99979105,19697.94043869493,19759.488442936563,6,2309.4219490291543,46316712.36694524,2351.3479752411063,0.9821693655497108,0.2591222906876548,19697.94043869493,19761.072237,17426,20607,45490855.99979105,2302.043910023463,ok,PIB_MUNICIPAL_BENCHMARK_USD2017_2021 / POB_RETRO_2021
Chuquisaca,Azurduy,Azurduy,Villa Azurduy,1917-12-05,ML,1917-12-05,-64.4329027862,-20.1813721151,Villa Azurduy,24785043.303151462,13508.203438124045,9224.536926355446,6,1834.8141865557727,22683668.87309517,1679.251351003148,1.092638207770204,0.0450991724414834,13508.203438124045,8515.335741,10652,7903,24785043.303151462,2910.636063926669,ok,PIB_MUNICIPAL_BENCHMARK_USD2017_2021 / POB_RETRO_2021
Potosí,José María Linares,"Caiza ""D""","Caiza ""D""",2006-08-15,666,1984-11-01,-65.6536114845,-20.0113212108,"Caiza ""D""",23894289.78899463,10138.684367121665,17172.203300846362,7,2356.744615354677,23189017.86237312,2287.182145404571,1.0304140490471525,0.0627775447835225,10138.684367121665,12759.459743,12067,12999,23894289.78899463,1872.672532471821,ok,PIB_MUNICIPAL_BENCHMARK_USD2017_2021 / POB_RETRO_2021
La Paz,Manco Kapac,Copacabana,Copacabana,1961-11-18,121,1961-11-18,-69.0641664312,-16.1363528164,Copacabana,29328080.872270197,12920.82444037438,17039.3831433545,3,2269.8304591638284,29860512.75978817,2311.0377280943044,0.9821693655497108,0.2591222906876548,12920.82444037438,16792.345622,14931,17463,29328080.872270197,1746.5148426670557,ok,PIB_MUNICIPAL_BENCHMARK_USD2017_2021 / POB_RETRO_2021
Potosí,Cornelio Saavedra,Chaquí,Chaquí,1925-11-06,ML,1929-01-04,-65.5460617741,-19.6250138307,Chaquí,30331954.869222406,13727.39502357072,19055.509575791453,3,2209.5929210997942,29436666.646064326,2144.373830251107,1.0304140490471525,0.0627775447835225,13727.39502357072,9437.453932,9910,9285,30331954.869222406,3213.9976616231734,ok,PIB_MUNICIPAL_BENCHMARK_USD2017_2021 / POB_RETRO_2021
Chuquisaca,Tomina,El Villar,El Villar,1917-12-05,204,1962-11-26,-64.2752432187,-19.6912768467,El Villar,13020446.224209243,6587.83208538396,3750.2736190631113,4,1976.438691128293,11916521.06947702,1808.8683674733472,1.092638207770204,0.0450991724414834,6587.83208538396,5329.938758,4465,5654,13020446.224209243,2442.888523798484,ok,PIB_MUNICIPAL_BENCHMARK_USD2017_2021 / POB_RETRO_2021
Potosí,Nor Chichas,Vitichi,Vitiche,1863-08-26,CSL,1911-01-16,-65.4324371794,-20.3496376912,Vitichi,25413039.735022698,11341.979473093515,8916.798412442775,7,2240.6176801245183,24662939.87210551,2174.4828520112555,1.0304140490471525,0.0627775447835225,11341.979473093515,10297.585545,10646,10184,25413039.735022698,2467.8639108650104,ok,PIB_MUNICIPAL_BENCHMARK_USD2017_2021 / POB_RETRO_2021
Chuquisaca,Luis Calvo,Villa Vaca Guzmán,Villa Vaca Guzmán,1947-11-14,ML,1947-11-14,-63.8012914588,-19.9031853746,Villa Vaca Guzman (Muyupampa),15224585.681284986,6546.583981634278,8315.771656425837,20,2325.577083253784,13933784.82741738,2128.405419758928,1.092638207770204,0.0450991724414834,6546.583981634278,12284.689193,9720,13282,15224585.681284986,1239.313868003371,ok,PIB_MUNICIPAL_BENCHMARK_USD2017_2021 / POB_RETRO_2021
Potosí,Nor Chichas,Cotagaita,Cotagaita,1863-08-26,CSL,1911-01-16,-65.7699421027,-20.6725072154,Cotagaita,87309595.7649546,32216.05745139842,61220.65677178148,17,2710.126647143929,84732536.2515115,2630.133633804824,1.0304140490471525,0.0627775447835225,32216.05745139842,29845.681488,31801,29221,87309595.7649546,2925.3678057014167,ok,PIB_MUNICIPAL_BENCHMARK_USD2017_2021 / POB_RETRO_2021
Chuquisaca,Sur Cinti,Villa Abecia,Villa Abecia,1944-03-23,ML,1947-11-20,-65.2893878064,-20.9860157745,Villa Abecia,22189254.701358348,4658.6290600631655,2972.2039014204493,4,4763.043894518077,20307961.54075644,4359.214111904648,1.092638207770204,0.0450991724414834,4658.6290600631655,4833.194702,3514,5375,22189254.701358348,4591.0119642607915,ok,PIB_MUNICIPAL_BENCHMARK_USD2017_2021 / POB_RETRO_2021
Potosí,Sur Chichas,Tupiza,Tupiza,1863-08-26,MDS,1863-02-05,-65.7969192073,-21.4911500216,Tupiza,139016092.481784,56434.70430695952,86897.68358318765,21,2463.3086004251563,134912846.54972956,2390.60075190457,1.0304140490471525,0.0627775447835225,56434.70430695952,45394.749261,44814,45590,139016092.481784,3062.3826487463857,ok,PIB_MUNICIPAL_BENCHMARK_USD2017_2021 / POB_RETRO_2021
Chuquisaca,Sur Cinti,Las Carreras,Las Carreras,1944-03-23,1445,1993-02-15,-65.320277535,-21.2956792225,Las Carreras,57451671.52778336,10076.265107029078,4308.584109913041,5,5701.683204792397,52580690.58835822,5218.27185270052,1.092638207770204,0.0450991724414834,10076.265107029078,4765.910338,4088,5016,57451671.52778336,12054.71094703315,ok,PIB_MUNICIPAL_BENCHMARK_USD2017_2021 / POB_RETRO_2021
La Paz,Larecaja,Tacacoma,Tacacoma,1826-10-18,652,1984-10-17,-68.5230229401,-15.3924830872,Tacacoma,13586677.726888107,8070.212126873681,9347.672817628132,5,1683.5589341753089,13833334.86407792,1714.1228317918844,0.9821693655497108,0.2591222906876548,8070.212126873681,9339.757567,8182,9761,13586677.726888107,1454.714175272541,ok,PIB_MUNICIPAL_BENCHMARK_USD2017_2021 / POB_RETRO_2021
Santa Cruz,Ichilo,Yapacaní,Yapacaní,1926-04-08,1144,1990-03-13,-64.3620574515,-16.7507586691,Yapacaní,143664980.15087163,55528.99429744534,53385.684082191015,26,2587.2065930335257,138652030.868469,2496.9303446370504,1.0361548925825552,0.3110055708407956,55528.99429744534,55893.272332,50558,57794,143664980.15087163,2570.3447688363544,ok,PIB_MUNICIPAL_BENCHMARK_USD2017_2021 / POB_RETRO_2021
Santa Cruz,Cordillera,Boyuibe,Boyuibe,1894-09-06,1265,1991-09-30,-63.0673573921,-20.3454200492,Boyuibe,17346449.336182974,7994.4351672803905,4325.365400839306,6,2169.8154995588043,16741173.988908134,2094.103415514129,1.0361548925825552,0.3110055708407956,7994.4351672803905,5475.87696,5087,5612,17346449.336182974,3167.7938464008516,ok,PIB_MUNICIPAL_BENCHMARK_USD2017_2021 / POB_RETRO_2021
Cochabamba,Ayopaya,Cocapata,Cocapata,1826-02-15,4007,2009-02-06,-66.5521991724,-16.4891607663,Cocapata,52220700.41651281,32259.213532844027,17619.963257204276,20,1618.7840526039304,60703091.09623661,1881.7287977102435,0.860264271117988,0.1718551800718803,32259.213532844027,19213.237749,18076,19608,52220700.41651281,2717.9542094170324,ok,PIB_MUNICIPAL_BENCHMARK_USD2017_2021 / POB_RETRO_2021
Santa Cruz,Vallegrande,Vallegrande,Vallegrande,1984-10-18,658,1984-10-18,-63.9404133016,-18.7837902986,Vallegrande,35796230.17603609,15610.145010353644,14686.935585351748,12,2293.138862726371,34547180.57337556,2213.123616113858,1.0361548925825552,0.3110055708407956,15610.145010353644,17238.740851,17208,17249,35796230.17603609,2076.4991182138715,ok,PIB_MUNICIPAL_BENCHMARK_USD2017_2021 / POB_RETRO_2021
Tarija,Gran Chaco,Villa Montes,Villa Montes,1876-08-12,MDS,1937-08-24,-62.9133898058,-21.4028222086,Villa Montes,272680412.0706332,72263.35343899866,42670.49289649791,24,3773.425935745111,188134856.50731543,2603.461471880489,1.4493880460691253,0.0641616532053175,72263.35343899866,44434.890909,39867,46071,272680412.0706332,6136.628367794532,ok,PIB_MUNICIPAL_BENCHMARK_USD2017_2021 / POB_RETRO_2021
Chuquisaca,Zudáñez,Presto,Presto,1917-12-05,ML,1926-10-28,-64.893029054,-18.7556524932,Presto,28357488.2714414,12546.692289774392,10151.073197561856,7,2260.156511095189,25953227.765402608,2068.5314635917707,1.092638207770204,0.0450991724414834,12546.692289774392,12500.321402,12385,12539,28357488.2714414,2268.540732624118,ok,PIB_MUNICIPAL_BENCHMARK_USD2017_2021 / POB_RETRO_2021
Santa Cruz,Vallegrande,Trigal,Trigal,1984-10-18,658,1984-10-18,-64.1326643091,-18.2870823247,Trigal,6454599.902127291,2857.5026833606435,3024.911260437002,2,2258.8254911229637,6229377.430279347,2180.007552242477,1.0361548925825552,0.3110055708407956,2857.5026833606435,2300.887716,2135,2359,6454599.902127291,2805.265053561929,ok,PIB_MUNICIPAL_BENCHMARK_USD2017_2021 / POB_RETRO_2021
Santa Cruz,Florida,Quirusillas,Quirusillas,1924-12-15,24,1943-09-24,-63.9374563818,-18.3705717191,Quirusillas,6954456.326246598,3266.758982916721,3995.7364313029393,2,2128.855040305827,6711792.200211518,2054.5722030031443,1.0361548925825552,0.3110055708407956,3266.758982916721,3062.994013,2995,3086,6954456.326246598,2270.4766303513024,ok,PIB_MUNICIPAL_BENCHMARK_USD2017_2021 / POB_RETRO_2021
Santa Cruz,Andrés Ibáñez,La Guardia,La Guardia,1944-12-06,1522,1993-12-13,-63.2339492265,-18.0537226226,La Guardia,273788621.5866844,79268.39244594339,117779.29750616627,8,3453.9444176743327,264235225.395966,3333.4248020250902,1.0361548925825552,0.3110055708407956,79268.39244594339,130252.513771,89284,147726,273788621.5866844,2101.9833987098236,ok,PIB_MUNICIPAL_BENCHMARK_USD2017_2021 / POB_RETRO_2021
Santa Cruz,Vallegrande,Moromoro,Moromoro,1984-10-18,658,1984-10-18,-64.3442093121,-18.3207853576,Moromoro,9977123.843915837,3734.08871383177,2898.091907368769,5,2671.903269721119,9628988.788585884,2578.6716723998256,1.0361548925825552,0.3110055708407956,3734.08871383177,2786.477185,2767,2793,9977123.843915837,3580.551061542838,ok,PIB_MUNICIPAL_BENCHMARK_USD2017_2021 / POB_RETRO_2021
Santa Cruz,Andrés Ibáñez,El Torno,El Torno,1944-12-06,1522,1993-12-13,-63.4688591396,-18.0488023313,El Torno,57591450.89927666,20509.349604239447,66913.86151586988,6,2808.0583738926584,55581893.50989151,2710.0758718551606,1.0361548925825552,0.3110055708407956,20509.349604239447,54120.031322,49652,55697,57591450.89927666,1064.1429705884027,ok,PIB_MUNICIPAL_BENCHMARK_USD2017_2021 / POB_RETRO_2021
Santa Cruz,Florida,Samaipata,Samaipata,1924-12-15,ML,1924-12-15,-63.7500244308,-18.175267861,Samaipata,27333807.247702897,12437.998575869828,14776.305844702309,6,2197.604950745973,26380039.744419858,2120.9232002645585,1.0361548925825552,0.3110055708407956,12437.998575869828,11484.278223,10472,11843,27333807.247702897,2380.1066743157367,ok,PIB_MUNICIPAL_BENCHMARK_USD2017_2021 / POB_RETRO_2021
Santa Cruz,Ñuflo De Chávez,Cuatro Cañadas,Cuatro Cañadas,1915-09-16,2322,2003-01-28,-62.2426278351,-17.2373486962,Cuatro Cañadas,82191271.73583917,27055.30182255014,30355.81791674259,12,3037.898903324528,79323344.7279125,2931.896500293256,1.0361548925825552,0.3110055708407956,27055.30182255014,24631.848786,22845,25258,82191271.73583917,3336.788580120534,ok,PIB_MUNICIPAL_BENCHMARK_USD2017_2021 / POB_RETRO_2021
Santa Cruz,Ñuflo De Chávez,San Ramón,San Ramón,1915-09-16,1966,1999-03-24,-62.4345709129,-16.5769120247,San Ramón,16691437.408843745,6942.021922547511,9894.36136583738,4,2404.4057473558787,16109017.60762941,2320.508028836344,1.0361548925825552,0.3110055708407956,6942.021922547511,8265.173904,7490,8541,16691437.408843745,2019.4901646464739,ok,PIB_MUNICIPAL_BENCHMARK_USD2017_2021 / POB_RETRO_2021
Santa Cruz,Andrés Ibáñez,Cotoca,Cotoca,1944-12-06,1522,1993-12-13,-62.9082845307,-17.7547826004,Cotoca,163661575.8628003,49468.11096977952,65408.13091518233,6,3308.425825331849,157950878.80624047,3192.983837663297,1.0361548925825552,0.3110055708407956,49468.11096977952,90606.674294,55633,106603,163661575.8628003,1806.2860946904348,ok,PIB_MUNICIPAL_BENCHMARK_USD2017_2021 / POB_RETRO_2021
Santa Cruz,Manuel María Caballero,Saipina,Saipina,1960-11-04,23,1960-11-04,-64.6399376625,-18.0237514668,Saipina,12807913.961886631,6632.1736634827685,7817.649455246428,5,1931.1789183699968,12361003.218315804,1863.7936588386383,1.0361548925825552,0.3110055708407956,6632.1736634827685,6358.723584,7390,6048,12807913.961886631,2014.2271939236366,ok,PIB_MUNICIPAL_BENCHMARK_USD2017_2021 / POB_RETRO_2021
Cochabamba,Campero,Omereque,Omereque,1899-07-08,520,1980-05-09,-64.8934476661,-18.0705641641,Omereque,14477256.13853589,7621.33919721289,5972.032687288745,6,1899.568535649246,16828847.39560489,2208.1220846015053,0.860264271117988,0.1718551800718803,7621.33919721289,6418.501021,5643,6700,14477256.13853589,2255.550959979626,ok,PIB_MUNICIPAL_BENCHMARK_USD2017_2021 / POB_RETRO_2021
Santa Cruz,Cordillera,Cuevo,Cuevo,1894-09-06,CSL,1926-09-27,-63.5309318494,-20.32724302,Cuevo,8222119.22596874,3487.307189129713,4496.643552821479,4,2357.727260620433,7935222.122510651,2275.458309851663,1.0361548925825552,0.3110055708407956,3487.307189129713,5262.797422,5052,5335,8222119.22596874,1562.3096551923372,ok,PIB_MUNICIPAL_BENCHMARK_USD2017_2021 / POB_RETRO_2021
Chuquisaca,Luis Calvo,Huacaya,Villa de Huacaya,1947-11-14,ML,1947-11-14,-63.5948645769,-20.7163605271,Huacaya,5288653.299813206,2201.472835331957,1964.403102918557,6,2402.3250321032183,4840260.263830605,2198.6463726229667,1.092638207770204,0.0450991724414834,2201.472835331957,2545.498673,2541,2547,5288653.299813206,2077.6492070992945,ok,PIB_MUNICIPAL_BENCHMARK_USD2017_2021 / POB_RETRO_2021
Chuquisaca,Luis Calvo,Macharetí,Villa de Macharetí,1947-11-14,ML,1950-01-04,-62.882725528,-20.7344252332,Macharetí,43504595.21056028,15630.44725607344,6513.5929480651575,25,2783.323758931845,39816102.806199744,2547.342513870076,1.092638207770204,0.0450991724414834,15630.44725607344,7280.322348,7418,7235,43504595.21056028,5975.641342477149,ok,PIB_MUNICIPAL_BENCHMARK_USD2017_2021 / POB_RETRO_2021
Santa Cruz,Andrés Ibáñez,Porongo,Porongo (Ayacucho),1944-12-06,1522,1993-12-13,-63.3648655158,-17.7503118828,Porongo (Ayacucho),59604193.52789213,16226.292101753716,21351.3548267582,6,3673.309537022952,57524404.84967665,3545.13554230048,1.0361548925825552,0.3110055708407956,16226.292101753716,20862.618624,15317,23126,59604193.52789213,2856.9852424988753,ok,PIB_MUNICIPAL_BENCHMARK_USD2017_2021 / POB_RETRO_2021
Santa Cruz,Ñuflo De Chávez,San Javier,San Javier,1915-09-16,CSL,1915-09-16,-62.4908696082,-16.233748337,San Javier,35181384.8109944,15170.613311235547,16444.528853743337,8,2319.0482869231546,33953789.209359296,2238.1289742724307,1.0361548925825552,0.3110055708407956,15170.613311235547,14560.341027,13620,14888,35181384.8109944,2416.247308047916,ok,PIB_MUNICIPAL_BENCHMARK_USD2017_2021 / POB_RETRO_2021
Cochabamba,Chapare,Villa Tunari,Villa Tunari,1854-06-10,MDS,1970-06-04,-65.571835347,-16.6345803631,Villa Tunari,144623410.6450042,80847.47823428582,74006.67933269191,32,1788.842568792359,168115096.14022857,2079.41051238546,0.860264271117988,0.1718551800718803,80847.47823428582,87573.215423,71386,93747,144623410.6450042,1651.4571258639032,ok,PIB_MUNICIPAL_BENCHMARK_USD2017_2021 / POB_RETRO_2021
Cochabamba,Carrasco,Chimoré,Chimoré,1926-09-14,633,1984-09-13,-64.9112188058,-16.558197565,Chimoré,34585701.461444885,18610.5860829124,23187.636941390032,12,1858.3886239456092,40203577.6942099,2160.2531760739903,0.860264271117988,0.1718551800718803,18610.5860829124,25944.366105,21736,27521,34585701.461444885,1333.0717475280917,ok,PIB_MUNICIPAL_BENCHMARK_USD2017_2021 / POB_RETRO_2021
Cochabamba,Tiraque,Tiraque,Tiraque,1986-10-15,888,1986-10-15,-65.5173096085,-17.3365544649,Tiraque,56120679.96682234,29374.635593972624,12728.76658570303,10,1910.51493344611,65236557.94037413,2220.8465440081923,0.860264271117988,0.1718551800718803,29374.635593972624,19128.501436,21231,18475,56120679.96682234,2933.877499769162,ok,PIB_MUNICIPAL_BENCHMARK_USD2017_2021 / POB_RETRO_2021
Cochabamba,Tiraque,Shinahota,Shinahota,1986-10-15,4047,2009-07-04,-65.3182572206,-17.0591777002,Shinahota,32729809.831042483,15371.306326088634,30571.83087920334,5,2129.279655008402,38046227.107057765,2475.145983037537,0.860264271117988,0.1718551800718803,15371.306326088634,25428.505883,20841,27172,32729809.831042483,1287.13067066817,ok,PIB_MUNICIPAL_BENCHMARK_USD2017_2021 / POB_RETRO_2021
Chuquisaca,Sur Cinti,Culpina,Culpina,1944-03-23,ML,1960-12-20,-64.5720022582,-20.8697761123,Culpina,32738293.9159399,14560.966583193822,15294.208902138984,15,2248.3599374320547,29962611.304569345,2057.7350503057955,1.092638207770204,0.0450991724414834,14560.966583193822,15521.520993,17731,14848,32738293.9159399,2109.2194464458003,ok,PIB_MUNICIPAL_BENCHMARK_USD2017_2021 / POB_RETRO_2021
Chuquisaca,Nor Cinti,Incahuasi,Incahuasi,1984-10-03,643,1984-10-03,-64.5723537511,-20.5907602285,Incahuasi,29262325.15969584,13396.940206823156,14856.904515779885,6,2184.2543676348077,26781348.98779788,1999.064605375931,1.092638207770204,0.0450991724414834,13396.940206823156,15550.683765,13056,16484,29262325.15969584,1881.7388098510326,ok,PIB_MUNICIPAL_BENCHMARK_USD2017_2021 / POB_RETRO_2021
Santa Cruz,Ichilo,San Juan,San Juan,1926-04-08,2233,2001-07-26,-63.9987648468,-16.8614961446,San Juan,35952649.84210828,15470.149601609535,13152.940887089284,8,2324.001432951089,34698142.236725256,2242.909288551108,1.0361548925825552,0.3110055708407956,15470.149601609535,9937.813,9191,10200,35952649.84210828,3617.7627656224977,ok,PIB_MUNICIPAL_BENCHMARK_USD2017_2021 / POB_RETRO_2021
Potosí,Tomás Frías,Tinguipaya,Tinguipaya,1993-11-10,1669,1995-10-31,-65.9040959582,-19.1700080476,Tinguipaya,33458598.41459341,16116.1367428322,51717.97508794261,8,2076.092983603805,32471023.12466852,2014.8143219937808,1.0304140490471525,0.0627775447835225,16116.1367428322,28496.310245,27200,28942,33458598.41459341,1174.1379191447154,ok,PIB_MUNICIPAL_BENCHMARK_USD2017_2021 / POB_RETRO_2021
Santa Cruz,Obispo Santistéban,Montero,Montero,1941-12-02,CSL,1941-12-02,-63.2499004885,-17.3328692562,Montero,406576193.8520833,151263.48491344185,151291.5531360279,2,2687.8674260661137,392389397.3406969,2594.078786200355,1.0361548925825552,0.3110055708407956,151263.48491344185,122301.464098,109518,126886,406576193.8520833,3324.3771597586024,ok,PIB_MUNICIPAL_BENCHMARK_USD2017_2021 / POB_RETRO_2021
Beni,Iténez,Baures,Baures,1995-10-31,1669,1995-10-31,-62.8753745079,-13.6251416398,Baures,16260838.755090931,7160.219937121786,11721.050138429106,44,2270.997105939088,16268306.84379786,2272.040103049862,0.9995409424730776,0.0355050251817614,7160.219937121786,7074.194378,5965,7488,16260838.755090931,2298.6135078125394,ok,PIB_MUNICIPAL_BENCHMARK_USD2017_2021 / POB_RETRO_2021
Santa Cruz,Guarayos,Ascención de Guarayos,Ascención de Guarayos,1990-03-06,1143,1990-03-06,-63.4308759118,-15.3439097857,Ascención de Guarayos,66064333.23932538,25444.28920298221,55115.65959786336,25,2596.430684791237,63759128.78687849,2505.8325771350515,1.0361548925825552,0.3110055708407956,25444.28920298221,32172.676776,27070,34079,66064333.23932538,2053.4298000305143,ok,PIB_MUNICIPAL_BENCHMARK_USD2017_2021 / POB_RETRO_2021
Beni,Marbán,San Andrés,San Andrés,1937-12-03,CSL,1941-11-27,-64.142300199,-15.3740069743,San Andrés,34373615.25744861,11684.671800024007,28012.56258160778,28,2941.7698541929085,34389401.97126988,2943.120916002041,0.9995409424730776,0.0355050251817614,11684.671800024007,14739.06782,12503,15570,34373615.25744861,2332.1430959212576,ok,PIB_MUNICIPAL_BENCHMARK_USD2017_2021 / POB_RETRO_2021
Beni,Marbán,Loreto,Loreto,1937-12-03,CSL,1941-11-27,-64.9204166036,-15.5680904885,Loreto,30930053.616939142,15173.911534340685,7251.498651201859,21,2038.370498400502,30944258.81186177,2039.3066574713173,0.9995409424730776,0.0355050251817614,15173.911534340685,4154.201884,3828,4269,30930053.616939142,7445.48639642,ok,PIB_MUNICIPAL_BENCHMARK_USD2017_2021 / POB_RETRO_2021
Cochabamba,Arani,Vacas,Vacas,1914-11-24,CSL,1914-11-24,-65.5825610899,-17.5890419755,Vacas,23875841.49258949,12912.68423536605,9716.678372388891,3,1849.0223300897328,27754077.780727506,2149.365482407828,0.860264271117988,0.1718551800718803,12912.68423536605,8538.717475,8940,8409,23875841.49258949,2796.185909990896,ok,PIB_MUNICIPAL_BENCHMARK_USD2017_2021 / POB_RETRO_2021
Cochabamba,Carrasco,Pocona,Pocona,1926-09-14,MDS,1906-11-27,-65.3718448584,-17.6818010528,Pocona,36886470.318236336,20934.54167965617,11830.249091482614,7,1761.9908227597823,42878068.46877317,2048.1971435009414,0.860264271117988,0.1718551800718803,20934.54167965617,11862.24334,10750,12258,36886470.318236336,3109.5695191401473,ok,PIB_MUNICIPAL_BENCHMARK_USD2017_2021 / POB_RETRO_2021
Santa Cruz,Warnes,Okinawa Uno,Okinawa Uno,1919-11-27,1837,1998-04-06,-62.8653660948,-17.3231626285,Okinawa Uno,193026856.82368267,57561.820509982965,17438.27724038497,6,3353.38345996555,186291507.38513097,3236.372750803154,1.0361548925825552,0.3110055708407956,57561.820509982965,11092.812938,12482,10665,193026856.82368267,17401.07382123249,ok,PIB_MUNICIPAL_BENCHMARK_USD2017_2021 / POB_RETRO_2021
Santa Cruz,Warnes,Warnes,Warnes,1919-11-27,1837,1998-04-06,-63.0701384196,-17.4117280543,Warnes,371645968.5386823,91844.03345089503,123442.41937067552,7,4046.4900611903663,358678003.8381873,3905.294556014426,1.0361548925825552,0.3110055708407956,91844.03345089503,135142.903815,96406,151248,371645968.5386823,2750.022073288849,ok,PIB_MUNICIPAL_BENCHMARK_USD2017_2021 / POB_RETRO_2021
Santa Cruz,Obispo Santistéban,General Saavedra,General Saavedra,1941-12-02,CSL,1941-12-02,-63.1762704831,-17.1681743435,General Saavedra,52883944.56477762,20024.740620940385,20016.060569353387,5,2640.93031544566,51038647.73824258,2548.779467578729,1.0361548925825552,0.3110055708407956,20024.740620940385,15965.50642,14209,16598,52883944.56477762,3312.387541861318,ok,PIB_MUNICIPAL_BENCHMARK_USD2017_2021 / POB_RETRO_2021
Santa Cruz,Obispo Santistéban,Fernández Alonso,Fernández Alonso,1941-12-02,2320,2002-01-28,-63.2123267534,-16.8886669624,Fernández Alonso,54063841.93991505,22856.22193309168,21082.704030475987,5,2365.3883873799973,52177374.567198254,2282.852114401936,1.0361548925825552,0.3110055708407956,22856.22193309168,14735.133171,15117,14610,54063841.93991505,3669.043320532365,ok,PIB_MUNICIPAL_BENCHMARK_USD2017_2021 / POB_RETRO_2021
Santa Cruz,Obispo Santistéban,Mineros,Mineros,1941-12-02,577,1983-10-27,-63.2730267245,-17.0528301372,Mineros,86801095.29849067,33042.095519822644,32858.21038148781,4,2626.985181566856,83772316.20471726,2535.3209258311267,1.0361548925825552,0.3110055708407956,33042.095519822644,23145.169635,23251,23110,86801095.29849067,3750.2898733426387,ok,PIB_MUNICIPAL_BENCHMARK_USD2017_2021 / POB_RETRO_2021
Santa Cruz,Florida,Pampa Grande,Pampa Grande,1924-12-15,ML,1924-12-15,-64.1534336693,-18.0454004315,Pampa Grande,25021584.973861314,11443.299705411257,12747.646198093104,8,2186.5707984585265,24148498.60091524,2110.274066272686,1.0361548925825552,0.3110055708407956,11443.299705411257,9566.066716,9198,9692,25021584.973861314,2615.660722141457,ok,PIB_MUNICIPAL_BENCHMARK_USD2017_2021 / POB_RETRO_2021
Santa Cruz,Florida,Mairana,Mairana,1924-12-15,CSDS,1938-05-12,-64.0068969626,-17.9845787204,Mairana,25874553.519740164,11542.422181428525,14151.623421437484,5,2241.69183149198,24971704.235502243,2163.47174301778,1.0361548925825552,0.3110055708407956,11542.422181428525,12040.767087,10177,12735,25874553.519740164,2148.912385174692,ok,PIB_MUNICIPAL_BENCHMARK_USD2017_2021 / POB_RETRO_2021
Cochabamba,Carrasco,Puerto Villarroel,Puerto Villarroel,1926-09-14,537,1980-04-14,-64.8840459528,-17.0318868672,Puerto Villarroel,55930178.369402245,26684.099516897924,47217.50792723427,10,2096.011459333076,65015112.50341262,2436.4739181939144,0.860264271117988,0.1718551800718803,26684.099516897924,59539.960932,46627,64595,55930178.369402245,939.3721039365728,ok,PIB_MUNICIPAL_BENCHMARK_USD2017_2021 / POB_RETRO_2021
Santa Cruz,Sara,Colpa Bélgica,Colpa Bélgica,1883-09-25,2325,2002-02-01,-63.292369664,-17.5436018064,Colpa Bélgica,25406743.733170472,6738.683397463671,8433.248621759041,4,3770.283041155064,24520217.88928261,3638.7253181402784,1.0361548925825552,0.3110055708407956,6738.683397463671,6022.440366,6069,6007,25406743.733170472,4218.679171317517,ok,PIB_MUNICIPAL_BENCHMARK_USD2017_2021 / POB_RETRO_2021
Santa Cruz,Germán Busch,Puerto Suarez,Puerto Suarez,1984-11-30,672,1984-11-30,-58.2392165665,-19.072275805,Puerto Suarez,85162814.94303355,22602.39513299204,27562.608677077005,36,3767.8668318971177,82191200.90314898,3636.393418464618,1.0361548925825552,0.3110055708407956,22602.39513299204,17990.996417,19829,17417,85162814.94303355,4733.635256639132,ok,PIB_MUNICIPAL_BENCHMARK_USD2017_2021 / POB_RETRO_2021
Santa Cruz,Germán Busch,El Carmen Rivero Tórrez,El Carmen Rivero Tórrez,1984-11-30,2015,1999-09-23,-58.574740641,-18.4526778104,El Carmen Rivero Tórrez,66451393.597074986,19237.680058524016,8978.101404547648,26,3454.231144031895,64132683.32058809,3333.701523545796,1.0361548925825552,0.3110055708407956,19237.680058524016,8119.144028,6342,8816,66451393.597074986,8184.531936927542,ok,PIB_MUNICIPAL_BENCHMARK_USD2017_2021 / POB_RETRO_2021
Santa Cruz,Angel Sandoval,San Matías,San Matías,1948-12-16,CSL,1948-12-16,-58.8233464109,-17.2550659997,San Matías,63834777.26160309,16176.992217288667,20225.56571306724,54,3946.022623005383,61607369.43730358,3808.3327611088657,1.0361548925825552,0.3110055708407956,16176.992217288667,15145.793288,14470,15378,63834777.26160309,4214.686946340086,ok,PIB_MUNICIPAL_BENCHMARK_USD2017_2021 / POB_RETRO_2021
Cochabamba,Ayopaya,Ayopaya,Villa de Independencia,1826-02-15,ML,1899-12-26,-66.8052874221,-17.1439084255,Independencia,36895252.46113784,21466.38424663252,24740.90330980723,7,1718.7455529184278,42888277.12580607,1997.927393502893,0.860264271117988,0.1718551800718803,21466.38424663252,22261.832966,23658,21815,36895252.46113784,1657.3321934802605,ok,PIB_MUNICIPAL_BENCHMARK_USD2017_2021 / POB_RETRO_2021
Santa Cruz,Velasco,San Ignacio,San Ignacio,1880-10-12,CSL,1880-10-12,-60.9945359351,-15.0296081097,San Ignacio de Velasco,211266660.4069248,69650.4688874227,73116.00637439497,94,3033.241036013683,203894863.5182864,2927.401161474524,1.0361548925825552,0.3110055708407956,69650.4688874227,63068.2106,52362,67103,211266660.4069248,3349.8121858214777,ok,PIB_MUNICIPAL_BENCHMARK_USD2017_2021 / POB_RETRO_2021
Santa Cruz,Guarayos,Urubicha,Urubicha,1990-03-06,1143,1990-03-06,-63.0185819905,-14.9527337818,Urubicha,32181526.75262985,14210.702245785324,14350.601382044842,38,2264.5979203578345,31058606.18234334,2185.578562210382,1.0361548925825552,0.3110055708407956,14210.702245785324,6669.703968,7026,6555,32181526.75262985,4825.0307518569925,ok,PIB_MUNICIPAL_BENCHMARK_USD2017_2021 / POB_RETRO_2021
Beni,Cercado,Trinidad,Trinidad,1856-07-09,1669,1995-10-31,-64.6573311135,-14.834972123,Trinidad,296924329.3436845,123602.2918137758,206205.5773046604,13,2402.255856153887,297060697.2927296,2403.359136255283,0.9995409424730776,0.0355050251817614,123602.2918137758,122698.171646,106596,128589,296924329.3436845,2419.9572443612396,ok,PIB_MUNICIPAL_BENCHMARK_USD2017_2021 / POB_RETRO_2021
Beni,Moxos,San Ignacio,San Ignacio,1941-11-27,CSL,1856-07-09,-65.6867458065,-15.46858664,San Ignacio,59509683.23636828,24767.24114682577,25796.589686636515,53,2402.7578559752174,59537014.15084471,2403.8613666292463,0.9995409424730776,0.0355050251817614,24767.24114682577,63068.2106,52362,67103,59509683.23636828,943.5765288077063,ok,PIB_MUNICIPAL_BENCHMARK_USD2017_2021 / POB_RETRO_2021
Beni,Cercado,San Javier,San Javier,1856-07-09,CSDS,1856-07-09,-64.4254224152,-14.4220614976,San Javier,30319323.86412539,12329.518783322656,10476.479489480043,19,2459.084121363794,30333248.57019755,2460.2135008892137,0.9995409424730776,0.0355050251817614,12329.518783322656,14560.341027,13620,14888,30319323.86412539,2082.322371961664,ok,PIB_MUNICIPAL_BENCHMARK_USD2017_2021 / POB_RETRO_2021
Santa Cruz,Obispo Santistéban,San Pedro,San Pedro,1941-12-02,2321,2002-01-28,-63.6119732803,-16.5173365309,San Pedro,71735754.7136696,27687.701723101283,26028.61387174408,13,2590.8887429907822,69232655.4911809,2500.484012127901,1.0361548925825552,0.3110055708407956,27687.701723101283,16130.295758,19103,15246,71735754.7136696,4447.2684065775575,ok,PIB_MUNICIPAL_BENCHMARK_USD2017_2021 / POB_RETRO_2021
Santa Cruz,Ñuflo De Chávez,San Antonio de Lomerio,San Antonio de Lomerio,1915-09-16,1965,1999-03-24,-61.8741502326,-16.8063462089,San Antonio de Lomerio,26979111.663181607,12383.121218321869,9049.690574559558,9,2178.700441312304,26037720.66928889,2102.678332080276,1.0361548925825552,0.3110055708407956,12383.121218321869,6393.050479,6481,6364,26979111.663181607,4220.068612349774,ok,PIB_MUNICIPAL_BENCHMARK_USD2017_2021 / POB_RETRO_2021
Cochabamba,Carrasco,Pojo,Pojo,1926-09-14,ML,1900-01-08,-64.8635686791,-17.6005757141,Pojo,32056120.94801134,16745.833020830647,10877.362465368216,9,1914.2744889511175,37263108.58679698,2225.2167772391062,0.860264271117988,0.1718551800718803,16745.833020830647,11412.518117,10156,11865,32056120.94801134,2808.8560841526496,ok,PIB_MUNICIPAL_BENCHMARK_USD2017_2021 / POB_RETRO_2021
Cochabamba,Carrasco,Entre Ríos,Entre Ríos,1926-09-14,2126,2000-09-25,-64.5456213959,-17.3116931858,Entre Rios (Bulo Bulo),99274967.63548727,43313.91611822575,34796.52192703593,8,2291.987807440807,115400547.21378914,2664.283388710506,0.860264271117988,0.1718551800718803,43313.91611822575,21140.216233,21991,20864,99274967.63548727,4696.024229015415,ok,PIB_MUNICIPAL_BENCHMARK_USD2017_2021 / POB_RETRO_2021
Cochabamba,Chapare,Colomi,Colomi,1854-06-10,ML,1945-11-13,-65.9205656841,-17.233268378,Colomi,39978558.54716636,19694.610088639303,17505.721562462983,3,2029.923840443417,46472415.3837178,2359.651456645241,0.860264271117988,0.1718551800718803,19694.610088639303,21175.508973,19285,21846,39978558.54716636,1887.9621075026216,ok,PIB_MUNICIPAL_BENCHMARK_USD2017_2021 / POB_RETRO_2021
Cochabamba,Mizque,Alalay,Alalay,1876-06-24,1090,1989-02-21,-65.6300251915,-17.7732610441,Alalay,8685146.836133383,4810.6226108963365,3639.106218190551,2,1805.410138899906,10095905.558005195,2098.6692107456925,0.860264271117988,0.1718551800718803,4810.6226108963365,3495.635984,3447,3512,8685146.836133383,2484.568438092183,ok,PIB_MUNICIPAL_BENCHMARK_USD2017_2021 / POB_RETRO_2021
Cochabamba,Mizque,Vila Vila,Vila Vila,1876-06-24,ML,1941-11-28,-65.6714027838,-17.9782481521,Vila Vila,12718797.057442188,7150.084911537971,5614.437364097961,4,1778.831610365645,14784755.666898742,2067.7734390315886,0.860264271117988,0.1718551800718803,7150.084911537971,5296.942833,5459,5244,12718797.057442188,2401.158075323989,ok,PIB_MUNICIPAL_BENCHMARK_USD2017_2021 / POB_RETRO_2021
La Paz,Abel Iturralde,Ixiamas,Ixiamas,1938-09-24,273,1963-12-14,-68.0183319387,-13.0899043302,Ixiamas,35988915.99678861,15857.659021669106,10520.708848889471,70,2269.497404857213,36642270.93526375,2310.6986274072974,0.9821693655497108,0.2591222906876548,15857.659021669106,11694.745847,9362,12595,35988915.99678861,3077.357684060423,ok,PIB_MUNICIPAL_BENCHMARK_USD2017_2021 / POB_RETRO_2021
La Paz,Muñecas,Ayata,Ayata,1826-10-18,CSDS,1957-09-14,-68.7109999104,-15.3200138151,Ayata,14368786.37479329,8503.715893513097,9663.798845041398,7,1689.7067769813727,14629642.176582463,1720.3822846130615,0.9821693655497108,0.2591222906876548,8503.715893513097,8870.104548,8410,9029,14368786.37479329,1619.911726681656,ok,PIB_MUNICIPAL_BENCHMARK_USD2017_2021 / POB_RETRO_2021
Potosí,Antonio Quijarro,Uyuni,Uyuni,1967-01-27,CSL,1889-11-05,-66.7893740363,-20.0652777196,Uyuni (Thola Pampa),102481433.7827796,40108.76131382449,57778.77947489747,27,2555.088475082296,99456557.17480418,2479.671620786852,1.0304140490471525,0.0627775447835225,40108.76131382449,33813.006014,29672,35318,102481433.7827796,3030.8288396543185,ok,PIB_MUNICIPAL_BENCHMARK_USD2017_2021 / POB_RETRO_2021
La Paz,Pacajes,Waldo Ballivian,Waldo Ballivian,1856-03-29,1087,1989-02-21,-68.2193859265,-17.1150973219,Waldo Ballivian,6085952.731877944,3046.4710719720288,5391.862330462143,2,1997.7057349631784,6196439.173677234,2033.9727597236567,0.9821693655497108,0.2591222906876548,3046.4710719720288,6067.308995,5069,6442,6085952.731877944,1003.0728181491576,ok,PIB_MUNICIPAL_BENCHMARK_USD2017_2021 / POB_RETRO_2021
Oruro,Sajama,Curahuara de Carangas,Curahuara de Carangas,1951-07-25,CSL,1950-11-11,-68.6660373005,-17.9882765615,Curahuara de Carangas,9392657.563857237,4365.946918839155,3636.677294104338,12,2151.3448831289534,10361359.322033938,2373.221551852692,0.9065082362198644,0.0392454706498095,4365.946918839155,5944.653077,4184,6683,9392657.563857237,1580.017780940088,ok,PIB_MUNICIPAL_BENCHMARK_USD2017_2021 / POB_RETRO_2021
Beni,Mamoré,San Joaquín,San Joaquín,1941-11-27,CSL,1941-11-27,-64.8557320083,-12.9608280148,San Joaquín,20458445.586038563,6330.806033971355,13413.922696940384,27,3231.57043135704,20467841.502740253,3233.054589401256,0.9995409424730776,0.0355050251817614,6330.806033971355,6835.087903,6917,6808,20458445.586038563,2993.150325993777,ok,PIB_MUNICIPAL_BENCHMARK_USD2017_2021 / POB_RETRO_2021
Oruro,Carangas,Choquecota,Choquecota,1950-11-11,799,1986-02-28,-67.9549788457,-18.1221125519,Choquecota,4743425.609347603,2592.2223120989484,1489.1147867537802,6,1829.868367079521,5232633.769691568,2018.5898968883776,0.9065082362198644,0.0392454706498095,2592.2223120989484,2321.499933,1850,2504,4743425.609347603,2043.2589902427962,ok,PIB_MUNICIPAL_BENCHMARK_USD2017_2021 / POB_RETRO_2021
La Paz,Inquisivi,Cajuata,Cajuata,1919-11-12,CSL,1945-11-03,-67.2474451387,-16.6375142199,Cajuata,21077180.120278034,10833.410075325512,11569.459612804058,6,1945.572075064714,21459822.368295245,1980.892647752046,0.9821693655497108,0.2591222906876548,10833.410075325512,14092.044409,10458,15565,21077180.120278034,1495.6793711412495,ok,PIB_MUNICIPAL_BENCHMARK_USD2017_2021 / POB_RETRO_2021
La Paz,Inquisivi,Inquisivi,Inquisivi,1919-11-12,CSL,1945-11-03,-66.9779705643,-16.6832233612,Inquisivi,29348305.385521337,17200.319032281514,15693.964892243615,14,1706.2651762703072,29881104.43568495,1737.241290676305,0.9821693655497108,0.2591222906876548,17200.319032281514,17598.272533,14717,18679,29348305.385521337,1667.681036926353,ok,PIB_MUNICIPAL_BENCHMARK_USD2017_2021 / POB_RETRO_2021
La Paz,Sud Yungas,Irupana,Villa de Lanza,1899-07-01,CSDS,1899-07-01,-67.5101940576,-16.5111260818,Irupana,39398108.63098584,20862.66686231488,19590.55848618896,6,1888.450258588576,40113355.20420665,1922.7338225231945,0.9821693655497108,0.2591222906876548,20862.66686231488,21606.480951,17276,23279,39398108.63098584,1823.4393985529284,ok,PIB_MUNICIPAL_BENCHMARK_USD2017_2021 / POB_RETRO_2021
La Paz,Sud Yungas,Chulumani,Villa de la Libertad,1899-07-01,CSDS,1899-07-01,-67.5376339701,-16.389143975,Chulumani,34131672.31093176,16094.117927961994,20142.732764580007,3,2120.754455988621,34751310.22013559,2159.255348797868,0.9821693655497108,0.2591222906876548,16094.117927961994,18181.80148,17823,18303,34131672.31093176,1877.243701556922,ok,PIB_MUNICIPAL_BENCHMARK_USD2017_2021 / POB_RETRO_2021
Oruro,Poopó,Poopó,Villa de Poopó,1903-10-16,ML,1903-10-16,-66.9415747493,-18.3667148633,Poopó,9855161.823068583,3923.8880202486994,3631.8079474747447,6,2511.5808025642777,10871563.4666096,2770.6100200893475,0.9065082362198644,0.0392454706498095,3923.8880202486994,8759.286059,7587,9189,9855161.823068583,1125.1101695994278,ok,PIB_MUNICIPAL_BENCHMARK_USD2017_2021 / POB_RETRO_2021
Beni,Mamoré,San Ramón,San Ramón,1941-11-27,CSL,1941-11-27,-64.5998396405,-13.5080956262,San Ramón,20639528.67971531,8544.736496711384,9486.228459040329,22,2415.466958830018,20649007.762152005,2416.576306372841,0.9995409424730776,0.0355050251817614,8544.736496711384,8265.173904,7490,8541,20639528.67971531,2497.1681078550832,ok,PIB_MUNICIPAL_BENCHMARK_USD2017_2021 / POB_RETRO_2021
La Paz,Ingavi,Tiahuanacu,Tiahuanacu,1909-12-16,CSL,1947-11-22,-68.6957442401,-16.558764066,Tiahuanacu,32523115.216283377,15854.908631552722,14160.50060823,4,2051.2962876089614,33113550.83660189,2088.536213365676,0.9821693655497108,0.2591222906876548,15854.908631552722,13267.643074,12189,13648,32523115.216283377,2451.3106837527093,ok,PIB_MUNICIPAL_BENCHMARK_USD2017_2021 / POB_RETRO_2021
La Paz,Camacho,Puerto Acosta,Puerto Acosta,1908-11-05,CSL,1911-11-06,-69.2157605457,-15.5552067748,Puerto Acosta,23991143.42489868,12185.426669446531,13806.074976182135,4,1968.8390136599437,24426686.74711827,2004.5819822103724,0.9821693655497108,0.2591222906876548,12185.426669446531,13275.429538,11290,14012,23991143.42489868,1807.1839676152526,ok,PIB_MUNICIPAL_BENCHMARK_USD2017_2021 / POB_RETRO_2021
La Paz,Camacho,Escoma,Escoma,1908-11-05,4004,2009-02-06,-69.149201541,-15.6381791962,Escoma,13484439.697900796,6806.273483478907,8645.442933780414,1,1981.1780603045152,13729240.771375192,2017.1450360760016,0.9821693655497108,0.2591222906876548,6806.273483478907,8391.709562,7186,8837,13484439.697900796,1606.876357954282,ok,PIB_MUNICIPAL_BENCHMARK_USD2017_2021 / POB_RETRO_2021
La Paz,Pacajes,Charaña,Charaña,1856-03-29,822,1986-04-03,-69.1570011481,-17.6567935762,Charaña,21354276.67452826,10139.145878359075,2446.453970139075,9,2106.1218499781808,21741949.42699773,2144.357097514851,0.9821693655497108,0.2591222906876548,10139.145878359075,3952.743589,3246,4221,21354276.67452826,5402.393601331792,ok,PIB_MUNICIPAL_BENCHMARK_USD2017_2021 / POB_RETRO_2021
La Paz,Omasuyos,Achacachi,Achacachi,1863-09-07,MDS,1863-09-07,-68.663412349,-16.0167656657,Achacachi,88615028.09423363,44450.98554756375,53247.22661672954,6,1993.5447325327168,90223775.24943128,2029.7362170494373,0.9821693655497108,0.2591222906876548,44450.98554756375,46954.355079,46058,47257,88615028.09423363,1887.2589761856764,ok,PIB_MUNICIPAL_BENCHMARK_USD2017_2021 / POB_RETRO_2021
La Paz,Ingavi,Taraco,Taraco,1909-12-16,2488,2003-07-16,-68.8534890965,-16.4623270628,Taraco,9867456.171269571,5015.549499518713,7525.497686613633,2,1967.372901457048,10046593.303942902,2003.089253711276,0.9821693655497108,0.2591222906876548,5015.549499518713,7293.967665,6603,7540,9867456.171269571,1352.8242273753049,ok,PIB_MUNICIPAL_BENCHMARK_USD2017_2021 / POB_RETRO_2021
La Paz,Ingavi,La (Marka) San Andrés de Machaca,La (Marka) San Andrés de Machaca,1909-12-16,2350,2002-05-07,-69.0431993781,-16.9005107378,San Andrés de Machaca,22396482.62037918,12421.742359704367,7109.743482474063,7,1803.0065325644223,22803075.93165877,1835.7389222329248,0.9821693655497108,0.2591222906876548,12421.742359704367,7444.434552,6145,7936,22396482.62037918,3008.486737765524,ok,PIB_MUNICIPAL_BENCHMARK_USD2017_2021 / POB_RETRO_2021
Oruro,Abaroa,Challapata,Challapata,1903-10-16,CSL,1903-10-16,-66.5526443125,-18.8905715809,Challapata,49918934.25358986,24682.38089807253,21651.51761537997,11,2022.452147535252,55067270.49910943,2231.035600921696,0.9065082362198644,0.0392454706498095,24682.38089807253,33673.855686,28918,35427,49918934.25358986,1482.4240716150614,ok,PIB_MUNICIPAL_BENCHMARK_USD2017_2021 / POB_RETRO_2021
Oruro,Litoral,Escara,Escara,1960-09-06,248,1963-09-26,-68.1593245707,-18.6944143953,Escara,10877307.975521415,5169.665645176315,3295.606178285234,7,2104.0641159589804,11999127.5764683,2321.064532996324,0.9065082362198644,0.0392454706498095,5169.665645176315,4228.99858,4223,4231,10877307.975521415,2572.0765256616023,ok,PIB_MUNICIPAL_BENCHMARK_USD2017_2021 / POB_RETRO_2021
Oruro,San Pedro de Totora,Totora,Totora,1980-05-09,519,1980-05-09,-68.1799471061,-17.8548895992,San Pedro de Totora,8574271.714502133,4816.84548278404,4153.423231607725,8,1780.0595317303755,9458570.117638215,1963.644080227244,0.9065082362198644,0.0392454706498095,4816.84548278404,6341.321583,5531,6637,8574271.714502133,1352.1269346859951,ok,PIB_MUNICIPAL_BENCHMARK_USD2017_2021 / POB_RETRO_2021
Oruro,Sajama,Turco,Turco,1951-07-25,CSL,1957-02-20,-68.5291663211,-18.3367663097,Turco,11227012.3795188,5723.16348452519,3408.9490608171764,13,1961.6794819640252,12384898.372612031,2163.995211057564,0.9065082362198644,0.0392454706498095,5723.16348452519,5647.891205,5207,5803,11227012.3795188,1987.823768522556,ok,PIB_MUNICIPAL_BENCHMARK_USD2017_2021 / POB_RETRO_2021
Oruro,Sabaya,Coipasa,Coipasa,2001-12-20,115,1968-10-18,-68.3127901301,-19.3277591218,Coipasa,1902984.8707989813,832.5974947378335,673.6269180341624,3,2285.6000442304826,2099247.1935328688,2521.322976348704,0.9065082362198644,0.0392454706498095,832.5974947378335,1258.667238,903,1406,1902984.8707989813,1511.9046664016864,ok,PIB_MUNICIPAL_BENCHMARK_USD2017_2021 / POB_RETRO_2021
Oruro,Sabaya,Chipaya,Chipaya,2001-12-20,560,1983-09-16,-68.0477092278,-19.0625823033,Chipaya,3585445.798957634,1452.9815429939113,1530.3079124650394,4,2467.6471743541333,3955226.941907255,2722.145343813104,0.9065082362198644,0.0392454706498095,1452.9815429939113,2261.587634,2003,2355,3585445.798957634,1585.3667327929113,ok,PIB_MUNICIPAL_BENCHMARK_USD2017_2021 / POB_RETRO_2021
Potosí,Rafael Bustillo,Chayanta,Chayanta,2009-06-17,ML,1908-10-08,-66.3508319657,-18.4143561553,Chayanta,51486972.9865657,25585.26707207089,30442.86435339228,6,2012.3680101338225,49967266.104510985,1952.970276360949,1.0304140490471525,0.0627775447835225,25585.26707207089,16047.932013,16129,16021,51486972.9865657,3208.324471020645,ok,PIB_MUNICIPAL_BENCHMARK_USD2017_2021 / POB_RETRO_2021
Oruro,Ladislao Cabrera,Salinas de Garcí Mendoza,Salinas de Garcí Mendoza,1941-10-13,CSL,1941-10-13,-67.6141140058,-19.4366831239,Salinas de Garcí Mendoza,27753570.38243838,13948.807557439592,9306.918653001834,17,1989.673330007053,30615905.375742257,2194.8761748751253,0.9065082362198644,0.0392454706498095,13948.807557439592,14805.716862,11878,15934,27753570.38243838,1874.5171640043338,ok,PIB_MUNICIPAL_BENCHMARK_USD2017_2021 / POB_RETRO_2021
Potosí,Sur Chichas,Atocha,Atocha,1863-08-26,246,1963-09-21,-66.1698748052,-21.0703456899,Atocha,28323578.074097514,9067.773660002713,22087.97152213275,8,3123.542683804598,27487569.778662253,3031.347143114954,1.0304140490471525,0.0627775447835225,9067.773660002713,9992.545757,11234,9610,28323578.074097514,2834.4706906353836,ok,PIB_MUNICIPAL_BENCHMARK_USD2017_2021 / POB_RETRO_2021
Potosí,Nor Lipez,San Pedro de Quemes,Villa San Pedro de Quemes,1885-12-04,CSL,1949-12-26,-68.1730845141,-21.0003905153,San Pedro de Quemes,5247639.675033432,1797.4970299687473,2024.679943825584,14,2919.414935069279,5092748.570233534,2833.2444979461693,1.0304140490471525,0.0627775447835225,1797.4970299687473,1457.685143,1060,1621,5247639.675033432,3599.9815869234963,ok,PIB_MUNICIPAL_BENCHMARK_USD2017_2021 / POB_RETRO_2021
Santa Cruz,Ñuflo De Chávez,San Julián,San Julián,1915-09-16,1091,1989-02-21,-62.8149725867,-16.7920113423,San Julián,140570103.09848574,55440.06814391947,64346.853503129794,14,2535.5326536319044,135665144.37636155,2447.0594809548584,1.0361548925825552,0.3110055708407956,55440.06814391947,45523.041128,47416,44909,140570103.09848574,3087.8891132052295,ok,PIB_MUNICIPAL_BENCHMARK_USD2017_2021 / POB_RETRO_2021
Santa Cruz,Guarayos,El Puente,El Puente,1990-03-06,1143,1990-03-06,-63.4854561555,-16.1467481462,El Puente,52280689.925349854,19320.727284570745,23860.902499378164,23,2705.937988530093,50456442.660849005,2611.5188066001424,1.0361548925825552,0.3110055708407956,19320.727284570745,9951.01912,11354,9523,52280689.925349854,5253.802579643549,ok,PIB_MUNICIPAL_BENCHMARK_USD2017_2021 / POB_RETRO_2021
Santa Cruz,Manuel María Caballero,Comarapa,Comarapa,1960-11-04,23,1960-11-04,-64.4320328356,-17.8023865045,Comarapa,52075438.941310346,25384.55193605636,16802.169748869637,12,2051.4618131723687,50258353.56672917,1979.87948313328,1.0361548925825552,0.3110055708407956,25384.55193605636,16866.71788,15919,17195,52075438.941310346,3087.4672423322854,ok,PIB_MUNICIPAL_BENCHMARK_USD2017_2021 / POB_RETRO_2021
Tarija,Arce,Bermejo,Bermejo,1894-11-08,CSL,1956-12-07,-64.3293290077,-22.6731242026,Bermejo,128508447.15234996,36416.775239177216,38405.28491871338,3,3528.825556583066,88663934.75569001,2434.7003317390177,1.4493880460691253,0.0641616532053175,36416.775239177216,36337.713451,34505,36970,128508447.15234996,3536.503399622916,ok,PIB_MUNICIPAL_BENCHMARK_USD2017_2021 / POB_RETRO_2021
Chuquisaca,Nor Cinti,Villa Charcas,Villa Charcas,1984-10-03,4127,2009-12-04,-64.8206980432,-20.5720638766,Villa Charcas,25098582.142644737,11708.60895679085,8981.130016584895,6,2143.600681794729,22970624.64424024,1961.85770051852,1.092638207770204,0.0450991724414834,11708.60895679085,14727.699122,16150,14282,25098582.142644737,1704.1753728302533,ok,PIB_MUNICIPAL_BENCHMARK_USD2017_2021 / POB_RETRO_2021
Tarija,O'Connor,Entre Ríos,Entre Ríos,1906-12-03,ML,1906-12-03,-64.065871229,-21.3979940037,Entre Rios (La Moreta),88749829.4572629,24899.34711788497,25993.661720139804,15,3564.343636685748,61232621.379733786,2459.205901657998,1.4493880460691253,0.0641616532053175,24899.34711788497,21140.216233,21991,20864,88749829.4572629,4198.151451255791,ok,PIB_MUNICIPAL_BENCHMARK_USD2017_2021 / POB_RETRO_2021
Potosí,Rafael Bustillo,Uncía,Uncía,2009-06-17,ML,1906-11-29,-66.5314119124,-18.5884257795,Uncía,52022345.97539432,19936.768213575804,15235.89256709563,6,2609.367045756697,50486836.84340346,2532.3480868391093,1.0304140490471525,0.0627775447835225,19936.768213575804,22578.651001,22020,22768,52022345.97539432,2304.050227521572,ok,PIB_MUNICIPAL_BENCHMARK_USD2017_2021 / POB_RETRO_2021
La Paz,Murillo,Mecapaca,Mecapaca,1912-10-17,ML,1947-10-24,-67.9761530546,-16.7185819609,Mecapaca,47084689.9376072,11701.41970781905,15339.27996920333,4,4023.844209788028,47939481.30448392,4096.894436873339,0.9821693655497108,0.2591222906876548,11701.41970781905,19180.235158,15834,20446,47084689.9376072,2454.854674666275,ok,PIB_MUNICIPAL_BENCHMARK_USD2017_2021 / POB_RETRO_2021
Cochabamba,Campero,Pasorapa,Pasorapa,1899-07-08,ML,1926-10-28,-64.6010807005,-18.3924467224,Pasorapa,21257849.822021592,10740.727138859686,6846.516478424746,9,1979.1816277606767,24710836.58326897,2300.6670092070185,0.860264271117988,0.1718551800718803,10740.727138859686,6567.498957,6853,6475,21257849.822021592,3236.8257626857126,ok,PIB_MUNICIPAL_BENCHMARK_USD2017_2021 / POB_RETRO_2021
Potosí,Modesto Omiste,Villazón,Villazón,1958-09-18,CSL,1958-09-18,-65.6419205895,-21.9132015422,Villazón,175763144.85318,66618.52578904263,49551.79853430684,12,2638.352361770356,170575260.51368594,2560.4778624768373,1.0304140490471525,0.0627775447835225,66618.52578904263,48192.05567,44906,49340,175763144.85318,3647.139396910977,ok,PIB_MUNICIPAL_BENCHMARK_USD2017_2021 / POB_RETRO_2021
Tarija,Arce,Padcaya,Padcaya,1894-11-08,CSL,1890-11-08,-64.5294031976,-22.1338099233,Padcaya,61107728.20339739,21064.155134711207,20734.1130362939,14,2901.0291565266325,42161054.36299631,2001.5544935633304,1.4493880460691253,0.0641616532053175,21064.155134711207,18029.179603,18681,17817,61107728.20339739,3389.3793033471457,ok,PIB_MUNICIPAL_BENCHMARK_USD2017_2021 / POB_RETRO_2021
La Paz,Bautista Saavedra,Charazani,Villa General Juan José Pérez,1948-11-17,CSL,1948-11-17,-68.7736811691,-15.0965242652,Charazani,29793141.977180146,15093.593326573477,14864.401484772769,8,1973.8932494442483,30334016.74109964,2009.727974298485,0.9821693655497108,0.2591222906876548,15093.593326573477,15028.198292,13023,15763,29793141.977180146,1982.4826235146447,ok,PIB_MUNICIPAL_BENCHMARK_USD2017_2021 / POB_RETRO_2021
Cochabamba,Mizque,Mizque,Mizque,1876-06-24,MDS,1876-06-24,-65.4264652347,-17.9795143589,Mizque,51528427.1012637,28127.56715131931,24249.217985578063,6,1831.9546380976924,59898369.409551375,2129.525425619396,0.860264271117988,0.1718551800718803,28127.56715131931,27685.204494,26900,27952,51528427.1012637,1861.2261691177166,ok,PIB_MUNICIPAL_BENCHMARK_USD2017_2021 / POB_RETRO_2021
Santa Cruz,Vallegrande,Postrervalle,Postrervalle,1984-10-18,658,1984-10-18,-63.7631777003,-18.6250769658,Postrervalle,6013086.927664407,2863.7243884556733,3095.342163964495,6,2099.7435898176977,5803270.312874883,2026.4765479070509,1.0361548925825552,0.3110055708407956,2863.7243884556733,1937.036413,2390,1806,6013086.927664407,3104.2714986433703,ok,PIB_MUNICIPAL_BENCHMARK_USD2017_2021 / POB_RETRO_2021
Santa Cruz,Cordillera,Cabezas,Cabezas,1894-09-06,CSL,1906-11-28,-63.2684722906,-18.4638933191,Cabezas,83357490.0391248,31636.073928023976,36832.94923356816,14,2634.8873197342223,80448869.79335797,2542.947332099084,1.0361548925825552,0.3110055708407956,31636.073928023976,31191.840818,26434,32961,83357490.0391248,2672.413293120363,ok,PIB_MUNICIPAL_BENCHMARK_USD2017_2021 / POB_RETRO_2021
Santa Cruz,Velasco,San Miguel,San Miguel,1880-10-12,CSL,1927-10-27,-61.2723847203,-16.8429988472,San Miguel de Velasco,33501061.0671114,11377.00797998108,15848.016317993955,25,2944.628423049336,32332097.55311001,2841.880537484142,1.0361548925825552,0.3110055708407956,11377.00797998108,14149.662363,11327,15239,33501061.0671114,2367.622647633931,ok,PIB_MUNICIPAL_BENCHMARK_USD2017_2021 / POB_RETRO_2021
Santa Cruz,Velasco,San Rafael,San Rafael,1880-10-12,1531,1994-02-07,-60.1409580351,-16.8154966164,San Rafael,14634086.391123949,4607.336405352345,8503.67055739378,23,3176.2574085372894,14123454.41389496,3065.427216794445,1.0361548925825552,0.3110055708407956,4607.336405352345,8071.184802,6139,8842,14634086.391123949,1813.1274093528261,ok,PIB_MUNICIPAL_BENCHMARK_USD2017_2021 / POB_RETRO_2021
Cochabamba,Mizque,TIOC Raqaypampa,Raqaypampa,,,,0.0,0.0,Raqaypampa,6664154.944430048,3378.7656047439377,3993.697400272431,4,1972.363793177389,7746636.897716792,2292.741729950183,0.860264271117988,0.1718551800718803,3378.7656047439377,7787.912275,7036,8056,6664154.944430048,855.7049321288839,ok,PIB_MUNICIPAL_BENCHMARK_USD2017_2021 / POB_RETRO_2021
